dataset,framework,arch,n_trees,max_depth,horizon,method,n_obs,iters,median_us,p5_us,p95_us
expedia,lightgbm,arm,1000,16,,treewalker_fullwalk,10000,11,3078.894000,2946.438000,3128.364000
expedia,lightgbm,arm,1000,16,,treewalker,10000,11,1210.686000,1176.355000,1303.259000
expedia,lightgbm,arm,1000,16,,lleaves,10000,11,3476.306000,3375.656000,4137.358000
expedia,lightgbm,arm,1000,16,,tl2cgen,10000,11,11406.179000,10928.891000,12057.818000
expedia,lightgbm,arm,1000,16,,lightgbm_native,10000,11,10637.707000,10264.150000,10788.720000
expedia,xgboost,arm,1000,16,,treewalker_fullwalk,10000,11,3170.901000,3073.962000,3358.187000
expedia,xgboost,arm,1000,16,,treewalker,10000,11,1062.225000,1045.274000,1091.955000
expedia,xgboost,arm,1000,16,,tl2cgen,10000,11,9043.477000,8641.909000,9184.933000
expedia,xgboost,arm,1000,16,,xgboost_native,10000,11,211.150000,208.841000,215.317000
expedia,lightgbm,arm,1000,2,,treewalker_fullwalk,10000,11,89.862000,86.354000,92.430000
expedia,lightgbm,arm,1000,2,,treewalker,10000,11,36.648000,35.465000,37.609000
expedia,lightgbm,arm,1000,2,,lleaves,10000,11,120.164000,112.550000,121.196000
expedia,lightgbm,arm,1000,2,,tl2cgen,10000,11,156.667000,149.566000,161.101000
expedia,lightgbm,arm,1000,2,,lightgbm_native,10000,11,378.041000,364.158000,391.162000
expedia,lightgbm,arm,1000,2,,quickscorer,10000,11,17.630000,17.037000,18.508000
expedia,xgboost,arm,1000,2,,treewalker_fullwalk,10000,14,118.695000,112.267000,120.596000
expedia,xgboost,arm,1000,2,,treewalker,10000,14,44.892000,43.426000,45.594000
expedia,xgboost,arm,1000,2,,tl2cgen,10000,14,144.623000,136.257000,146.675000
expedia,xgboost,arm,1000,2,,xgboost_native,10000,14,211.281000,209.053000,212.103000
expedia,lightgbm,arm,1000,4,,treewalker_fullwalk,10000,11,279.838000,272.191000,289.009000
expedia,lightgbm,arm,1000,4,,treewalker,10000,11,81.009000,80.622000,82.495000
expedia,lightgbm,arm,1000,4,,lleaves,10000,11,167.821000,160.872000,172.270000
expedia,lightgbm,arm,1000,4,,tl2cgen,10000,11,392.371000,374.181000,402.220000
expedia,lightgbm,arm,1000,4,,lightgbm_native,10000,11,696.034000,667.344000,718.690000
expedia,lightgbm,arm,1000,4,,quickscorer,10000,11,98.140000,95.087000,103.073000
expedia,xgboost,arm,1000,4,,treewalker_fullwalk,10000,11,298.526000,289.439000,306.058000
expedia,xgboost,arm,1000,4,,treewalker,10000,11,85.544000,84.777000,86.754000
expedia,xgboost,arm,1000,4,,tl2cgen,10000,11,265.589000,254.907000,271.675000
expedia,xgboost,arm,1000,4,,xgboost_native,10000,11,210.569000,209.097000,212.584000
expedia,lightgbm,arm,1000,8,,treewalker_fullwalk,10000,11,774.845000,750.009000,799.518000
expedia,lightgbm,arm,1000,8,,treewalker,10000,11,206.760000,204.426000,210.854000
expedia,lightgbm,arm,1000,8,,lleaves,10000,11,476.519000,468.077000,490.260000
expedia,lightgbm,arm,1000,8,,tl2cgen,10000,11,2100.323000,2014.474000,2141.743000
expedia,lightgbm,arm,1000,8,,lightgbm_native,10000,11,2463.397000,2377.407000,2544.041000
expedia,xgboost,arm,1000,8,,treewalker_fullwalk,10000,11,866.762000,843.015000,891.652000
expedia,xgboost,arm,1000,8,,treewalker,10000,11,226.144000,223.850000,229.641000
expedia,xgboost,arm,1000,8,,tl2cgen,10000,11,841.781000,808.432000,857.393000
expedia,xgboost,arm,1000,8,,xgboost_native,10000,11,210.083000,209.274000,213.951000
expedia,lightgbm,arm,2000,16,,treewalker_fullwalk,10000,11,6111.240000,5958.737000,6370.226000
expedia,lightgbm,arm,2000,16,,treewalker,10000,11,2448.485000,2360.786000,2706.691000
expedia,lightgbm,arm,2000,16,,lleaves,10000,11,8070.326000,7631.167000,8474.602000
expedia,lightgbm,arm,2000,16,,tl2cgen,10000,11,27121.065000,25733.139000,28048.087000
expedia,lightgbm,arm,2000,16,,lightgbm_native,10000,11,22685.527000,21792.867000,24921.037000
expedia,xgboost,arm,2000,16,,treewalker_fullwalk,10000,11,6141.186000,5930.212000,6309.741000
expedia,xgboost,arm,2000,16,,treewalker,10000,11,1886.393000,1796.627000,2060.128000
expedia,xgboost,arm,2000,16,,tl2cgen,10000,11,18064.848000,17286.056000,18368.405000
expedia,xgboost,arm,2000,16,,xgboost_native,10000,11,211.774000,209.589000,214.952000
expedia,lightgbm,arm,2000,2,,treewalker_fullwalk,10000,21,162.272000,151.648000,166.529000
expedia,lightgbm,arm,2000,2,,treewalker,10000,21,63.585000,60.147000,65.414000
expedia,lightgbm,arm,2000,2,,lleaves,10000,21,234.870000,219.772000,239.111000
expedia,lightgbm,arm,2000,2,,tl2cgen,10000,21,396.095000,373.682000,407.256000
expedia,lightgbm,arm,2000,2,,lightgbm_native,10000,21,808.460000,760.741000,834.503000
expedia,lightgbm,arm,2000,2,,quickscorer,10000,21,33.053000,31.030000,34.566000
expedia,xgboost,arm,2000,2,,treewalker_fullwalk,10000,21,234.117000,215.613000,239.429000
expedia,xgboost,arm,2000,2,,treewalker,10000,21,76.666000,73.061000,78.855000
expedia,xgboost,arm,2000,2,,tl2cgen,10000,21,318.358000,293.756000,326.936000
expedia,xgboost,arm,2000,2,,xgboost_native,10000,21,210.959000,209.013000,213.182000
expedia,lightgbm,arm,2000,4,,treewalker_fullwalk,10000,11,539.098000,521.932000,555.444000
expedia,lightgbm,arm,2000,4,,treewalker,10000,11,141.802000,140.238000,144.183000
expedia,lightgbm,arm,2000,4,,lleaves,10000,11,331.849000,320.322000,342.181000
expedia,lightgbm,arm,2000,4,,tl2cgen,10000,11,1182.380000,1124.110000,1212.574000
expedia,lightgbm,arm,2000,4,,lightgbm_native,10000,11,1580.873000,1522.889000,1629.784000
expedia,lightgbm,arm,2000,4,,quickscorer,10000,11,190.106000,184.605000,199.764000
expedia,xgboost,arm,2000,4,,treewalker_fullwalk,10000,21,592.927000,551.389000,607.643000
expedia,xgboost,arm,2000,4,,treewalker,10000,21,149.177000,145.868000,151.418000
expedia,xgboost,arm,2000,4,,tl2cgen,10000,21,1024.418000,948.669000,1054.504000
expedia,xgboost,arm,2000,4,,xgboost_native,10000,21,210.680000,209.351000,213.402000
expedia,lightgbm,arm,2000,8,,treewalker_fullwalk,10000,11,1572.050000,1524.792000,1646.066000
expedia,lightgbm,arm,2000,8,,treewalker,10000,11,397.089000,393.455000,410.653000
expedia,lightgbm,arm,2000,8,,lleaves,10000,11,940.214000,921.988000,1006.963000
expedia,lightgbm,arm,2000,8,,tl2cgen,10000,11,7587.905000,7247.705000,7842.457000
expedia,lightgbm,arm,2000,8,,lightgbm_native,10000,11,5257.488000,5083.586000,5472.812000
expedia,xgboost,arm,2000,8,,treewalker_fullwalk,10000,11,1773.309000,1697.186000,1891.192000
expedia,xgboost,arm,2000,8,,treewalker,10000,11,420.126000,417.466000,429.425000
expedia,xgboost,arm,2000,8,,tl2cgen,10000,11,13310.476000,12679.938000,13768.190000
expedia,xgboost,arm,2000,8,,xgboost_native,10000,11,211.825000,210.247000,213.915000
expedia,lightgbm,arm,500,16,,treewalker_fullwalk,10000,11,1523.715000,1512.739000,1623.754000
expedia,lightgbm,arm,500,16,,treewalker,10000,11,649.727000,632.494000,737.316000
expedia,lightgbm,arm,500,16,,lleaves,10000,11,1672.215000,1530.802000,1904.959000
expedia,lightgbm,arm,500,16,,tl2cgen,10000,11,5247.023000,5011.505000,5525.771000
expedia,lightgbm,arm,500,16,,lightgbm_native,10000,11,5424.869000,5293.632000,5847.890000
expedia,xgboost,arm,500,16,,treewalker_fullwalk,10000,11,1623.636000,1556.148000,1720.271000
expedia,xgboost,arm,500,16,,treewalker,10000,11,562.147000,547.175000,640.067000
expedia,xgboost,arm,500,16,,tl2cgen,10000,11,4581.664000,4368.644000,4688.859000
expedia,xgboost,arm,500,16,,xgboost_native,10000,11,210.848000,209.504000,212.568000
expedia,lightgbm,arm,500,2,,treewalker_fullwalk,10000,11,51.997000,49.979000,53.399000
expedia,lightgbm,arm,500,2,,treewalker,10000,11,22.169000,21.669000,22.780000
expedia,lightgbm,arm,500,2,,lleaves,10000,11,58.828000,55.013000,59.197000
expedia,lightgbm,arm,500,2,,tl2cgen,10000,11,59.722000,56.954000,61.416000
expedia,lightgbm,arm,500,2,,lightgbm_native,10000,11,182.365000,175.616000,187.922000
expedia,lightgbm,arm,500,2,,quickscorer,10000,11,10.186000,9.878000,10.739000
expedia,xgboost,arm,500,2,,treewalker_fullwalk,10000,11,59.456000,57.150000,61.283000
expedia,xgboost,arm,500,2,,treewalker,10000,11,27.156000,26.301000,27.549000
expedia,xgboost,arm,500,2,,tl2cgen,10000,11,72.624000,68.050000,73.439000
expedia,xgboost,arm,500,2,,xgboost_native,10000,11,210.891000,209.523000,213.501000
expedia,lightgbm,arm,500,4,,treewalker_fullwalk,10000,11,144.134000,141.363000,147.969000
expedia,lightgbm,arm,500,4,,treewalker,10000,11,47.896000,47.713000,48.564000
expedia,lightgbm,arm,500,4,,lleaves,10000,11,85.228000,82.094000,87.936000
expedia,lightgbm,arm,500,4,,tl2cgen,10000,11,159.633000,151.955000,162.855000
expedia,lightgbm,arm,500,4,,lightgbm_native,10000,11,333.202000,322.151000,342.918000
expedia,lightgbm,arm,500,4,,quickscorer,10000,11,49.785000,48.435000,52.112000
expedia,xgboost,arm,500,4,,treewalker_fullwalk,10000,11,151.827000,147.450000,155.999000
expedia,xgboost,arm,500,4,,treewalker,10000,11,51.152000,50.831000,52.050000
expedia,xgboost,arm,500,4,,tl2cgen,10000,11,99.036000,94.438000,101.802000
expedia,xgboost,arm,500,4,,xgboost_native,10000,11,209.123000,208.057000,215.738000
expedia,lightgbm,arm,500,8,,treewalker_fullwalk,10000,11,380.295000,367.781000,392.626000
expedia,lightgbm,arm,500,8,,treewalker,10000,11,110.735000,110.022000,112.714000
expedia,lightgbm,arm,500,8,,lleaves,10000,11,193.689000,189.985000,197.769000
expedia,lightgbm,arm,500,8,,tl2cgen,10000,11,532.233000,510.855000,540.114000
expedia,lightgbm,arm,500,8,,lightgbm_native,10000,11,971.206000,940.843000,994.308000
expedia,xgboost,arm,500,8,,treewalker_fullwalk,10000,11,425.599000,413.022000,437.245000
expedia,xgboost,arm,500,8,,treewalker,10000,11,122.898000,121.922000,124.501000
expedia,xgboost,arm,500,8,,tl2cgen,10000,11,192.553000,182.400000,195.378000
expedia,xgboost,arm,500,8,,xgboost_native,10000,11,209.836000,208.443000,213.217000
expedia,lightgbm,arm,50,16,,treewalker_fullwalk,10000,14,154.931000,150.048000,157.089000
expedia,lightgbm,arm,50,16,,treewalker,10000,14,104.062000,99.314000,106.330000
expedia,lightgbm,arm,50,16,,lleaves,10000,14,188.563000,181.463000,193.178000
expedia,lightgbm,arm,50,16,,tl2cgen,10000,14,269.699000,257.007000,275.839000
expedia,lightgbm,arm,50,16,,lightgbm_native,10000,14,378.430000,363.052000,389.683000
expedia,xgboost,arm,50,16,,treewalker_fullwalk,10000,11,162.821000,160.009000,165.819000
expedia,xgboost,arm,50,16,,treewalker,10000,11,97.364000,94.364000,98.826000
expedia,xgboost,arm,50,16,,tl2cgen,10000,11,17.208000,16.507000,17.807000
expedia,xgboost,arm,50,16,,xgboost_native,10000,11,209.570000,208.471000,210.639000
expedia,lightgbm,arm,50,2,,treewalker_fullwalk,10000,11,7.468000,7.344000,7.640000
expedia,lightgbm,arm,50,2,,treewalker,10000,11,4.044000,3.983000,4.150000
expedia,lightgbm,arm,50,2,,lleaves,10000,11,5.857000,5.568000,5.998000
expedia,lightgbm,arm,50,2,,tl2cgen,10000,11,4.441000,4.239000,4.539000
expedia,lightgbm,arm,50,2,,lightgbm_native,10000,11,14.949000,14.466000,15.184000
expedia,lightgbm,arm,50,2,,quickscorer,10000,11,1.983000,1.903000,2.020000
expedia,xgboost,arm,50,2,,treewalker_fullwalk,10000,11,6.620000,6.527000,6.776000
expedia,xgboost,arm,50,2,,treewalker,10000,11,4.849000,4.719000,4.921000
expedia,xgboost,arm,50,2,,tl2cgen,10000,11,7.951000,7.393000,7.976000
expedia,xgboost,arm,50,2,,xgboost_native,10000,11,211.325000,209.401000,212.457000
expedia,lightgbm,arm,50,4,,treewalker_fullwalk,10000,11,16.059000,15.804000,16.412000
expedia,lightgbm,arm,50,4,,treewalker,10000,11,9.903000,9.783000,10.062000
expedia,lightgbm,arm,50,4,,lleaves,10000,11,7.274000,6.961000,7.366000
expedia,lightgbm,arm,50,4,,tl2cgen,10000,11,7.202000,6.921000,7.290000
expedia,lightgbm,arm,50,4,,lightgbm_native,10000,11,26.333000,25.422000,26.824000
expedia,lightgbm,arm,50,4,,quickscorer,10000,11,7.322000,7.159000,7.608000
expedia,xgboost,arm,50,4,,treewalker_fullwalk,10000,12,16.704000,16.304000,16.827000
expedia,xgboost,arm,50,4,,treewalker,10000,12,10.942000,10.675000,11.109000
expedia,xgboost,arm,50,4,,tl2cgen,10000,12,8.044000,7.470000,8.062000
expedia,xgboost,arm,50,4,,xgboost_native,10000,12,209.922000,209.198000,211.114000
expedia,lightgbm,arm,50,8,,treewalker_fullwalk,10000,11,39.165000,38.294000,40.014000
expedia,lightgbm,arm,50,8,,treewalker,10000,11,27.567000,27.082000,28.156000
expedia,lightgbm,arm,50,8,,lleaves,10000,11,20.351000,20.207000,21.034000
expedia,lightgbm,arm,50,8,,tl2cgen,10000,11,33.943000,33.606000,34.719000
expedia,lightgbm,arm,50,8,,lightgbm_native,10000,11,61.208000,59.831000,62.541000
expedia,xgboost,arm,50,8,,treewalker_fullwalk,10000,11,43.916000,43.412000,44.791000
expedia,xgboost,arm,50,8,,treewalker,10000,11,28.694000,28.275000,29.288000
expedia,xgboost,arm,50,8,,tl2cgen,10000,11,11.343000,10.888000,11.639000
expedia,xgboost,arm,50,8,,xgboost_native,10000,11,210.218000,209.425000,213.008000
flchain,lightgbm,arm,1000,16,1,treewalker_fullwalk,1304,21,100.684000,96.907000,102.489000
flchain,lightgbm,arm,1000,16,1,treewalker,1304,21,51.586000,49.544000,55.789000
flchain,lightgbm,arm,1000,16,1,lleaves,1304,21,93.550000,84.435000,106.315000
flchain,lightgbm,arm,1000,16,1,tl2cgen,1304,21,187.707000,136.524000,196.147000
flchain,lightgbm,arm,1000,16,1,lightgbm_native,1304,21,129.715000,118.485000,131.635000
flchain,xgboost,arm,1000,16,1,treewalker_fullwalk,1304,21,110.788000,94.457000,114.191000
flchain,xgboost,arm,1000,16,1,treewalker,1304,21,54.217000,51.953000,56.971000
flchain,xgboost,arm,1000,16,1,tl2cgen,1304,21,25.929000,18.590000,27.120000
flchain,xgboost,arm,1000,16,1,xgboost_native,1304,21,223.689000,217.406000,227.028000
flchain,lightgbm,arm,1000,16,128,treewalker_fullwalk,1304,11,9778.625000,9673.822000,9965.968000
flchain,lightgbm,arm,1000,16,128,treewalker,1304,11,865.344000,830.006000,915.347000
flchain,lightgbm,arm,1000,16,128,lleaves,1304,11,2357.138000,2181.899000,2799.081000
flchain,lightgbm,arm,1000,16,128,tl2cgen,1304,11,33676.939000,32263.595000,35929.196000
flchain,lightgbm,arm,1000,16,128,lightgbm_native,1304,11,19922.018000,19007.021000,21096.079000
flchain,xgboost,arm,1000,16,128,treewalker_fullwalk,1304,21,10173.129000,9777.620000,10421.058000
flchain,xgboost,arm,1000,16,128,treewalker,1304,21,538.100000,505.221000,549.646000
flchain,xgboost,arm,1000,16,128,tl2cgen,1304,21,2654.387000,2560.181000,2810.985000
flchain,xgboost,arm,1000,16,128,xgboost_native,1304,21,226.027000,220.494000,229.662000
flchain,lightgbm,arm,1000,16,16,treewalker_fullwalk,1304,21,1330.978000,1280.847000,1348.507000
flchain,lightgbm,arm,1000,16,16,treewalker,1304,21,279.011000,267.243000,302.091000
flchain,lightgbm,arm,1000,16,16,lleaves,1304,21,585.784000,550.769000,635.265000
flchain,lightgbm,arm,1000,16,16,tl2cgen,1304,21,4374.611000,4056.092000,4525.632000
flchain,lightgbm,arm,1000,16,16,lightgbm_native,1304,21,3011.774000,2812.613000,3077.823000
flchain,xgboost,arm,1000,16,16,treewalker_fullwalk,1304,21,1438.372000,1357.652000,1473.617000
flchain,xgboost,arm,1000,16,16,treewalker,1304,21,234.459000,202.883000,259.024000
flchain,xgboost,arm,1000,16,16,tl2cgen,1304,21,709.375000,653.873000,760.949000
flchain,xgboost,arm,1000,16,16,xgboost_native,1304,21,226.184000,219.725000,227.721000
flchain,lightgbm,arm,1000,16,2,treewalker_fullwalk,1304,21,194.366000,187.377000,199.272000
flchain,lightgbm,arm,1000,16,2,treewalker,1304,21,88.169000,76.802000,101.553000
flchain,lightgbm,arm,1000,16,2,lleaves,1304,21,165.801000,127.172000,208.052000
flchain,lightgbm,arm,1000,16,2,tl2cgen,1304,21,473.761000,416.051000,483.577000
flchain,lightgbm,arm,1000,16,2,lightgbm_native,1304,21,271.618000,262.323000,277.694000
flchain,xgboost,arm,1000,16,2,treewalker_fullwalk,1304,21,225.247000,208.274000,230.776000
flchain,xgboost,arm,1000,16,2,treewalker,1304,21,98.449000,81.076000,113.461000
flchain,xgboost,arm,1000,16,2,tl2cgen,1304,21,118.584000,92.833000,128.104000
flchain,xgboost,arm,1000,16,2,xgboost_native,1304,21,226.344000,221.601000,229.481000
flchain,lightgbm,arm,1000,16,32,treewalker_fullwalk,1304,15,2644.791000,2592.509000,2680.195000
flchain,lightgbm,arm,1000,16,32,treewalker,1304,15,412.134000,382.871000,435.127000
flchain,lightgbm,arm,1000,16,32,lleaves,1304,15,986.281000,902.747000,1094.048000
flchain,lightgbm,arm,1000,16,32,tl2cgen,1304,15,8845.394000,8207.258000,9174.288000
flchain,lightgbm,arm,1000,16,32,lightgbm_native,1304,15,5961.132000,5749.783000,6311.570000
flchain,xgboost,arm,1000,16,32,treewalker_fullwalk,1304,21,2728.017000,2594.279000,2828.573000
flchain,xgboost,arm,1000,16,32,treewalker,1304,21,286.911000,254.484000,318.519000
flchain,xgboost,arm,1000,16,32,tl2cgen,1304,21,1112.905000,1005.049000,1185.313000
flchain,xgboost,arm,1000,16,32,xgboost_native,1304,21,225.617000,217.483000,228.248000
flchain,lightgbm,arm,1000,16,4,treewalker_fullwalk,1304,21,374.521000,362.386000,383.460000
flchain,lightgbm,arm,1000,16,4,treewalker,1304,21,137.071000,131.886000,147.191000
flchain,lightgbm,arm,1000,16,4,lleaves,1304,21,262.268000,242.382000,303.930000
flchain,lightgbm,arm,1000,16,4,tl2cgen,1304,21,1049.988000,980.791000,1089.897000
flchain,lightgbm,arm,1000,16,4,lightgbm_native,1304,21,597.711000,579.359000,608.497000
flchain,xgboost,arm,1000,16,4,treewalker_fullwalk,1304,21,421.606000,394.864000,429.871000
flchain,xgboost,arm,1000,16,4,treewalker,1304,21,134.826000,115.710000,158.906000
flchain,xgboost,arm,1000,16,4,tl2cgen,1304,21,132.263000,117.836000,148.064000
flchain,xgboost,arm,1000,16,4,xgboost_native,1304,21,226.312000,218.656000,227.892000
flchain,lightgbm,arm,1000,16,64,treewalker_fullwalk,1304,11,5041.833000,5000.043000,5128.437000
flchain,lightgbm,arm,1000,16,64,treewalker,1304,11,596.448000,567.645000,618.676000
flchain,lightgbm,arm,1000,16,64,lleaves,1304,11,1620.330000,1428.210000,1861.155000
flchain,lightgbm,arm,1000,16,64,tl2cgen,1304,11,17780.373000,16674.484000,18960.768000
flchain,lightgbm,arm,1000,16,64,lightgbm_native,1304,11,11499.909000,11039.660000,12007.227000
flchain,xgboost,arm,1000,16,64,treewalker_fullwalk,1304,21,5237.511000,4860.661000,5418.638000
flchain,xgboost,arm,1000,16,64,treewalker,1304,21,369.312000,331.345000,381.755000
flchain,xgboost,arm,1000,16,64,tl2cgen,1304,21,1618.225000,1579.160000,1836.102000
flchain,xgboost,arm,1000,16,64,xgboost_native,1304,21,225.818000,218.140000,229.043000
flchain,lightgbm,arm,1000,16,8,treewalker_fullwalk,1304,21,707.887000,667.570000,720.884000
flchain,lightgbm,arm,1000,16,8,treewalker,1304,21,200.053000,193.411000,216.711000
flchain,lightgbm,arm,1000,16,8,lleaves,1304,21,404.950000,368.325000,440.891000
flchain,lightgbm,arm,1000,16,8,tl2cgen,1304,21,2206.418000,2009.305000,2297.576000
flchain,lightgbm,arm,1000,16,8,lightgbm_native,1304,21,1401.845000,1286.004000,1432.052000
flchain,xgboost,arm,1000,16,8,treewalker_fullwalk,1304,21,777.347000,725.703000,791.042000
flchain,xgboost,arm,1000,16,8,treewalker,1304,21,183.350000,154.703000,209.225000
flchain,xgboost,arm,1000,16,8,tl2cgen,1304,21,340.484000,297.171000,352.638000
flchain,xgboost,arm,1000,16,8,xgboost_native,1304,21,225.638000,218.673000,227.883000
flchain,lightgbm,arm,1000,2,1,treewalker_fullwalk,1304,21,3.733000,3.699000,3.807000
flchain,lightgbm,arm,1000,2,1,treewalker,1304,21,6.203000,6.118000,6.325000
flchain,lightgbm,arm,1000,2,1,lleaves,1304,21,2.541000,2.513000,2.565000
flchain,lightgbm,arm,1000,2,1,tl2cgen,1304,21,5.601000,5.471000,5.820000
flchain,lightgbm,arm,1000,2,1,lightgbm_native,1304,21,16.285000,15.790000,17.011000
flchain,lightgbm,arm,1000,2,1,quickscorer,1304,21,0.704000,0.627000,0.896000
flchain,xgboost,arm,1000,2,1,treewalker_fullwalk,1304,11,5.209000,5.170000,5.245000
flchain,xgboost,arm,1000,2,1,treewalker,1304,11,6.967000,6.782000,7.193000
flchain,xgboost,arm,1000,2,1,tl2cgen,1304,11,5.426000,5.423000,5.427000
flchain,xgboost,arm,1000,2,1,xgboost_native,1304,11,221.960000,216.700000,227.147000
flchain,lightgbm,arm,1000,2,128,treewalker_fullwalk,1304,21,359.546000,357.458000,363.079000
flchain,lightgbm,arm,1000,2,128,treewalker,1304,21,174.977000,174.350000,176.118000
flchain,lightgbm,arm,1000,2,128,lleaves,1304,21,311.564000,311.176000,311.956000
flchain,lightgbm,arm,1000,2,128,tl2cgen,1304,21,526.316000,520.374000,531.987000
flchain,lightgbm,arm,1000,2,128,lightgbm_native,1304,21,1073.245000,1068.091000,1080.839000
flchain,lightgbm,arm,1000,2,128,quickscorer,1304,21,71.644000,64.138000,91.960000
flchain,xgboost,arm,1000,2,128,treewalker_fullwalk,1304,11,570.320000,569.537000,572.012000
flchain,xgboost,arm,1000,2,128,treewalker,1304,11,175.449000,175.230000,176.719000
flchain,xgboost,arm,1000,2,128,tl2cgen,1304,11,691.103000,690.979000,691.453000
flchain,xgboost,arm,1000,2,128,xgboost_native,1304,11,222.960000,219.552000,231.983000
flchain,lightgbm,arm,1000,2,16,treewalker_fullwalk,1304,21,46.666000,46.359000,47.339000
flchain,lightgbm,arm,1000,2,16,treewalker,1304,21,13.776000,13.593000,14.206000
flchain,lightgbm,arm,1000,2,16,lleaves,1304,21,40.421000,40.317000,40.469000
flchain,lightgbm,arm,1000,2,16,tl2cgen,1304,21,73.093000,72.267000,74.563000
flchain,lightgbm,arm,1000,2,16,lightgbm_native,1304,21,158.838000,156.947000,165.278000
flchain,lightgbm,arm,1000,2,16,quickscorer,1304,21,9.453000,8.603000,11.945000
flchain,xgboost,arm,1000,2,16,treewalker_fullwalk,1304,11,72.258000,72.164000,72.367000
flchain,xgboost,arm,1000,2,16,treewalker,1304,11,15.435000,15.241000,16.088000
flchain,xgboost,arm,1000,2,16,tl2cgen,1304,11,86.186000,86.083000,86.220000
flchain,xgboost,arm,1000,2,16,xgboost_native,1304,11,225.411000,220.667000,228.633000
flchain,lightgbm,arm,1000,2,2,treewalker_fullwalk,1304,21,6.750000,6.684000,6.805000
flchain,lightgbm,arm,1000,2,2,treewalker,1304,21,6.743000,6.420000,7.145000
flchain,lightgbm,arm,1000,2,2,lleaves,1304,21,5.289000,5.253000,5.336000
flchain,lightgbm,arm,1000,2,2,tl2cgen,1304,21,11.227000,10.389000,12.092000
flchain,lightgbm,arm,1000,2,2,lightgbm_native,1304,21,27.644000,24.674000,31.262000
flchain,lightgbm,arm,1000,2,2,quickscorer,1304,21,1.201000,1.079000,1.574000
flchain,xgboost,arm,1000,2,2,treewalker_fullwalk,1304,21,9.650000,9.619000,9.682000
flchain,xgboost,arm,1000,2,2,treewalker,1304,21,7.492000,7.203000,8.205000
flchain,xgboost,arm,1000,2,2,tl2cgen,1304,21,10.814000,10.810000,10.820000
flchain,xgboost,arm,1000,2,2,xgboost_native,1304,21,222.053000,217.047000,227.008000
flchain,lightgbm,arm,1000,2,32,treewalker_fullwalk,1304,21,94.371000,93.679000,94.975000
flchain,lightgbm,arm,1000,2,32,treewalker,1304,21,25.222000,24.986000,25.715000
flchain,lightgbm,arm,1000,2,32,lleaves,1304,21,78.997000,78.876000,79.191000
flchain,lightgbm,arm,1000,2,32,tl2cgen,1304,21,143.013000,140.551000,144.431000
flchain,lightgbm,arm,1000,2,32,lightgbm_native,1304,21,290.753000,287.120000,299.537000
flchain,lightgbm,arm,1000,2,32,quickscorer,1304,21,17.739000,15.996000,22.358000
flchain,xgboost,arm,1000,2,32,treewalker_fullwalk,1304,11,145.391000,145.244000,145.948000
flchain,xgboost,arm,1000,2,32,treewalker,1304,11,27.089000,26.612000,28.269000
flchain,xgboost,arm,1000,2,32,tl2cgen,1304,11,172.839000,172.525000,172.957000
flchain,xgboost,arm,1000,2,32,xgboost_native,1304,11,220.731000,218.236000,228.090000
flchain,lightgbm,arm,1000,2,4,treewalker_fullwalk,1304,21,12.930000,12.847000,12.994000
flchain,lightgbm,arm,1000,2,4,treewalker,1304,21,8.002000,7.901000,8.383000
flchain,lightgbm,arm,1000,2,4,lleaves,1304,21,10.611000,10.575000,10.667000
flchain,lightgbm,arm,1000,2,4,tl2cgen,1304,21,21.505000,21.088000,22.956000
flchain,lightgbm,arm,1000,2,4,lightgbm_native,1304,21,48.153000,46.668000,54.537000
flchain,lightgbm,arm,1000,2,4,quickscorer,1304,21,2.337000,2.077000,3.018000
flchain,xgboost,arm,1000,2,4,treewalker_fullwalk,1304,21,18.739000,18.711000,18.812000
flchain,xgboost,arm,1000,2,4,treewalker,1304,21,8.957000,8.636000,9.827000
flchain,xgboost,arm,1000,2,4,tl2cgen,1304,21,21.568000,21.562000,21.578000
flchain,xgboost,arm,1000,2,4,xgboost_native,1304,21,221.137000,217.269000,226.985000
flchain,lightgbm,arm,1000,2,64,treewalker_fullwalk,1304,21,184.668000,183.199000,185.977000
flchain,lightgbm,arm,1000,2,64,treewalker,1304,21,50.465000,50.123000,51.130000
flchain,lightgbm,arm,1000,2,64,lleaves,1304,21,158.376000,158.190000,158.575000
flchain,lightgbm,arm,1000,2,64,tl2cgen,1304,21,280.133000,275.966000,283.437000
flchain,lightgbm,arm,1000,2,64,lightgbm_native,1304,21,548.570000,541.379000,561.860000
flchain,lightgbm,arm,1000,2,64,quickscorer,1304,21,35.654000,32.001000,45.759000
flchain,xgboost,arm,1000,2,64,treewalker_fullwalk,1304,11,285.587000,285.211000,286.471000
flchain,xgboost,arm,1000,2,64,treewalker,1304,11,53.630000,53.222000,54.669000
flchain,xgboost,arm,1000,2,64,tl2cgen,1304,11,346.256000,346.042000,346.570000
flchain,xgboost,arm,1000,2,64,xgboost_native,1304,11,224.943000,221.052000,227.287000
flchain,lightgbm,arm,1000,2,8,treewalker_fullwalk,1304,21,24.141000,23.915000,24.453000
flchain,lightgbm,arm,1000,2,8,treewalker,1304,21,9.845000,9.623000,10.419000
flchain,lightgbm,arm,1000,2,8,lleaves,1304,21,20.914000,20.867000,21.126000
flchain,lightgbm,arm,1000,2,8,tl2cgen,1304,21,38.460000,38.006000,41.111000
flchain,lightgbm,arm,1000,2,8,lightgbm_native,1304,21,86.659000,82.558000,93.601000
flchain,lightgbm,arm,1000,2,8,quickscorer,1304,21,4.685000,4.227000,6.099000
flchain,xgboost,arm,1000,2,8,treewalker_fullwalk,1304,21,36.553000,36.476000,36.661000
flchain,xgboost,arm,1000,2,8,treewalker,1304,21,11.153000,10.665000,12.028000
flchain,xgboost,arm,1000,2,8,tl2cgen,1304,21,43.068000,43.044000,43.087000
flchain,xgboost,arm,1000,2,8,xgboost_native,1304,21,223.708000,218.215000,226.867000
flchain,lightgbm,arm,1000,4,1,treewalker_fullwalk,1304,21,12.520000,12.263000,12.774000
flchain,lightgbm,arm,1000,4,1,treewalker,1304,21,11.718000,11.361000,12.781000
flchain,lightgbm,arm,1000,4,1,lleaves,1304,21,6.559000,6.456000,7.444000
flchain,lightgbm,arm,1000,4,1,tl2cgen,1304,21,14.010000,13.365000,14.774000
flchain,lightgbm,arm,1000,4,1,lightgbm_native,1304,21,27.803000,27.405000,28.493000
flchain,lightgbm,arm,1000,4,1,quickscorer,1304,21,2.900000,2.412000,4.314000
flchain,xgboost,arm,1000,4,1,treewalker_fullwalk,1304,21,13.732000,13.542000,14.158000
flchain,xgboost,arm,1000,4,1,treewalker,1304,21,11.372000,11.069000,12.713000
flchain,xgboost,arm,1000,4,1,tl2cgen,1304,21,10.108000,8.968000,10.225000
flchain,xgboost,arm,1000,4,1,xgboost_native,1304,21,224.675000,217.475000,228.204000
flchain,lightgbm,arm,1000,4,128,treewalker_fullwalk,1304,21,1226.833000,1222.667000,1230.071000
flchain,lightgbm,arm,1000,4,128,treewalker,1304,21,199.208000,198.228000,201.169000
flchain,lightgbm,arm,1000,4,128,lleaves,1304,21,367.222000,366.536000,370.034000
flchain,lightgbm,arm,1000,4,128,tl2cgen,1304,21,1227.193000,1155.632000,1286.133000
flchain,lightgbm,arm,1000,4,128,lightgbm_native,1304,21,1840.884000,1831.378000,1851.295000
flchain,lightgbm,arm,1000,4,128,quickscorer,1304,21,478.309000,431.644000,619.804000
flchain,xgboost,arm,1000,4,128,treewalker_fullwalk,1304,12,1404.098000,1402.259000,1405.177000
flchain,xgboost,arm,1000,4,128,treewalker,1304,12,205.129000,204.250000,206.108000
flchain,xgboost,arm,1000,4,128,tl2cgen,1304,12,1182.506000,1177.344000,1268.439000
flchain,xgboost,arm,1000,4,128,xgboost_native,1304,12,225.103000,221.970000,228.426000
flchain,lightgbm,arm,1000,4,16,treewalker_fullwalk,1304,21,162.635000,162.383000,163.595000
flchain,lightgbm,arm,1000,4,16,treewalker,1304,21,28.402000,27.409000,32.095000
flchain,lightgbm,arm,1000,4,16,lleaves,1304,21,58.639000,57.772000,61.638000
flchain,lightgbm,arm,1000,4,16,tl2cgen,1304,21,189.665000,179.563000,197.235000
flchain,lightgbm,arm,1000,4,16,lightgbm_native,1304,21,295.174000,291.792000,305.459000
flchain,lightgbm,arm,1000,4,16,quickscorer,1304,21,49.532000,43.932000,69.983000
flchain,xgboost,arm,1000,4,16,treewalker_fullwalk,1304,21,181.266000,180.739000,181.701000
flchain,xgboost,arm,1000,4,16,treewalker,1304,21,29.588000,28.310000,30.676000
flchain,xgboost,arm,1000,4,16,tl2cgen,1304,21,150.850000,146.558000,161.281000
flchain,xgboost,arm,1000,4,16,xgboost_native,1304,21,225.839000,218.572000,227.218000
flchain,lightgbm,arm,1000,4,2,treewalker_fullwalk,1304,21,23.203000,22.764000,23.648000
flchain,lightgbm,arm,1000,4,2,treewalker,1304,21,14.252000,13.096000,17.103000
flchain,lightgbm,arm,1000,4,2,lleaves,1304,21,12.444000,11.254000,14.424000
flchain,lightgbm,arm,1000,4,2,tl2cgen,1304,21,30.025000,28.973000,30.525000
flchain,lightgbm,arm,1000,4,2,lightgbm_native,1304,21,49.937000,45.320000,54.625000
flchain,lightgbm,arm,1000,4,2,quickscorer,1304,21,5.661000,4.711000,8.423000
flchain,xgboost,arm,1000,4,2,treewalker_fullwalk,1304,21,25.412000,25.071000,25.881000
flchain,xgboost,arm,1000,4,2,treewalker,1304,21,14.359000,13.649000,17.025000
flchain,xgboost,arm,1000,4,2,tl2cgen,1304,21,20.525000,18.173000,20.789000
flchain,xgboost,arm,1000,4,2,xgboost_native,1304,21,224.828000,219.302000,227.531000
flchain,lightgbm,arm,1000,4,32,treewalker_fullwalk,1304,21,317.496000,316.028000,319.122000
flchain,lightgbm,arm,1000,4,32,treewalker,1304,21,43.234000,42.245000,46.659000
flchain,lightgbm,arm,1000,4,32,lleaves,1304,21,105.365000,104.486000,107.895000
flchain,lightgbm,arm,1000,4,32,tl2cgen,1304,21,362.570000,342.603000,379.674000
flchain,lightgbm,arm,1000,4,32,lightgbm_native,1304,21,530.280000,523.692000,547.072000
flchain,lightgbm,arm,1000,4,32,quickscorer,1304,21,102.967000,91.259000,140.203000
flchain,xgboost,arm,1000,4,32,treewalker_fullwalk,1304,21,358.326000,357.661000,358.896000
flchain,xgboost,arm,1000,4,32,treewalker,1304,21,45.614000,44.835000,47.889000
flchain,xgboost,arm,1000,4,32,tl2cgen,1304,21,300.254000,293.516000,323.241000
flchain,xgboost,arm,1000,4,32,xgboost_native,1304,21,225.192000,219.207000,227.066000
flchain,lightgbm,arm,1000,4,4,treewalker_fullwalk,1304,21,43.731000,43.414000,44.010000
flchain,lightgbm,arm,1000,4,4,treewalker,1304,21,16.212000,15.501000,18.233000
flchain,lightgbm,arm,1000,4,4,lleaves,1304,21,19.552000,19.054000,21.315000
flchain,lightgbm,arm,1000,4,4,tl2cgen,1304,21,54.719000,53.328000,57.079000
flchain,lightgbm,arm,1000,4,4,lightgbm_native,1304,21,83.933000,81.468000,91.628000
flchain,lightgbm,arm,1000,4,4,quickscorer,1304,21,10.667000,9.121000,15.552000
flchain,xgboost,arm,1000,4,4,treewalker_fullwalk,1304,21,48.798000,48.523000,49.093000
flchain,xgboost,arm,1000,4,4,treewalker,1304,21,18.520000,18.077000,20.823000
flchain,xgboost,arm,1000,4,4,tl2cgen,1304,21,39.819000,36.041000,40.736000
flchain,xgboost,arm,1000,4,4,xgboost_native,1304,21,223.511000,218.376000,226.959000
flchain,lightgbm,arm,1000,4,64,treewalker_fullwalk,1304,21,626.137000,624.518000,628.417000
flchain,lightgbm,arm,1000,4,64,treewalker,1304,21,73.560000,72.921000,76.559000
flchain,lightgbm,arm,1000,4,64,lleaves,1304,21,195.553000,194.811000,197.129000
flchain,lightgbm,arm,1000,4,64,tl2cgen,1304,21,664.259000,625.918000,691.182000
flchain,lightgbm,arm,1000,4,64,lightgbm_native,1304,21,995.262000,988.538000,1000.392000
flchain,lightgbm,arm,1000,4,64,quickscorer,1304,21,220.715000,201.542000,292.830000
flchain,xgboost,arm,1000,4,64,treewalker_fullwalk,1304,11,708.598000,708.093000,709.474000
flchain,xgboost,arm,1000,4,64,treewalker,1304,11,73.815000,73.319000,76.504000
flchain,xgboost,arm,1000,4,64,tl2cgen,1304,11,593.814000,592.782000,631.304000
flchain,xgboost,arm,1000,4,64,xgboost_native,1304,11,225.907000,220.602000,229.000000
flchain,lightgbm,arm,1000,4,8,treewalker_fullwalk,1304,21,84.120000,83.612000,84.824000
flchain,lightgbm,arm,1000,4,8,treewalker,1304,21,22.087000,20.782000,26.508000
flchain,lightgbm,arm,1000,4,8,lleaves,1304,21,34.339000,33.331000,38.046000
flchain,lightgbm,arm,1000,4,8,tl2cgen,1304,21,105.141000,101.548000,107.664000
flchain,lightgbm,arm,1000,4,8,lightgbm_native,1304,21,167.888000,161.796000,182.838000
flchain,lightgbm,arm,1000,4,8,quickscorer,1304,21,24.076000,21.103000,34.850000
flchain,xgboost,arm,1000,4,8,treewalker_fullwalk,1304,21,93.013000,92.820000,93.760000
flchain,xgboost,arm,1000,4,8,treewalker,1304,21,22.749000,22.254000,25.895000
flchain,xgboost,arm,1000,4,8,tl2cgen,1304,21,78.847000,74.115000,82.785000
flchain,xgboost,arm,1000,4,8,xgboost_native,1304,21,224.793000,223.308000,227.481000
flchain,lightgbm,arm,1000,8,1,treewalker_fullwalk,1304,21,35.201000,34.653000,37.112000
flchain,lightgbm,arm,1000,8,1,treewalker,1304,21,24.003000,22.659000,27.081000
flchain,lightgbm,arm,1000,8,1,lleaves,1304,21,18.047000,16.555000,22.860000
flchain,lightgbm,arm,1000,8,1,tl2cgen,1304,21,39.925000,34.908000,42.262000
flchain,lightgbm,arm,1000,8,1,lightgbm_native,1304,21,60.175000,58.812000,62.032000
flchain,lightgbm,arm,1000,8,1,quickscorer,1304,21,12.237000,8.691000,19.700000
flchain,xgboost,arm,1000,8,1,treewalker_fullwalk,1304,21,41.375000,40.540000,43.628000
flchain,xgboost,arm,1000,8,1,treewalker,1304,21,25.142000,24.466000,29.244000
flchain,xgboost,arm,1000,8,1,tl2cgen,1304,21,20.569000,16.513000,21.086000
flchain,xgboost,arm,1000,8,1,xgboost_native,1304,21,223.595000,217.724000,226.805000
flchain,lightgbm,arm,1000,8,128,treewalker_fullwalk,1304,20,3500.698000,3495.310000,3509.244000
flchain,lightgbm,arm,1000,8,128,treewalker,1304,20,309.500000,306.565000,322.577000
flchain,lightgbm,arm,1000,8,128,lleaves,1304,20,738.637000,726.018000,769.006000
flchain,lightgbm,arm,1000,8,128,tl2cgen,1304,20,3969.327000,3436.384000,4594.582000
flchain,lightgbm,arm,1000,8,128,lightgbm_native,1304,20,5881.890000,5554.460000,5980.618000
flchain,xgboost,arm,1000,8,128,treewalker_fullwalk,1304,21,3878.248000,3851.294000,3900.273000
flchain,xgboost,arm,1000,8,128,treewalker,1304,21,304.743000,301.886000,307.606000
flchain,xgboost,arm,1000,8,128,tl2cgen,1304,21,2033.293000,1951.848000,2290.740000
flchain,xgboost,arm,1000,8,128,xgboost_native,1304,21,227.303000,223.401000,230.372000
flchain,lightgbm,arm,1000,8,16,treewalker_fullwalk,1304,21,454.147000,449.144000,460.076000
flchain,lightgbm,arm,1000,8,16,treewalker,1304,21,83.113000,79.167000,96.139000
flchain,lightgbm,arm,1000,8,16,lleaves,1304,21,156.704000,137.397000,179.380000
flchain,lightgbm,arm,1000,8,16,tl2cgen,1304,21,654.379000,607.797000,681.841000
flchain,lightgbm,arm,1000,8,16,lightgbm_native,1304,21,1031.236000,993.256000,1072.830000
flchain,xgboost,arm,1000,8,16,treewalker_fullwalk,1304,21,516.145000,513.952000,518.287000
flchain,xgboost,arm,1000,8,16,treewalker,1304,21,88.244000,86.351000,93.946000
flchain,xgboost,arm,1000,8,16,tl2cgen,1304,21,336.412000,294.043000,352.231000
flchain,xgboost,arm,1000,8,16,xgboost_native,1304,21,224.890000,219.758000,227.638000
flchain,lightgbm,arm,1000,8,2,treewalker_fullwalk,1304,21,63.373000,61.412000,66.372000
flchain,lightgbm,arm,1000,8,2,treewalker,1304,21,32.458000,28.678000,40.889000
flchain,lightgbm,arm,1000,8,2,lleaves,1304,21,29.563000,23.760000,38.154000
flchain,lightgbm,arm,1000,8,2,tl2cgen,1304,21,88.484000,83.407000,94.008000
flchain,lightgbm,arm,1000,8,2,lightgbm_native,1304,21,115.415000,108.241000,122.819000
flchain,xgboost,arm,1000,8,2,treewalker_fullwalk,1304,21,77.276000,75.673000,82.187000
flchain,xgboost,arm,1000,8,2,treewalker,1304,21,39.527000,35.961000,49.146000
flchain,xgboost,arm,1000,8,2,tl2cgen,1304,21,59.078000,45.350000,64.825000
flchain,xgboost,arm,1000,8,2,xgboost_native,1304,21,224.910000,220.139000,228.432000
flchain,lightgbm,arm,1000,8,32,treewalker_fullwalk,1304,21,896.878000,894.601000,904.094000
flchain,lightgbm,arm,1000,8,32,treewalker,1304,21,111.845000,109.819000,123.720000
flchain,lightgbm,arm,1000,8,32,lleaves,1304,21,246.635000,230.969000,277.552000
flchain,lightgbm,arm,1000,8,32,tl2cgen,1304,21,1136.870000,1022.891000,1233.705000
flchain,lightgbm,arm,1000,8,32,lightgbm_native,1304,21,2000.228000,1932.589000,2035.748000
flchain,xgboost,arm,1000,8,32,treewalker_fullwalk,1304,21,1008.215000,997.155000,1012.156000
flchain,xgboost,arm,1000,8,32,treewalker,1304,21,126.935000,123.797000,132.553000
flchain,xgboost,arm,1000,8,32,tl2cgen,1304,21,670.506000,601.477000,716.728000
flchain,xgboost,arm,1000,8,32,xgboost_native,1304,21,225.230000,221.032000,228.967000
flchain,lightgbm,arm,1000,8,4,treewalker_fullwalk,1304,21,122.547000,121.189000,125.576000
flchain,lightgbm,arm,1000,8,4,treewalker,1304,21,46.652000,45.037000,55.207000
flchain,lightgbm,arm,1000,8,4,lleaves,1304,21,48.581000,44.171000,59.079000
flchain,lightgbm,arm,1000,8,4,tl2cgen,1304,21,203.304000,190.006000,210.008000
flchain,lightgbm,arm,1000,8,4,lightgbm_native,1304,21,237.923000,233.331000,250.458000
flchain,xgboost,arm,1000,8,4,treewalker_fullwalk,1304,21,141.542000,139.136000,147.522000
flchain,xgboost,arm,1000,8,4,treewalker,1304,21,51.662000,49.520000,66.638000
flchain,xgboost,arm,1000,8,4,tl2cgen,1304,21,98.708000,79.632000,106.192000
flchain,xgboost,arm,1000,8,4,xgboost_native,1304,21,224.839000,221.223000,227.861000
flchain,lightgbm,arm,1000,8,64,treewalker_fullwalk,1304,21,1769.907000,1766.558000,1777.425000
flchain,lightgbm,arm,1000,8,64,treewalker,1304,21,164.035000,160.120000,176.574000
flchain,lightgbm,arm,1000,8,64,lleaves,1304,21,427.832000,414.020000,477.522000
flchain,lightgbm,arm,1000,8,64,tl2cgen,1304,21,2137.382000,1914.868000,2344.325000
flchain,lightgbm,arm,1000,8,64,lightgbm_native,1304,21,3568.535000,3381.574000,3710.254000
flchain,xgboost,arm,1000,8,64,treewalker_fullwalk,1304,21,1968.085000,1942.340000,1973.677000
flchain,xgboost,arm,1000,8,64,treewalker,1304,21,164.634000,159.292000,166.690000
flchain,xgboost,arm,1000,8,64,tl2cgen,1304,21,1134.530000,1047.697000,1222.417000
flchain,xgboost,arm,1000,8,64,xgboost_native,1304,21,225.955000,218.082000,228.228000
flchain,lightgbm,arm,1000,8,8,treewalker_fullwalk,1304,21,235.388000,231.746000,238.309000
flchain,lightgbm,arm,1000,8,8,treewalker,1304,21,63.634000,61.874000,76.979000
flchain,lightgbm,arm,1000,8,8,lleaves,1304,21,93.268000,81.287000,114.466000
flchain,lightgbm,arm,1000,8,8,tl2cgen,1304,21,360.280000,341.071000,373.156000
flchain,lightgbm,arm,1000,8,8,lightgbm_native,1304,21,512.399000,489.459000,531.183000
flchain,xgboost,arm,1000,8,8,treewalker_fullwalk,1304,21,270.203000,267.513000,275.058000
flchain,xgboost,arm,1000,8,8,treewalker,1304,21,72.035000,68.965000,82.762000
flchain,xgboost,arm,1000,8,8,tl2cgen,1304,21,198.689000,172.448000,214.123000
flchain,xgboost,arm,1000,8,8,xgboost_native,1304,21,225.536000,219.640000,227.780000
flchain,lightgbm,arm,2000,16,1,treewalker_fullwalk,1304,21,220.115000,215.992000,226.768000
flchain,lightgbm,arm,2000,16,1,treewalker,1304,21,113.660000,107.225000,122.210000
flchain,lightgbm,arm,2000,16,1,lleaves,1304,21,248.731000,236.671000,271.729000
flchain,lightgbm,arm,2000,16,1,tl2cgen,1304,21,393.220000,336.323000,407.415000
flchain,lightgbm,arm,2000,16,1,lightgbm_native,1304,21,250.777000,230.713000,254.031000
flchain,xgboost,arm,2000,16,1,treewalker_fullwalk,1304,21,235.424000,193.810000,237.194000
flchain,xgboost,arm,2000,16,1,treewalker,1304,21,118.423000,106.485000,119.954000
flchain,xgboost,arm,2000,16,1,tl2cgen,1304,21,210.504000,180.103000,217.028000
flchain,xgboost,arm,2000,16,1,xgboost_native,1304,21,223.728000,220.558000,226.391000
flchain,lightgbm,arm,2000,16,128,treewalker_fullwalk,1304,11,18730.355000,18157.904000,19249.742000
flchain,lightgbm,arm,2000,16,128,treewalker,1304,11,1495.206000,1415.525000,1539.292000
flchain,lightgbm,arm,2000,16,128,lleaves,1304,11,4398.056000,4166.195000,4960.116000
flchain,lightgbm,arm,2000,16,128,tl2cgen,1304,11,66653.844000,65036.762000,68950.460000
flchain,lightgbm,arm,2000,16,128,lightgbm_native,1304,11,44565.391000,42168.372000,46750.179000
flchain,xgboost,arm,2000,16,128,treewalker_fullwalk,1304,11,20172.154000,19636.678000,20727.531000
flchain,xgboost,arm,2000,16,128,treewalker,1304,11,1093.376000,1046.579000,1112.034000
flchain,xgboost,arm,2000,16,128,tl2cgen,1304,11,41073.796000,41017.590000,43701.737000
flchain,xgboost,arm,2000,16,128,xgboost_native,1304,11,227.152000,223.139000,230.044000
flchain,lightgbm,arm,2000,16,16,treewalker_fullwalk,1304,15,2628.339000,2562.625000,2722.933000
flchain,lightgbm,arm,2000,16,16,treewalker,1304,15,515.963000,490.376000,552.108000
flchain,lightgbm,arm,2000,16,16,lleaves,1304,15,1108.935000,1018.248000,1247.847000
flchain,lightgbm,arm,2000,16,16,tl2cgen,1304,15,8588.278000,8395.555000,9060.450000
flchain,lightgbm,arm,2000,16,16,lightgbm_native,1304,15,5797.223000,5528.476000,6235.467000
flchain,xgboost,arm,2000,16,16,treewalker_fullwalk,1304,21,2788.794000,2514.770000,2865.351000
flchain,xgboost,arm,2000,16,16,treewalker,1304,21,433.035000,385.964000,462.507000
flchain,xgboost,arm,2000,16,16,tl2cgen,1304,21,5599.519000,5537.430000,5845.948000
flchain,xgboost,arm,2000,16,16,xgboost_native,1304,21,225.544000,218.873000,227.287000
flchain,lightgbm,arm,2000,16,2,treewalker_fullwalk,1304,21,401.001000,386.669000,409.937000
flchain,lightgbm,arm,2000,16,2,treewalker,1304,21,182.345000,162.218000,210.199000
flchain,lightgbm,arm,2000,16,2,lleaves,1304,21,343.604000,301.992000,401.438000
flchain,lightgbm,arm,2000,16,2,tl2cgen,1304,21,929.786000,832.412000,964.252000
flchain,lightgbm,arm,2000,16,2,lightgbm_native,1304,21,524.628000,504.213000,533.579000
flchain,xgboost,arm,2000,16,2,treewalker_fullwalk,1304,21,441.231000,393.499000,459.435000
flchain,xgboost,arm,2000,16,2,treewalker,1304,21,189.980000,166.406000,208.563000
flchain,xgboost,arm,2000,16,2,tl2cgen,1304,21,552.286000,525.301000,563.128000
flchain,xgboost,arm,2000,16,2,xgboost_native,1304,21,223.010000,217.817000,228.213000
flchain,lightgbm,arm,2000,16,32,treewalker_fullwalk,1304,11,5018.901000,4940.846000,5104.797000
flchain,lightgbm,arm,2000,16,32,treewalker,1304,11,658.755000,632.510000,750.729000
flchain,lightgbm,arm,2000,16,32,lleaves,1304,11,1593.581000,1516.765000,1959.563000
flchain,lightgbm,arm,2000,16,32,tl2cgen,1304,11,16948.700000,16698.005000,17321.510000
flchain,lightgbm,arm,2000,16,32,lightgbm_native,1304,11,11557.275000,11241.704000,11786.846000
flchain,xgboost,arm,2000,16,32,treewalker_fullwalk,1304,17,5327.952000,4900.155000,5456.919000
flchain,xgboost,arm,2000,16,32,treewalker,1304,17,551.839000,490.813000,580.016000
flchain,xgboost,arm,2000,16,32,tl2cgen,1304,17,10805.971000,9815.238000,11622.249000
flchain,xgboost,arm,2000,16,32,xgboost_native,1304,17,226.224000,221.120000,228.759000
flchain,lightgbm,arm,2000,16,4,treewalker_fullwalk,1304,21,751.653000,726.778000,765.848000
flchain,lightgbm,arm,2000,16,4,treewalker,1304,21,276.505000,259.568000,296.227000
flchain,lightgbm,arm,2000,16,4,lleaves,1304,21,500.432000,459.845000,570.163000
flchain,lightgbm,arm,2000,16,4,tl2cgen,1304,21,2122.771000,2040.318000,2191.581000
flchain,lightgbm,arm,2000,16,4,lightgbm_native,1304,21,1149.653000,1115.987000,1178.654000
flchain,xgboost,arm,2000,16,4,treewalker_fullwalk,1304,21,805.920000,741.109000,836.527000
flchain,xgboost,arm,2000,16,4,treewalker,1304,21,253.222000,224.809000,277.687000
flchain,xgboost,arm,2000,16,4,tl2cgen,1304,21,1144.846000,1104.047000,1155.329000
flchain,xgboost,arm,2000,16,4,xgboost_native,1304,21,225.409000,216.997000,228.162000
flchain,lightgbm,arm,2000,16,64,treewalker_fullwalk,1304,11,9640.995000,9402.639000,9949.538000
flchain,lightgbm,arm,2000,16,64,treewalker,1304,11,913.183000,851.127000,1047.974000
flchain,lightgbm,arm,2000,16,64,lleaves,1304,11,2640.352000,2374.347000,3541.177000
flchain,lightgbm,arm,2000,16,64,tl2cgen,1304,11,33205.188000,32761.323000,34694.914000
flchain,lightgbm,arm,2000,16,64,lightgbm_native,1304,11,22244.904000,21474.171000,23123.476000
flchain,xgboost,arm,2000,16,64,treewalker_fullwalk,1304,11,10239.574000,9653.829000,10540.462000
flchain,xgboost,arm,2000,16,64,treewalker,1304,11,717.737000,689.510000,751.303000
flchain,xgboost,arm,2000,16,64,tl2cgen,1304,11,21762.964000,19291.790000,22731.255000
flchain,xgboost,arm,2000,16,64,xgboost_native,1304,11,224.045000,219.853000,228.819000
flchain,lightgbm,arm,2000,16,8,treewalker_fullwalk,1304,21,1448.970000,1337.864000,1487.363000
flchain,lightgbm,arm,2000,16,8,treewalker,1304,21,377.587000,339.253000,418.397000
flchain,lightgbm,arm,2000,16,8,lleaves,1304,21,793.884000,636.257000,878.531000
flchain,lightgbm,arm,2000,16,8,tl2cgen,1304,21,4534.934000,4230.237000,4689.717000
flchain,lightgbm,arm,2000,16,8,lightgbm_native,1304,21,2753.897000,2535.445000,2871.894000
flchain,xgboost,arm,2000,16,8,treewalker_fullwalk,1304,21,1491.195000,1349.459000,1552.716000
flchain,xgboost,arm,2000,16,8,treewalker,1304,21,342.583000,298.608000,371.187000
flchain,xgboost,arm,2000,16,8,tl2cgen,1304,21,2611.832000,2586.133000,2693.307000
flchain,xgboost,arm,2000,16,8,xgboost_native,1304,21,223.775000,217.805000,227.826000
flchain,lightgbm,arm,2000,2,1,treewalker_fullwalk,1304,21,7.354000,7.335000,7.425000
flchain,lightgbm,arm,2000,2,1,treewalker,1304,21,12.232000,12.123000,12.566000
flchain,lightgbm,arm,2000,2,1,lleaves,1304,21,6.018000,5.954000,6.055000
flchain,lightgbm,arm,2000,2,1,tl2cgen,1304,21,14.728000,14.464000,14.928000
flchain,lightgbm,arm,2000,2,1,lightgbm_native,1304,21,32.829000,31.813000,34.017000
flchain,lightgbm,arm,2000,2,1,quickscorer,1304,21,1.287000,1.122000,1.686000
flchain,xgboost,arm,2000,2,1,treewalker_fullwalk,1304,11,10.508000,10.492000,10.592000
flchain,xgboost,arm,2000,2,1,treewalker,1304,11,13.506000,13.259000,14.143000
flchain,xgboost,arm,2000,2,1,tl2cgen,1304,11,13.221000,12.426000,13.388000
flchain,xgboost,arm,2000,2,1,xgboost_native,1304,11,222.120000,215.033000,228.081000
flchain,lightgbm,arm,2000,2,128,treewalker_fullwalk,1304,21,693.283000,690.220000,702.376000
flchain,lightgbm,arm,2000,2,128,treewalker,1304,21,346.280000,345.384000,347.133000
flchain,lightgbm,arm,2000,2,128,lleaves,1304,21,630.695000,629.998000,630.919000
flchain,lightgbm,arm,2000,2,128,tl2cgen,1304,21,1520.521000,1496.728000,1533.384000
flchain,lightgbm,arm,2000,2,128,lightgbm_native,1304,21,2415.040000,2401.737000,2421.631000
flchain,lightgbm,arm,2000,2,128,quickscorer,1304,21,151.203000,138.475000,188.905000
flchain,xgboost,arm,2000,2,128,treewalker_fullwalk,1304,11,1140.428000,1138.880000,1143.063000
flchain,xgboost,arm,2000,2,128,treewalker,1304,11,348.480000,348.181000,350.250000
flchain,xgboost,arm,2000,2,128,tl2cgen,1304,11,1583.770000,1580.663000,1635.152000
flchain,xgboost,arm,2000,2,128,xgboost_native,1304,11,225.331000,223.107000,228.304000
flchain,lightgbm,arm,2000,2,16,treewalker_fullwalk,1304,21,89.189000,88.722000,91.002000
flchain,lightgbm,arm,2000,2,16,treewalker,1304,21,26.960000,26.581000,28.150000
flchain,lightgbm,arm,2000,2,16,lleaves,1304,21,84.087000,83.899000,84.358000
flchain,lightgbm,arm,2000,2,16,tl2cgen,1304,21,206.305000,204.034000,208.859000
flchain,lightgbm,arm,2000,2,16,lightgbm_native,1304,21,367.898000,361.029000,382.803000
flchain,lightgbm,arm,2000,2,16,quickscorer,1304,21,18.747000,16.959000,23.925000
flchain,xgboost,arm,2000,2,16,treewalker_fullwalk,1304,11,144.122000,143.858000,144.531000
flchain,xgboost,arm,2000,2,16,treewalker,1304,11,30.121000,29.733000,31.103000
flchain,xgboost,arm,2000,2,16,tl2cgen,1304,11,204.206000,200.118000,209.164000
flchain,xgboost,arm,2000,2,16,xgboost_native,1304,11,224.729000,222.141000,226.827000
flchain,lightgbm,arm,2000,2,2,treewalker_fullwalk,1304,21,13.305000,13.219000,13.541000
flchain,lightgbm,arm,2000,2,2,treewalker,1304,21,13.172000,12.801000,14.053000
flchain,lightgbm,arm,2000,2,2,lleaves,1304,21,12.747000,12.631000,13.034000
flchain,lightgbm,arm,2000,2,2,tl2cgen,1304,21,29.935000,28.955000,31.906000
flchain,lightgbm,arm,2000,2,2,lightgbm_native,1304,21,61.549000,56.572000,67.444000
flchain,lightgbm,arm,2000,2,2,quickscorer,1304,21,2.238000,1.971000,3.107000
flchain,xgboost,arm,2000,2,2,treewalker_fullwalk,1304,21,19.266000,19.150000,19.378000
flchain,xgboost,arm,2000,2,2,treewalker,1304,21,14.476000,14.045000,15.736000
flchain,xgboost,arm,2000,2,2,tl2cgen,1304,21,26.726000,25.005000,26.939000
flchain,xgboost,arm,2000,2,2,xgboost_native,1304,21,223.397000,217.907000,226.849000
flchain,lightgbm,arm,2000,2,32,treewalker_fullwalk,1304,21,180.495000,179.097000,183.507000
flchain,lightgbm,arm,2000,2,32,treewalker,1304,21,49.368000,48.880000,50.160000
flchain,lightgbm,arm,2000,2,32,lleaves,1304,21,162.140000,161.834000,162.648000
flchain,lightgbm,arm,2000,2,32,tl2cgen,1304,21,404.010000,397.119000,405.162000
flchain,lightgbm,arm,2000,2,32,lightgbm_native,1304,21,706.852000,699.800000,724.515000
flchain,lightgbm,arm,2000,2,32,quickscorer,1304,21,36.813000,33.107000,46.798000
flchain,xgboost,arm,2000,2,32,treewalker_fullwalk,1304,11,290.817000,290.680000,291.402000
flchain,xgboost,arm,2000,2,32,treewalker,1304,11,53.395000,52.964000,55.464000
flchain,xgboost,arm,2000,2,32,tl2cgen,1304,11,399.724000,396.146000,412.400000
flchain,xgboost,arm,2000,2,32,xgboost_native,1304,11,224.741000,221.865000,229.483000
flchain,lightgbm,arm,2000,2,4,treewalker_fullwalk,1304,21,25.049000,24.863000,25.401000
flchain,lightgbm,arm,2000,2,4,treewalker,1304,21,15.623000,15.476000,16.236000
flchain,lightgbm,arm,2000,2,4,lleaves,1304,21,23.232000,23.118000,23.340000
flchain,lightgbm,arm,2000,2,4,tl2cgen,1304,21,58.070000,57.518000,60.286000
flchain,lightgbm,arm,2000,2,4,lightgbm_native,1304,21,113.895000,111.671000,122.734000
flchain,lightgbm,arm,2000,2,4,quickscorer,1304,21,4.383000,3.931000,5.761000
flchain,xgboost,arm,2000,2,4,treewalker_fullwalk,1304,12,37.304000,37.180000,37.385000
flchain,xgboost,arm,2000,2,4,treewalker,1304,12,17.452000,17.239000,18.320000
flchain,xgboost,arm,2000,2,4,tl2cgen,1304,12,52.194000,50.037000,52.427000
flchain,xgboost,arm,2000,2,4,xgboost_native,1304,12,224.636000,221.620000,226.587000
flchain,lightgbm,arm,2000,2,64,treewalker_fullwalk,1304,21,354.158000,351.835000,359.189000
flchain,lightgbm,arm,2000,2,64,treewalker,1304,21,100.559000,99.722000,101.538000
flchain,lightgbm,arm,2000,2,64,lleaves,1304,21,318.754000,318.500000,319.188000
flchain,lightgbm,arm,2000,2,64,tl2cgen,1304,21,792.358000,780.583000,799.550000
flchain,lightgbm,arm,2000,2,64,lightgbm_native,1304,21,1289.113000,1274.674000,1307.768000
flchain,lightgbm,arm,2000,2,64,quickscorer,1304,21,73.715000,66.802000,93.439000
flchain,xgboost,arm,2000,2,64,treewalker_fullwalk,1304,11,568.383000,567.902000,570.548000
flchain,xgboost,arm,2000,2,64,treewalker,1304,11,106.195000,105.819000,108.047000
flchain,xgboost,arm,2000,2,64,tl2cgen,1304,11,793.281000,790.813000,820.646000
flchain,xgboost,arm,2000,2,64,xgboost_native,1304,11,225.984000,217.702000,227.517000
flchain,lightgbm,arm,2000,2,8,treewalker_fullwalk,1304,21,46.229000,46.001000,47.576000
flchain,lightgbm,arm,2000,2,8,treewalker,1304,21,19.298000,18.828000,20.134000
flchain,lightgbm,arm,2000,2,8,lleaves,1304,21,44.248000,44.076000,44.567000
flchain,lightgbm,arm,2000,2,8,tl2cgen,1304,21,107.374000,106.562000,111.769000
flchain,lightgbm,arm,2000,2,8,lightgbm_native,1304,21,203.517000,200.936000,217.121000
flchain,lightgbm,arm,2000,2,8,quickscorer,1304,21,9.734000,8.683000,12.234000
flchain,xgboost,arm,2000,2,8,treewalker_fullwalk,1304,11,73.045000,72.881000,73.311000
flchain,xgboost,arm,2000,2,8,treewalker,1304,11,22.241000,21.695000,23.674000
flchain,xgboost,arm,2000,2,8,tl2cgen,1304,11,104.224000,100.601000,104.991000
flchain,xgboost,arm,2000,2,8,xgboost_native,1304,11,226.003000,223.610000,227.507000
flchain,lightgbm,arm,2000,4,1,treewalker_fullwalk,1304,21,25.383000,24.850000,25.724000
flchain,lightgbm,arm,2000,4,1,treewalker,1304,21,23.297000,22.507000,25.469000
flchain,lightgbm,arm,2000,4,1,lleaves,1304,21,17.769000,16.835000,21.599000
flchain,lightgbm,arm,2000,4,1,tl2cgen,1304,21,42.594000,39.649000,44.449000
flchain,lightgbm,arm,2000,4,1,lightgbm_native,1304,21,61.816000,61.197000,62.833000
flchain,lightgbm,arm,2000,4,1,quickscorer,1304,21,5.781000,4.540000,8.541000
flchain,xgboost,arm,2000,4,1,treewalker_fullwalk,1304,21,28.268000,27.806000,28.967000
flchain,xgboost,arm,2000,4,1,treewalker,1304,21,23.552000,22.854000,26.078000
flchain,xgboost,arm,2000,4,1,tl2cgen,1304,21,43.533000,36.538000,44.414000
flchain,xgboost,arm,2000,4,1,xgboost_native,1304,21,223.979000,218.371000,227.130000
flchain,lightgbm,arm,2000,4,128,treewalker_fullwalk,1304,21,2455.888000,2445.971000,2466.771000
flchain,lightgbm,arm,2000,4,128,treewalker,1304,21,396.296000,395.091000,399.932000
flchain,lightgbm,arm,2000,4,128,lleaves,1304,21,742.730000,740.554000,750.563000
flchain,lightgbm,arm,2000,4,128,tl2cgen,1304,21,4063.639000,3744.191000,4309.468000
flchain,lightgbm,arm,2000,4,128,lightgbm_native,1304,21,4937.479000,4893.961000,5044.149000
flchain,lightgbm,arm,2000,4,128,quickscorer,1304,21,928.899000,837.156000,1209.975000
flchain,xgboost,arm,2000,4,128,treewalker_fullwalk,1304,21,2798.573000,2796.761000,2800.700000
flchain,xgboost,arm,2000,4,128,treewalker,1304,21,406.324000,402.627000,408.165000
flchain,xgboost,arm,2000,4,128,tl2cgen,1304,21,4942.711000,4762.970000,5552.330000
flchain,xgboost,arm,2000,4,128,xgboost_native,1304,21,226.868000,222.651000,230.997000
flchain,lightgbm,arm,2000,4,16,treewalker_fullwalk,1304,21,325.265000,324.558000,326.495000
flchain,lightgbm,arm,2000,4,16,treewalker,1304,21,59.583000,58.285000,68.353000
flchain,lightgbm,arm,2000,4,16,lleaves,1304,21,120.403000,117.553000,127.241000
flchain,lightgbm,arm,2000,4,16,tl2cgen,1304,21,635.113000,603.983000,658.128000
flchain,lightgbm,arm,2000,4,16,lightgbm_native,1304,21,842.777000,822.276000,879.752000
flchain,lightgbm,arm,2000,4,16,quickscorer,1304,21,104.782000,91.226000,145.557000
flchain,xgboost,arm,2000,4,16,treewalker_fullwalk,1304,21,362.935000,361.692000,363.456000
flchain,xgboost,arm,2000,4,16,treewalker,1304,21,60.908000,58.057000,62.159000
flchain,xgboost,arm,2000,4,16,tl2cgen,1304,21,565.826000,542.635000,612.472000
flchain,xgboost,arm,2000,4,16,xgboost_native,1304,21,226.168000,218.188000,229.415000
flchain,lightgbm,arm,2000,4,2,treewalker_fullwalk,1304,21,46.601000,46.157000,47.441000
flchain,lightgbm,arm,2000,4,2,treewalker,1304,21,27.658000,26.118000,35.236000
flchain,lightgbm,arm,2000,4,2,lleaves,1304,21,31.078000,28.064000,39.223000
flchain,lightgbm,arm,2000,4,2,tl2cgen,1304,21,89.306000,86.775000,92.015000
flchain,lightgbm,arm,2000,4,2,lightgbm_native,1304,21,117.750000,110.151000,124.616000
flchain,lightgbm,arm,2000,4,2,quickscorer,1304,21,10.274000,8.174000,15.639000
flchain,xgboost,arm,2000,4,2,treewalker_fullwalk,1304,21,51.565000,51.204000,53.247000
flchain,xgboost,arm,2000,4,2,treewalker,1304,21,29.446000,27.960000,36.269000
flchain,xgboost,arm,2000,4,2,tl2cgen,1304,21,112.624000,96.644000,116.803000
flchain,xgboost,arm,2000,4,2,xgboost_native,1304,21,224.503000,219.645000,226.995000
flchain,lightgbm,arm,2000,4,32,treewalker_fullwalk,1304,21,632.109000,629.699000,636.062000
flchain,lightgbm,arm,2000,4,32,treewalker,1304,21,87.329000,85.579000,95.254000
flchain,lightgbm,arm,2000,4,32,lleaves,1304,21,212.338000,210.486000,220.173000
flchain,lightgbm,arm,2000,4,32,tl2cgen,1304,21,1621.227000,1520.377000,1753.352000
flchain,lightgbm,arm,2000,4,32,lightgbm_native,1304,21,1540.778000,1527.890000,1579.621000
flchain,lightgbm,arm,2000,4,32,quickscorer,1304,21,210.008000,184.339000,284.822000
flchain,xgboost,arm,2000,4,32,treewalker_fullwalk,1304,21,716.384000,715.218000,717.543000
flchain,xgboost,arm,2000,4,32,treewalker,1304,21,95.067000,93.500000,96.807000
flchain,xgboost,arm,2000,4,32,tl2cgen,1304,21,1345.388000,1278.952000,1525.610000
flchain,xgboost,arm,2000,4,32,xgboost_native,1304,21,226.667000,224.243000,229.634000
flchain,lightgbm,arm,2000,4,4,treewalker_fullwalk,1304,21,87.645000,87.112000,88.123000
flchain,lightgbm,arm,2000,4,4,treewalker,1304,21,31.973000,30.392000,36.068000
flchain,lightgbm,arm,2000,4,4,lleaves,1304,21,41.179000,39.454000,46.795000
flchain,lightgbm,arm,2000,4,4,tl2cgen,1304,21,190.724000,184.486000,198.987000
flchain,lightgbm,arm,2000,4,4,lightgbm_native,1304,21,208.824000,204.155000,222.716000
flchain,lightgbm,arm,2000,4,4,quickscorer,1304,21,20.119000,16.908000,29.963000
flchain,xgboost,arm,2000,4,4,treewalker_fullwalk,1304,21,98.486000,98.026000,99.414000
flchain,xgboost,arm,2000,4,4,treewalker,1304,21,37.727000,36.235000,41.803000
flchain,xgboost,arm,2000,4,4,tl2cgen,1304,21,212.882000,177.497000,223.319000
flchain,xgboost,arm,2000,4,4,xgboost_native,1304,21,226.669000,222.387000,228.419000
flchain,lightgbm,arm,2000,4,64,treewalker_fullwalk,1304,21,1246.709000,1242.018000,1254.059000
flchain,lightgbm,arm,2000,4,64,treewalker,1304,21,146.500000,144.472000,151.970000
flchain,lightgbm,arm,2000,4,64,lleaves,1304,21,393.962000,390.647000,401.191000
flchain,lightgbm,arm,2000,4,64,tl2cgen,1304,21,2147.088000,2009.892000,2294.446000
flchain,lightgbm,arm,2000,4,64,lightgbm_native,1304,21,2950.217000,2918.590000,2982.962000
flchain,lightgbm,arm,2000,4,64,quickscorer,1304,21,428.719000,382.338000,569.635000
flchain,xgboost,arm,2000,4,64,treewalker_fullwalk,1304,21,1420.966000,1414.947000,1424.114000
flchain,xgboost,arm,2000,4,64,treewalker,1304,21,151.503000,147.849000,155.951000
flchain,xgboost,arm,2000,4,64,tl2cgen,1304,21,2651.921000,2544.097000,3108.470000
flchain,xgboost,arm,2000,4,64,xgboost_native,1304,21,226.636000,224.118000,229.453000
flchain,lightgbm,arm,2000,4,8,treewalker_fullwalk,1304,21,167.700000,167.064000,169.720000
flchain,lightgbm,arm,2000,4,8,treewalker,1304,21,43.143000,42.085000,53.265000
flchain,lightgbm,arm,2000,4,8,lleaves,1304,21,70.447000,67.758000,79.427000
flchain,lightgbm,arm,2000,4,8,tl2cgen,1304,21,316.832000,307.548000,326.192000
flchain,lightgbm,arm,2000,4,8,lightgbm_native,1304,21,444.473000,430.668000,475.429000
flchain,lightgbm,arm,2000,4,8,quickscorer,1304,21,48.411000,41.078000,67.938000
flchain,xgboost,arm,2000,4,8,treewalker_fullwalk,1304,21,188.206000,187.746000,189.750000
flchain,xgboost,arm,2000,4,8,treewalker,1304,21,48.336000,47.302000,53.348000
flchain,xgboost,arm,2000,4,8,tl2cgen,1304,21,348.011000,310.297000,367.006000
flchain,xgboost,arm,2000,4,8,xgboost_native,1304,21,225.867000,218.422000,229.519000
flchain,lightgbm,arm,2000,8,1,treewalker_fullwalk,1304,21,81.617000,80.286000,87.351000
flchain,lightgbm,arm,2000,8,1,treewalker,1304,21,56.219000,52.831000,63.816000
flchain,lightgbm,arm,2000,8,1,lleaves,1304,21,113.933000,101.487000,136.228000
flchain,lightgbm,arm,2000,8,1,tl2cgen,1304,21,217.838000,204.744000,223.623000
flchain,lightgbm,arm,2000,8,1,lightgbm_native,1304,21,143.748000,139.976000,145.079000
flchain,lightgbm,arm,2000,8,1,quickscorer,1304,21,26.819000,19.517000,47.248000
flchain,xgboost,arm,2000,8,1,treewalker_fullwalk,1304,21,92.425000,90.056000,97.642000
flchain,xgboost,arm,2000,8,1,treewalker,1304,21,58.311000,56.310000,66.756000
flchain,xgboost,arm,2000,8,1,tl2cgen,1304,21,201.505000,174.387000,208.246000
flchain,xgboost,arm,2000,8,1,xgboost_native,1304,21,225.096000,219.715000,227.497000
flchain,lightgbm,arm,2000,8,128,treewalker_fullwalk,1304,11,7065.268000,7046.854000,7090.249000
flchain,lightgbm,arm,2000,8,128,treewalker,1304,11,655.183000,652.058000,685.506000
flchain,lightgbm,arm,2000,8,128,lleaves,1304,11,1505.644000,1492.683000,1568.972000
flchain,lightgbm,arm,2000,8,128,tl2cgen,1304,11,31960.298000,31047.029000,33578.883000
flchain,lightgbm,arm,2000,8,128,lightgbm_native,1304,11,18797.548000,18450.105000,19194.339000
flchain,xgboost,arm,2000,8,128,treewalker_fullwalk,1304,11,7790.607000,7755.357000,7852.946000
flchain,xgboost,arm,2000,8,128,treewalker,1304,11,625.639000,622.584000,632.457000
flchain,xgboost,arm,2000,8,128,tl2cgen,1304,11,30508.484000,30349.580000,33442.429000
flchain,xgboost,arm,2000,8,128,xgboost_native,1304,11,225.543000,223.026000,230.011000
flchain,lightgbm,arm,2000,8,16,treewalker_fullwalk,1304,21,927.306000,920.964000,934.892000
flchain,lightgbm,arm,2000,8,16,treewalker,1304,21,190.473000,182.444000,219.727000
flchain,lightgbm,arm,2000,8,16,lleaves,1304,21,418.741000,401.362000,442.232000
flchain,lightgbm,arm,2000,8,16,tl2cgen,1304,21,3949.165000,3884.832000,4043.094000
flchain,lightgbm,arm,2000,8,16,lightgbm_native,1304,21,2499.595000,2462.181000,2545.731000
flchain,xgboost,arm,2000,8,16,treewalker_fullwalk,1304,21,1047.675000,1040.723000,1054.065000
flchain,xgboost,arm,2000,8,16,treewalker,1304,21,196.974000,192.875000,217.596000
flchain,xgboost,arm,2000,8,16,tl2cgen,1304,21,4201.195000,4060.737000,4421.016000
flchain,xgboost,arm,2000,8,16,xgboost_native,1304,21,224.581000,220.368000,228.443000
flchain,lightgbm,arm,2000,8,2,treewalker_fullwalk,1304,21,143.811000,135.908000,151.004000
flchain,lightgbm,arm,2000,8,2,treewalker,1304,21,78.348000,69.198000,101.313000
flchain,lightgbm,arm,2000,8,2,lleaves,1304,21,147.967000,111.733000,205.367000
flchain,lightgbm,arm,2000,8,2,tl2cgen,1304,21,461.841000,456.197000,470.271000
flchain,lightgbm,arm,2000,8,2,lightgbm_native,1304,21,277.167000,268.337000,285.462000
flchain,xgboost,arm,2000,8,2,treewalker_fullwalk,1304,21,169.233000,164.642000,183.870000
flchain,xgboost,arm,2000,8,2,treewalker,1304,21,88.697000,81.212000,115.690000
flchain,xgboost,arm,2000,8,2,tl2cgen,1304,21,490.173000,449.315000,498.026000
flchain,xgboost,arm,2000,8,2,xgboost_native,1304,21,225.690000,220.483000,228.204000
flchain,lightgbm,arm,2000,8,32,treewalker_fullwalk,1304,18,1811.131000,1799.539000,1817.531000
flchain,lightgbm,arm,2000,8,32,treewalker,1304,18,256.527000,247.226000,283.259000
flchain,lightgbm,arm,2000,8,32,lleaves,1304,18,590.893000,573.231000,636.331000
flchain,lightgbm,arm,2000,8,32,tl2cgen,1304,18,7966.720000,7877.209000,8257.600000
flchain,lightgbm,arm,2000,8,32,lightgbm_native,1304,18,5165.317000,4975.053000,5193.650000
flchain,xgboost,arm,2000,8,32,treewalker_fullwalk,1304,21,2025.171000,2010.554000,2035.200000
flchain,xgboost,arm,2000,8,32,treewalker,1304,21,267.410000,263.516000,279.985000
flchain,xgboost,arm,2000,8,32,tl2cgen,1304,21,8461.698000,8199.118000,9134.337000
flchain,xgboost,arm,2000,8,32,xgboost_native,1304,21,225.462000,219.602000,228.889000
flchain,lightgbm,arm,2000,8,4,treewalker_fullwalk,1304,21,262.566000,259.033000,267.220000
flchain,lightgbm,arm,2000,8,4,treewalker,1304,21,112.534000,106.988000,128.388000
flchain,lightgbm,arm,2000,8,4,lleaves,1304,21,220.355000,203.729000,259.704000
flchain,lightgbm,arm,2000,8,4,tl2cgen,1304,21,964.647000,953.757000,978.304000
flchain,lightgbm,arm,2000,8,4,lightgbm_native,1304,21,561.323000,545.136000,578.062000
flchain,xgboost,arm,2000,8,4,treewalker_fullwalk,1304,21,302.414000,299.518000,316.489000
flchain,xgboost,arm,2000,8,4,treewalker,1304,21,120.368000,117.263000,150.186000
flchain,xgboost,arm,2000,8,4,tl2cgen,1304,21,1014.624000,924.208000,1034.076000
flchain,xgboost,arm,2000,8,4,xgboost_native,1304,21,226.331000,222.127000,227.816000
flchain,lightgbm,arm,2000,8,64,treewalker_fullwalk,1304,11,3573.479000,3566.483000,3612.337000
flchain,lightgbm,arm,2000,8,64,treewalker,1304,11,357.560000,350.596000,392.767000
flchain,lightgbm,arm,2000,8,64,lleaves,1304,11,928.146000,913.013000,998.593000
flchain,lightgbm,arm,2000,8,64,tl2cgen,1304,11,16295.151000,15877.197000,17149.397000
flchain,lightgbm,arm,2000,8,64,lightgbm_native,1304,11,10223.690000,9990.095000,10670.295000
flchain,xgboost,arm,2000,8,64,treewalker_fullwalk,1304,14,3980.478000,3916.147000,3997.170000
flchain,xgboost,arm,2000,8,64,treewalker,1304,14,352.796000,348.121000,359.286000
flchain,xgboost,arm,2000,8,64,tl2cgen,1304,14,16622.757000,16476.471000,17904.237000
flchain,xgboost,arm,2000,8,64,xgboost_native,1304,14,226.215000,223.304000,227.411000
flchain,lightgbm,arm,2000,8,8,treewalker_fullwalk,1304,21,492.286000,484.906000,501.347000
flchain,lightgbm,arm,2000,8,8,treewalker,1304,21,149.521000,141.233000,178.614000
flchain,lightgbm,arm,2000,8,8,lleaves,1304,21,309.647000,284.432000,344.363000
flchain,lightgbm,arm,2000,8,8,tl2cgen,1304,21,2001.251000,1965.542000,2054.348000
flchain,lightgbm,arm,2000,8,8,lightgbm_native,1304,21,1210.849000,1178.805000,1232.155000
flchain,xgboost,arm,2000,8,8,treewalker_fullwalk,1304,21,558.552000,551.062000,569.619000
flchain,xgboost,arm,2000,8,8,treewalker,1304,21,160.324000,151.164000,184.304000
flchain,xgboost,arm,2000,8,8,tl2cgen,1304,21,2210.687000,2114.880000,2313.296000
flchain,xgboost,arm,2000,8,8,xgboost_native,1304,21,224.133000,218.647000,228.827000
flchain,lightgbm,arm,500,16,1,treewalker_fullwalk,1304,21,45.308000,42.177000,45.878000
flchain,lightgbm,arm,500,16,1,treewalker,1304,21,22.386000,21.723000,23.368000
flchain,lightgbm,arm,500,16,1,lleaves,1304,21,17.518000,16.588000,19.488000
flchain,lightgbm,arm,500,16,1,tl2cgen,1304,21,34.516000,24.609000,37.866000
flchain,lightgbm,arm,500,16,1,lightgbm_native,1304,21,59.054000,53.873000,59.885000
flchain,xgboost,arm,500,16,1,treewalker_fullwalk,1304,21,52.991000,46.948000,54.442000
flchain,xgboost,arm,500,16,1,treewalker,1304,21,25.459000,25.110000,27.528000
flchain,xgboost,arm,500,16,1,tl2cgen,1304,21,6.389000,5.521000,6.475000
flchain,xgboost,arm,500,16,1,xgboost_native,1304,21,221.532000,216.208000,224.399000
flchain,lightgbm,arm,500,16,128,treewalker_fullwalk,1304,14,5000.249000,4920.193000,5026.395000
flchain,lightgbm,arm,500,16,128,treewalker,1304,14,448.787000,420.848000,454.548000
flchain,lightgbm,arm,500,16,128,lleaves,1304,14,1251.097000,1148.706000,1316.054000
flchain,lightgbm,arm,500,16,128,tl2cgen,1304,14,5410.839000,3833.255000,5765.698000
flchain,lightgbm,arm,500,16,128,lightgbm_native,1304,14,8355.935000,7608.214000,8561.321000
flchain,xgboost,arm,500,16,128,treewalker_fullwalk,1304,21,5059.411000,4658.528000,5193.440000
flchain,xgboost,arm,500,16,128,treewalker,1304,21,263.612000,237.214000,269.237000
flchain,xgboost,arm,500,16,128,tl2cgen,1304,21,789.649000,784.900000,817.579000
flchain,xgboost,arm,500,16,128,xgboost_native,1304,21,226.041000,221.461000,228.908000
flchain,lightgbm,arm,500,16,16,treewalker_fullwalk,1304,21,664.494000,632.093000,669.201000
flchain,lightgbm,arm,500,16,16,treewalker,1304,21,137.576000,130.796000,144.375000
flchain,lightgbm,arm,500,16,16,lleaves,1304,21,289.235000,274.327000,303.865000
flchain,lightgbm,arm,500,16,16,tl2cgen,1304,21,923.108000,755.114000,963.230000
flchain,lightgbm,arm,500,16,16,lightgbm_native,1304,21,1342.824000,1210.064000,1373.087000
flchain,xgboost,arm,500,16,16,treewalker_fullwalk,1304,21,712.891000,660.015000,734.219000
flchain,xgboost,arm,500,16,16,treewalker,1304,21,113.894000,93.786000,133.513000
flchain,xgboost,arm,500,16,16,tl2cgen,1304,21,123.916000,122.091000,126.887000
flchain,xgboost,arm,500,16,16,xgboost_native,1304,21,224.670000,217.746000,228.059000
flchain,lightgbm,arm,500,16,2,treewalker_fullwalk,1304,21,88.352000,85.349000,89.541000
flchain,lightgbm,arm,500,16,2,treewalker,1304,21,36.003000,32.337000,41.965000
flchain,lightgbm,arm,500,16,2,lleaves,1304,21,34.880000,27.051000,41.189000
flchain,lightgbm,arm,500,16,2,tl2cgen,1304,21,97.664000,84.907000,101.500000
flchain,lightgbm,arm,500,16,2,lightgbm_native,1304,21,120.145000,116.321000,121.784000
flchain,xgboost,arm,500,16,2,treewalker_fullwalk,1304,21,107.441000,98.617000,109.273000
flchain,xgboost,arm,500,16,2,treewalker,1304,21,43.819000,34.537000,52.878000
flchain,xgboost,arm,500,16,2,tl2cgen,1304,21,15.595000,14.291000,16.548000
flchain,xgboost,arm,500,16,2,xgboost_native,1304,21,222.611000,216.086000,226.377000
flchain,lightgbm,arm,500,16,32,treewalker_fullwalk,1304,21,1310.769000,1270.669000,1334.745000
flchain,lightgbm,arm,500,16,32,treewalker,1304,21,205.460000,189.263000,212.620000
flchain,lightgbm,arm,500,16,32,lleaves,1304,21,488.346000,450.545000,531.497000
flchain,lightgbm,arm,500,16,32,tl2cgen,1304,21,1616.347000,1335.606000,1819.193000
flchain,lightgbm,arm,500,16,32,lightgbm_native,1304,21,2614.872000,2432.264000,2760.373000
flchain,xgboost,arm,500,16,32,treewalker_fullwalk,1304,21,1347.284000,1250.115000,1387.852000
flchain,xgboost,arm,500,16,32,treewalker,1304,21,141.802000,118.388000,162.081000
flchain,xgboost,arm,500,16,32,tl2cgen,1304,21,236.066000,229.287000,238.226000
flchain,xgboost,arm,500,16,32,xgboost_native,1304,21,226.161000,217.871000,227.518000
flchain,lightgbm,arm,500,16,4,treewalker_fullwalk,1304,21,176.069000,168.707000,177.657000
flchain,lightgbm,arm,500,16,4,treewalker,1304,21,60.866000,58.045000,66.399000
flchain,lightgbm,arm,500,16,4,lleaves,1304,21,86.831000,76.535000,96.188000
flchain,lightgbm,arm,500,16,4,tl2cgen,1304,21,264.503000,221.233000,277.578000
flchain,lightgbm,arm,500,16,4,lightgbm_native,1304,21,284.275000,268.425000,294.334000
flchain,xgboost,arm,500,16,4,treewalker_fullwalk,1304,21,201.662000,189.272000,211.248000
flchain,xgboost,arm,500,16,4,treewalker,1304,21,62.205000,50.646000,80.315000
flchain,xgboost,arm,500,16,4,tl2cgen,1304,21,27.818000,26.690000,28.319000
flchain,xgboost,arm,500,16,4,xgboost_native,1304,21,222.940000,218.052000,226.023000
flchain,lightgbm,arm,500,16,64,treewalker_fullwalk,1304,21,2577.291000,2508.866000,2588.439000
flchain,lightgbm,arm,500,16,64,treewalker,1304,21,314.895000,291.349000,324.629000
flchain,lightgbm,arm,500,16,64,lleaves,1304,21,830.853000,763.999000,897.882000
flchain,lightgbm,arm,500,16,64,tl2cgen,1304,21,3243.327000,2461.491000,3749.837000
flchain,lightgbm,arm,500,16,64,lightgbm_native,1304,21,5090.296000,4607.186000,5303.424000
flchain,xgboost,arm,500,16,64,treewalker_fullwalk,1304,21,2593.272000,2408.688000,2660.902000
flchain,xgboost,arm,500,16,64,treewalker,1304,21,181.664000,158.426000,192.100000
flchain,xgboost,arm,500,16,64,tl2cgen,1304,21,451.120000,447.314000,454.487000
flchain,xgboost,arm,500,16,64,xgboost_native,1304,21,223.972000,219.221000,227.603000
flchain,lightgbm,arm,500,16,8,treewalker_fullwalk,1304,21,342.295000,324.035000,346.329000
flchain,lightgbm,arm,500,16,8,treewalker,1304,21,91.555000,89.924000,99.798000
flchain,lightgbm,arm,500,16,8,lleaves,1304,21,168.881000,155.387000,181.366000
flchain,lightgbm,arm,500,16,8,tl2cgen,1304,21,492.728000,408.239000,519.292000
flchain,lightgbm,arm,500,16,8,lightgbm_native,1304,21,649.832000,588.610000,661.077000
flchain,xgboost,arm,500,16,8,treewalker_fullwalk,1304,21,383.837000,355.978000,395.267000
flchain,xgboost,arm,500,16,8,treewalker,1304,21,90.391000,71.260000,107.821000
flchain,xgboost,arm,500,16,8,tl2cgen,1304,21,62.324000,60.233000,63.510000
flchain,xgboost,arm,500,16,8,xgboost_native,1304,21,224.786000,218.628000,226.643000
flchain,lightgbm,arm,500,2,1,treewalker_fullwalk,1304,21,1.969000,1.932000,2.001000
flchain,lightgbm,arm,500,2,1,treewalker,1304,21,3.106000,3.016000,3.232000
flchain,lightgbm,arm,500,2,1,lleaves,1304,21,1.169000,1.157000,1.185000
flchain,lightgbm,arm,500,2,1,tl2cgen,1304,21,2.032000,1.966000,2.208000
flchain,lightgbm,arm,500,2,1,lightgbm_native,1304,21,8.935000,8.578000,9.509000
flchain,lightgbm,arm,500,2,1,quickscorer,1304,21,0.383000,0.333000,0.481000
flchain,xgboost,arm,500,2,1,treewalker_fullwalk,1304,11,2.573000,2.555000,2.598000
flchain,xgboost,arm,500,2,1,treewalker,1304,11,3.574000,3.498000,3.747000
flchain,xgboost,arm,500,2,1,tl2cgen,1304,11,2.737000,2.736000,2.739000
flchain,xgboost,arm,500,2,1,xgboost_native,1304,11,216.627000,213.766000,220.904000
flchain,lightgbm,arm,500,2,128,treewalker_fullwalk,1304,21,185.519000,181.980000,186.791000
flchain,lightgbm,arm,500,2,128,treewalker,1304,21,89.993000,89.359000,90.583000
flchain,lightgbm,arm,500,2,128,lleaves,1304,21,157.324000,156.925000,157.495000
flchain,lightgbm,arm,500,2,128,tl2cgen,1304,21,196.158000,193.652000,197.018000
flchain,lightgbm,arm,500,2,128,lightgbm_native,1304,21,484.701000,482.173000,488.852000
flchain,lightgbm,arm,500,2,128,quickscorer,1304,21,37.774000,33.990000,47.120000
flchain,xgboost,arm,500,2,128,treewalker_fullwalk,1304,11,286.295000,285.761000,287.367000
flchain,xgboost,arm,500,2,128,treewalker,1304,11,89.514000,89.218000,90.316000
flchain,xgboost,arm,500,2,128,tl2cgen,1304,11,346.958000,346.835000,347.164000
flchain,xgboost,arm,500,2,128,xgboost_native,1304,11,220.829000,217.204000,222.995000
flchain,lightgbm,arm,500,2,16,treewalker_fullwalk,1304,21,24.016000,23.493000,24.161000
flchain,lightgbm,arm,500,2,16,treewalker,1304,21,7.106000,6.947000,7.368000
flchain,lightgbm,arm,500,2,16,lleaves,1304,21,20.301000,20.267000,20.327000
flchain,lightgbm,arm,500,2,16,tl2cgen,1304,21,27.752000,27.359000,28.745000
flchain,lightgbm,arm,500,2,16,lightgbm_native,1304,21,70.921000,69.336000,74.547000
flchain,lightgbm,arm,500,2,16,quickscorer,1304,21,4.962000,4.480000,6.239000
flchain,xgboost,arm,500,2,16,treewalker_fullwalk,1304,11,35.966000,35.921000,36.106000
flchain,xgboost,arm,500,2,16,treewalker,1304,11,7.952000,7.732000,8.301000
flchain,xgboost,arm,500,2,16,tl2cgen,1304,11,43.270000,43.243000,43.316000
flchain,xgboost,arm,500,2,16,xgboost_native,1304,11,222.509000,215.267000,236.087000
flchain,lightgbm,arm,500,2,2,treewalker_fullwalk,1304,21,3.505000,3.421000,3.539000
flchain,lightgbm,arm,500,2,2,treewalker,1304,21,3.470000,3.215000,3.757000
flchain,lightgbm,arm,500,2,2,lleaves,1304,21,2.614000,2.599000,2.637000
flchain,lightgbm,arm,500,2,2,tl2cgen,1304,21,4.305000,3.818000,4.711000
flchain,lightgbm,arm,500,2,2,lightgbm_native,1304,21,14.171000,12.993000,16.211000
flchain,lightgbm,arm,500,2,2,quickscorer,1304,21,0.660000,0.588000,0.855000
flchain,xgboost,arm,500,2,2,treewalker_fullwalk,1304,21,4.827000,4.803000,4.850000
flchain,xgboost,arm,500,2,2,treewalker,1304,21,3.895000,3.625000,4.340000
flchain,xgboost,arm,500,2,2,tl2cgen,1304,21,5.434000,5.432000,5.437000
flchain,xgboost,arm,500,2,2,xgboost_native,1304,21,218.265000,212.785000,223.052000
flchain,lightgbm,arm,500,2,32,treewalker_fullwalk,1304,21,49.259000,48.389000,49.896000
flchain,lightgbm,arm,500,2,32,treewalker,1304,21,13.061000,12.903000,13.419000
flchain,lightgbm,arm,500,2,32,lleaves,1304,21,39.677000,39.634000,39.828000
flchain,lightgbm,arm,500,2,32,tl2cgen,1304,21,53.582000,52.867000,54.802000
flchain,lightgbm,arm,500,2,32,lightgbm_native,1304,21,133.315000,131.690000,137.971000
flchain,lightgbm,arm,500,2,32,quickscorer,1304,21,9.725000,8.665000,12.254000
flchain,xgboost,arm,500,2,32,treewalker_fullwalk,1304,11,72.446000,72.350000,72.639000
flchain,xgboost,arm,500,2,32,treewalker,1304,11,13.834000,13.614000,14.556000
flchain,xgboost,arm,500,2,32,tl2cgen,1304,11,86.465000,86.439000,86.557000
flchain,xgboost,arm,500,2,32,xgboost_native,1304,11,223.415000,219.299000,235.180000
flchain,lightgbm,arm,500,2,4,treewalker_fullwalk,1304,21,6.663000,6.525000,6.762000
flchain,lightgbm,arm,500,2,4,treewalker,1304,21,4.025000,3.926000,4.330000
flchain,lightgbm,arm,500,2,4,lleaves,1304,21,5.254000,5.222000,5.273000
flchain,lightgbm,arm,500,2,4,tl2cgen,1304,21,7.784000,7.651000,8.668000
flchain,lightgbm,arm,500,2,4,lightgbm_native,1304,21,22.362000,21.836000,26.276000
flchain,lightgbm,arm,500,2,4,quickscorer,1304,21,1.283000,1.144000,1.639000
flchain,xgboost,arm,500,2,4,treewalker_fullwalk,1304,21,9.398000,9.379000,9.425000
flchain,xgboost,arm,500,2,4,treewalker,1304,21,4.598000,4.422000,5.038000
flchain,xgboost,arm,500,2,4,tl2cgen,1304,21,10.825000,10.822000,10.828000
flchain,xgboost,arm,500,2,4,xgboost_native,1304,21,218.088000,212.733000,222.905000
flchain,lightgbm,arm,500,2,64,treewalker_fullwalk,1304,21,95.966000,94.250000,96.469000
flchain,lightgbm,arm,500,2,64,treewalker,1304,21,26.104000,25.900000,26.630000
flchain,lightgbm,arm,500,2,64,lleaves,1304,21,79.563000,79.475000,79.645000
flchain,lightgbm,arm,500,2,64,tl2cgen,1304,21,104.494000,103.428000,105.308000
flchain,lightgbm,arm,500,2,64,lightgbm_native,1304,21,252.754000,251.273000,258.092000
flchain,lightgbm,arm,500,2,64,quickscorer,1304,21,18.773000,16.684000,23.268000
flchain,xgboost,arm,500,2,64,treewalker_fullwalk,1304,11,143.058000,142.529000,143.820000
flchain,xgboost,arm,500,2,64,treewalker,1304,11,27.228000,26.891000,27.785000
flchain,xgboost,arm,500,2,64,tl2cgen,1304,11,172.683000,172.632000,172.707000
flchain,xgboost,arm,500,2,64,xgboost_native,1304,11,222.328000,216.029000,224.598000
flchain,lightgbm,arm,500,2,8,treewalker_fullwalk,1304,21,12.840000,12.550000,12.972000
flchain,lightgbm,arm,500,2,8,treewalker,1304,21,5.056000,4.916000,5.418000
flchain,lightgbm,arm,500,2,8,lleaves,1304,21,10.566000,10.542000,10.703000
flchain,lightgbm,arm,500,2,8,tl2cgen,1304,21,14.778000,14.358000,15.961000
flchain,lightgbm,arm,500,2,8,lightgbm_native,1304,21,39.401000,37.960000,43.763000
flchain,lightgbm,arm,500,2,8,quickscorer,1304,21,2.612000,2.344000,3.240000
flchain,xgboost,arm,500,2,8,treewalker_fullwalk,1304,21,18.267000,18.204000,18.365000
flchain,xgboost,arm,500,2,8,treewalker,1304,21,5.674000,5.400000,6.185000
flchain,xgboost,arm,500,2,8,tl2cgen,1304,21,21.615000,21.604000,21.625000
flchain,xgboost,arm,500,2,8,xgboost_native,1304,21,220.549000,213.640000,224.715000
flchain,lightgbm,arm,500,4,1,treewalker_fullwalk,1304,21,6.029000,5.964000,6.103000
flchain,lightgbm,arm,500,4,1,treewalker,1304,21,6.132000,5.879000,6.651000
flchain,lightgbm,arm,500,4,1,lleaves,1304,21,2.961000,2.832000,3.190000
flchain,lightgbm,arm,500,4,1,tl2cgen,1304,21,5.592000,5.294000,5.770000
flchain,lightgbm,arm,500,4,1,lightgbm_native,1304,21,14.864000,14.193000,15.091000
flchain,lightgbm,arm,500,4,1,quickscorer,1304,21,1.502000,1.261000,2.150000
flchain,xgboost,arm,500,4,1,treewalker_fullwalk,1304,21,6.793000,6.655000,6.944000
flchain,xgboost,arm,500,4,1,treewalker,1304,21,5.829000,5.683000,6.509000
flchain,xgboost,arm,500,4,1,tl2cgen,1304,21,3.679000,3.308000,3.753000
flchain,xgboost,arm,500,4,1,xgboost_native,1304,21,223.078000,214.788000,225.828000
flchain,lightgbm,arm,500,4,128,treewalker_fullwalk,1304,21,616.523000,614.795000,618.674000
flchain,lightgbm,arm,500,4,128,treewalker,1304,21,101.688000,100.611000,103.595000
flchain,lightgbm,arm,500,4,128,lleaves,1304,21,185.665000,184.870000,187.354000
flchain,lightgbm,arm,500,4,128,tl2cgen,1304,21,454.794000,425.199000,476.780000
flchain,lightgbm,arm,500,4,128,lightgbm_native,1304,21,863.931000,862.284000,868.067000
flchain,lightgbm,arm,500,4,128,quickscorer,1304,21,228.521000,207.006000,296.765000
flchain,xgboost,arm,500,4,128,treewalker_fullwalk,1304,11,704.784000,703.926000,705.752000
flchain,xgboost,arm,500,4,128,treewalker,1304,11,103.653000,103.109000,105.647000
flchain,xgboost,arm,500,4,128,tl2cgen,1304,11,446.946000,443.974000,471.644000
flchain,xgboost,arm,500,4,128,xgboost_native,1304,11,225.048000,222.313000,228.231000
flchain,lightgbm,arm,500,4,16,treewalker_fullwalk,1304,21,81.414000,81.129000,81.858000
flchain,lightgbm,arm,500,4,16,treewalker,1304,21,14.395000,13.856000,16.076000
flchain,lightgbm,arm,500,4,16,lleaves,1304,21,28.584000,28.236000,29.872000
flchain,lightgbm,arm,500,4,16,tl2cgen,1304,21,69.836000,66.998000,72.348000
flchain,lightgbm,arm,500,4,16,lightgbm_native,1304,21,134.822000,133.285000,137.268000
flchain,lightgbm,arm,500,4,16,quickscorer,1304,21,26.346000,23.271000,36.249000
flchain,xgboost,arm,500,4,16,treewalker_fullwalk,1304,21,90.404000,90.093000,90.681000
flchain,xgboost,arm,500,4,16,treewalker,1304,21,13.973000,13.589000,14.781000
flchain,xgboost,arm,500,4,16,tl2cgen,1304,21,55.594000,53.587000,58.672000
flchain,xgboost,arm,500,4,16,xgboost_native,1304,21,225.660000,218.723000,229.544000
flchain,lightgbm,arm,500,4,2,treewalker_fullwalk,1304,21,11.476000,11.317000,11.778000
flchain,lightgbm,arm,500,4,2,treewalker,1304,21,7.375000,6.446000,9.005000
flchain,lightgbm,arm,500,4,2,lleaves,1304,21,5.343000,4.777000,6.136000
flchain,lightgbm,arm,500,4,2,tl2cgen,1304,21,11.362000,10.512000,11.788000
flchain,lightgbm,arm,500,4,2,lightgbm_native,1304,21,24.598000,21.601000,27.064000
flchain,lightgbm,arm,500,4,2,quickscorer,1304,21,2.835000,2.380000,4.022000
flchain,xgboost,arm,500,4,2,treewalker_fullwalk,1304,21,12.436000,12.235000,12.705000
flchain,xgboost,arm,500,4,2,treewalker,1304,21,7.617000,7.131000,9.012000
flchain,xgboost,arm,500,4,2,tl2cgen,1304,21,7.507000,6.842000,7.602000
flchain,xgboost,arm,500,4,2,xgboost_native,1304,21,222.071000,215.931000,225.968000
flchain,lightgbm,arm,500,4,32,treewalker_fullwalk,1304,21,159.859000,159.221000,160.259000
flchain,lightgbm,arm,500,4,32,treewalker,1304,21,22.055000,21.269000,23.850000
flchain,lightgbm,arm,500,4,32,lleaves,1304,21,52.033000,51.675000,53.433000
flchain,lightgbm,arm,500,4,32,tl2cgen,1304,21,133.430000,124.805000,136.362000
flchain,lightgbm,arm,500,4,32,lightgbm_native,1304,21,241.125000,238.708000,246.193000
flchain,lightgbm,arm,500,4,32,quickscorer,1304,21,50.046000,44.966000,66.795000
flchain,xgboost,arm,500,4,32,treewalker_fullwalk,1304,21,179.181000,178.805000,179.593000
flchain,xgboost,arm,500,4,32,treewalker,1304,21,22.230000,21.498000,23.524000
flchain,xgboost,arm,500,4,32,tl2cgen,1304,21,114.158000,110.253000,120.246000
flchain,xgboost,arm,500,4,32,xgboost_native,1304,21,225.532000,221.322000,227.563000
flchain,lightgbm,arm,500,4,4,treewalker_fullwalk,1304,21,21.459000,21.329000,21.710000
flchain,lightgbm,arm,500,4,4,treewalker,1304,21,8.647000,8.203000,9.859000
flchain,lightgbm,arm,500,4,4,lleaves,1304,21,9.073000,8.910000,9.754000
flchain,lightgbm,arm,500,4,4,tl2cgen,1304,21,21.010000,20.278000,21.857000
flchain,lightgbm,arm,500,4,4,lightgbm_native,1304,21,41.541000,39.885000,44.724000
flchain,lightgbm,arm,500,4,4,quickscorer,1304,21,5.909000,5.166000,8.392000
flchain,xgboost,arm,500,4,4,treewalker_fullwalk,1304,21,23.937000,23.783000,24.151000
flchain,xgboost,arm,500,4,4,treewalker,1304,21,9.010000,8.654000,10.635000
flchain,xgboost,arm,500,4,4,tl2cgen,1304,21,15.055000,13.876000,15.370000
flchain,xgboost,arm,500,4,4,xgboost_native,1304,21,223.911000,216.747000,229.966000
flchain,lightgbm,arm,500,4,64,treewalker_fullwalk,1304,21,316.385000,315.805000,317.623000
flchain,lightgbm,arm,500,4,64,treewalker,1304,21,37.494000,36.389000,39.603000
flchain,lightgbm,arm,500,4,64,lleaves,1304,21,97.709000,97.180000,99.723000
flchain,lightgbm,arm,500,4,64,tl2cgen,1304,21,253.802000,237.418000,262.176000
flchain,lightgbm,arm,500,4,64,lightgbm_native,1304,21,459.393000,457.641000,466.855000
flchain,lightgbm,arm,500,4,64,quickscorer,1304,21,103.265000,94.103000,137.719000
flchain,xgboost,arm,500,4,64,treewalker_fullwalk,1304,11,355.363000,354.838000,355.711000
flchain,xgboost,arm,500,4,64,treewalker,1304,11,37.183000,36.699000,38.991000
flchain,xgboost,arm,500,4,64,tl2cgen,1304,11,223.593000,218.536000,233.805000
flchain,xgboost,arm,500,4,64,xgboost_native,1304,11,225.793000,220.316000,228.944000
flchain,lightgbm,arm,500,4,8,treewalker_fullwalk,1304,21,41.667000,41.513000,42.034000
flchain,lightgbm,arm,500,4,8,treewalker,1304,21,10.980000,10.356000,13.171000
flchain,lightgbm,arm,500,4,8,lleaves,1304,21,16.621000,16.026000,18.092000
flchain,lightgbm,arm,500,4,8,tl2cgen,1304,21,39.633000,38.275000,40.105000
flchain,lightgbm,arm,500,4,8,lightgbm_native,1304,21,76.401000,74.974000,81.884000
flchain,lightgbm,arm,500,4,8,quickscorer,1304,21,12.265000,10.932000,17.105000
flchain,xgboost,arm,500,4,8,treewalker_fullwalk,1304,21,46.126000,45.987000,46.396000
flchain,xgboost,arm,500,4,8,treewalker,1304,21,11.208000,10.631000,12.824000
flchain,xgboost,arm,500,4,8,tl2cgen,1304,21,29.039000,27.710000,30.641000
flchain,xgboost,arm,500,4,8,xgboost_native,1304,21,223.553000,219.517000,226.580000
flchain,lightgbm,arm,500,8,1,treewalker_fullwalk,1304,21,16.851000,16.550000,17.725000
flchain,lightgbm,arm,500,8,1,treewalker,1304,21,11.647000,11.148000,13.571000
flchain,lightgbm,arm,500,8,1,lleaves,1304,21,6.838000,6.461000,7.988000
flchain,lightgbm,arm,500,8,1,tl2cgen,1304,21,12.949000,11.690000,13.600000
flchain,lightgbm,arm,500,8,1,lightgbm_native,1304,21,26.842000,26.416000,27.705000
flchain,lightgbm,arm,500,8,1,quickscorer,1304,21,6.488000,4.927000,10.286000
flchain,xgboost,arm,500,8,1,treewalker_fullwalk,1304,21,20.296000,20.186000,21.337000
flchain,xgboost,arm,500,8,1,treewalker,1304,21,12.458000,12.188000,14.544000
flchain,xgboost,arm,500,8,1,tl2cgen,1304,21,6.099000,5.383000,6.132000
flchain,xgboost,arm,500,8,1,xgboost_native,1304,21,221.879000,215.042000,225.380000
flchain,lightgbm,arm,500,8,128,treewalker_fullwalk,1304,21,1742.533000,1738.171000,1744.293000
flchain,lightgbm,arm,500,8,128,treewalker,1304,21,142.936000,140.102000,146.040000
flchain,lightgbm,arm,500,8,128,lleaves,1304,21,307.342000,305.210000,316.284000
flchain,lightgbm,arm,500,8,128,tl2cgen,1304,21,1083.600000,953.069000,1210.260000
flchain,lightgbm,arm,500,8,128,lightgbm_native,1304,21,1993.023000,1963.624000,2009.217000
flchain,xgboost,arm,500,8,128,treewalker_fullwalk,1304,11,1933.468000,1920.020000,1941.842000
flchain,xgboost,arm,500,8,128,treewalker,1304,11,142.326000,140.378000,145.571000
flchain,xgboost,arm,500,8,128,tl2cgen,1304,11,682.891000,681.092000,725.701000
flchain,xgboost,arm,500,8,128,xgboost_native,1304,11,227.449000,224.064000,229.150000
flchain,lightgbm,arm,500,8,16,treewalker_fullwalk,1304,21,225.381000,223.782000,226.857000
flchain,lightgbm,arm,500,8,16,treewalker,1304,21,39.843000,39.264000,43.455000
flchain,lightgbm,arm,500,8,16,lleaves,1304,21,55.991000,54.012000,58.468000
flchain,lightgbm,arm,500,8,16,tl2cgen,1304,21,180.206000,161.175000,193.010000
flchain,lightgbm,arm,500,8,16,lightgbm_native,1304,21,353.675000,344.157000,356.380000
flchain,xgboost,arm,500,8,16,treewalker_fullwalk,1304,21,256.143000,254.891000,258.369000
flchain,xgboost,arm,500,8,16,treewalker,1304,21,41.602000,40.077000,44.741000
flchain,xgboost,arm,500,8,16,tl2cgen,1304,21,95.506000,89.195000,97.320000
flchain,xgboost,arm,500,8,16,xgboost_native,1304,21,227.665000,222.559000,230.338000
flchain,lightgbm,arm,500,8,2,treewalker_fullwalk,1304,21,31.249000,30.374000,32.781000
flchain,lightgbm,arm,500,8,2,treewalker,1304,21,16.581000,14.421000,20.318000
flchain,lightgbm,arm,500,8,2,lleaves,1304,21,11.748000,9.520000,14.613000
flchain,lightgbm,arm,500,8,2,tl2cgen,1304,21,28.410000,26.910000,29.554000
flchain,lightgbm,arm,500,8,2,lightgbm_native,1304,21,50.202000,45.016000,54.900000
flchain,xgboost,arm,500,8,2,treewalker_fullwalk,1304,21,38.046000,37.165000,39.788000
flchain,xgboost,arm,500,8,2,treewalker,1304,21,19.056000,17.659000,23.373000
flchain,xgboost,arm,500,8,2,tl2cgen,1304,21,13.614000,12.120000,13.833000
flchain,xgboost,arm,500,8,2,xgboost_native,1304,21,225.549000,222.558000,230.153000
flchain,lightgbm,arm,500,8,32,treewalker_fullwalk,1304,21,447.047000,444.687000,449.983000
flchain,lightgbm,arm,500,8,32,treewalker,1304,21,56.854000,56.049000,61.596000
flchain,lightgbm,arm,500,8,32,lleaves,1304,21,99.289000,96.799000,103.082000
flchain,lightgbm,arm,500,8,32,tl2cgen,1304,21,353.992000,314.381000,380.765000
flchain,lightgbm,arm,500,8,32,lightgbm_native,1304,21,661.282000,638.918000,672.510000
flchain,xgboost,arm,500,8,32,treewalker_fullwalk,1304,21,499.662000,492.169000,503.658000
flchain,xgboost,arm,500,8,32,treewalker,1304,21,56.191000,54.863000,60.008000
flchain,xgboost,arm,500,8,32,tl2cgen,1304,21,197.465000,188.772000,208.128000
flchain,xgboost,arm,500,8,32,xgboost_native,1304,21,225.602000,222.353000,227.947000
flchain,lightgbm,arm,500,8,4,treewalker_fullwalk,1304,21,59.118000,58.302000,60.378000
flchain,lightgbm,arm,500,8,4,treewalker,1304,21,21.658000,20.984000,25.617000
flchain,lightgbm,arm,500,8,4,lleaves,1304,21,19.481000,17.941000,21.945000
flchain,lightgbm,arm,500,8,4,tl2cgen,1304,21,54.323000,50.596000,58.146000
flchain,lightgbm,arm,500,8,4,lightgbm_native,1304,21,93.256000,86.602000,100.202000
flchain,xgboost,arm,500,8,4,treewalker_fullwalk,1304,21,70.081000,68.714000,72.621000
flchain,xgboost,arm,500,8,4,treewalker,1304,21,25.298000,23.556000,31.415000
flchain,xgboost,arm,500,8,4,tl2cgen,1304,21,26.378000,24.111000,26.727000
flchain,xgboost,arm,500,8,4,xgboost_native,1304,21,225.576000,221.694000,227.650000
flchain,lightgbm,arm,500,8,64,treewalker_fullwalk,1304,21,878.687000,876.180000,880.722000
flchain,lightgbm,arm,500,8,64,treewalker,1304,21,74.869000,73.435000,79.060000
flchain,lightgbm,arm,500,8,64,lleaves,1304,21,169.383000,167.080000,175.724000
flchain,lightgbm,arm,500,8,64,tl2cgen,1304,21,606.897000,539.823000,666.047000
flchain,lightgbm,arm,500,8,64,lightgbm_native,1304,21,1087.860000,1078.838000,1095.769000
flchain,xgboost,arm,500,8,64,treewalker_fullwalk,1304,11,980.289000,974.024000,982.960000
flchain,xgboost,arm,500,8,64,treewalker,1304,11,75.981000,74.067000,78.185000
flchain,xgboost,arm,500,8,64,tl2cgen,1304,11,365.061000,357.477000,382.988000
flchain,xgboost,arm,500,8,64,xgboost_native,1304,11,225.968000,224.079000,228.211000
flchain,lightgbm,arm,500,8,8,treewalker_fullwalk,1304,21,114.307000,112.985000,115.613000
flchain,lightgbm,arm,500,8,8,treewalker,1304,21,29.846000,28.868000,34.220000
flchain,lightgbm,arm,500,8,8,lleaves,1304,21,33.010000,31.223000,35.953000
flchain,lightgbm,arm,500,8,8,tl2cgen,1304,21,100.791000,92.778000,106.732000
flchain,lightgbm,arm,500,8,8,lightgbm_native,1304,21,195.827000,187.285000,206.164000
flchain,xgboost,arm,500,8,8,treewalker_fullwalk,1304,21,132.106000,131.066000,133.804000
flchain,xgboost,arm,500,8,8,treewalker,1304,21,32.138000,31.353000,38.126000
flchain,xgboost,arm,500,8,8,tl2cgen,1304,21,51.079000,47.902000,51.804000
flchain,xgboost,arm,500,8,8,xgboost_native,1304,21,226.104000,220.051000,228.036000
flchain,lightgbm,arm,50,16,1,treewalker_fullwalk,1304,21,3.983000,2.604000,4.239000
flchain,lightgbm,arm,50,16,1,treewalker,1304,21,2.247000,1.891000,2.294000
flchain,lightgbm,arm,50,16,1,lleaves,1304,21,1.067000,0.850000,1.300000
flchain,lightgbm,arm,50,16,1,tl2cgen,1304,21,1.499000,1.138000,1.804000
flchain,lightgbm,arm,50,16,1,lightgbm_native,1304,21,7.054000,6.105000,7.394000
flchain,xgboost,arm,50,16,1,treewalker_fullwalk,1304,21,4.922000,3.386000,5.251000
flchain,xgboost,arm,50,16,1,treewalker,1304,21,2.705000,2.063000,2.864000
flchain,xgboost,arm,50,16,1,tl2cgen,1304,21,0.336000,0.334000,0.343000
flchain,xgboost,arm,50,16,1,xgboost_native,1304,21,216.651000,209.953000,219.794000
flchain,lightgbm,arm,50,16,128,treewalker_fullwalk,1304,21,480.490000,466.703000,482.301000
flchain,lightgbm,arm,50,16,128,treewalker,1304,21,44.513000,35.591000,49.129000
flchain,lightgbm,arm,50,16,128,lleaves,1304,21,105.366000,85.353000,116.371000
flchain,lightgbm,arm,50,16,128,tl2cgen,1304,21,174.603000,129.743000,187.885000
flchain,lightgbm,arm,50,16,128,lightgbm_native,1304,21,462.673000,405.882000,488.975000
flchain,xgboost,arm,50,16,128,treewalker_fullwalk,1304,21,397.792000,360.199000,424.576000
flchain,xgboost,arm,50,16,128,treewalker,1304,21,26.627000,19.941000,28.795000
flchain,xgboost,arm,50,16,128,tl2cgen,1304,21,50.818000,50.597000,53.851000
flchain,xgboost,arm,50,16,128,xgboost_native,1304,21,221.070000,214.781000,224.985000
flchain,lightgbm,arm,50,16,16,treewalker_fullwalk,1304,21,63.065000,55.571000,63.305000
flchain,lightgbm,arm,50,16,16,treewalker,1304,21,14.145000,12.172000,14.990000
flchain,lightgbm,arm,50,16,16,lleaves,1304,21,16.888000,13.860000,17.990000
flchain,lightgbm,arm,50,16,16,tl2cgen,1304,21,28.119000,20.826000,31.387000
flchain,lightgbm,arm,50,16,16,lightgbm_native,1304,21,72.407000,60.575000,75.076000
flchain,xgboost,arm,50,16,16,treewalker_fullwalk,1304,21,62.252000,48.872000,65.027000
flchain,xgboost,arm,50,16,16,treewalker,1304,21,11.220000,6.427000,12.414000
flchain,xgboost,arm,50,16,16,tl2cgen,1304,21,5.836000,5.328000,6.736000
flchain,xgboost,arm,50,16,16,xgboost_native,1304,21,218.043000,216.545000,222.044000
flchain,lightgbm,arm,50,16,2,treewalker_fullwalk,1304,21,8.341000,6.962000,8.706000
flchain,lightgbm,arm,50,16,2,treewalker,1304,21,3.999000,3.071000,4.195000
flchain,lightgbm,arm,50,16,2,lleaves,1304,21,2.377000,1.769000,2.840000
flchain,lightgbm,arm,50,16,2,tl2cgen,1304,21,3.504000,2.574000,3.955000
flchain,lightgbm,arm,50,16,2,lightgbm_native,1304,21,11.221000,9.686000,12.078000
flchain,xgboost,arm,50,16,2,treewalker_fullwalk,1304,21,10.096000,7.138000,10.458000
flchain,xgboost,arm,50,16,2,treewalker,1304,21,4.710000,2.452000,5.340000
flchain,xgboost,arm,50,16,2,tl2cgen,1304,21,0.854000,0.658000,0.886000
flchain,xgboost,arm,50,16,2,xgboost_native,1304,21,217.174000,212.672000,220.238000
flchain,lightgbm,arm,50,16,32,treewalker_fullwalk,1304,21,123.075000,114.404000,123.820000
flchain,lightgbm,arm,50,16,32,treewalker,1304,21,19.485000,16.476000,21.190000
flchain,lightgbm,arm,50,16,32,lleaves,1304,21,31.151000,24.524000,35.028000
flchain,lightgbm,arm,50,16,32,tl2cgen,1304,21,51.363000,37.002000,59.322000
flchain,lightgbm,arm,50,16,32,lightgbm_native,1304,21,135.907000,113.142000,144.085000
flchain,xgboost,arm,50,16,32,treewalker_fullwalk,1304,21,110.278000,91.349000,116.603000
flchain,xgboost,arm,50,16,32,treewalker,1304,21,14.192000,8.124000,16.078000
flchain,xgboost,arm,50,16,32,tl2cgen,1304,21,11.748000,11.711000,12.274000
flchain,xgboost,arm,50,16,32,xgboost_native,1304,21,219.501000,218.184000,222.960000
flchain,lightgbm,arm,50,16,4,treewalker_fullwalk,1304,21,16.693000,15.541000,17.322000
flchain,lightgbm,arm,50,16,4,treewalker,1304,21,6.515000,5.667000,6.779000
flchain,lightgbm,arm,50,16,4,lleaves,1304,21,4.886000,4.114000,5.359000
flchain,lightgbm,arm,50,16,4,tl2cgen,1304,21,7.219000,5.604000,8.206000
flchain,lightgbm,arm,50,16,4,lightgbm_native,1304,21,20.094000,17.480000,20.690000
flchain,xgboost,arm,50,16,4,treewalker_fullwalk,1304,21,18.527000,12.815000,20.291000
flchain,xgboost,arm,50,16,4,treewalker,1304,21,7.424000,3.510000,8.520000
flchain,xgboost,arm,50,16,4,tl2cgen,1304,21,1.674000,1.429000,1.693000
flchain,xgboost,arm,50,16,4,xgboost_native,1304,21,216.687000,212.668000,220.963000
flchain,lightgbm,arm,50,16,64,treewalker_fullwalk,1304,21,242.977000,232.958000,244.690000
flchain,lightgbm,arm,50,16,64,treewalker,1304,21,28.441000,21.294000,30.278000
flchain,lightgbm,arm,50,16,64,lleaves,1304,21,58.369000,44.757000,66.191000
flchain,lightgbm,arm,50,16,64,tl2cgen,1304,21,94.165000,67.320000,109.322000
flchain,lightgbm,arm,50,16,64,lightgbm_native,1304,21,257.917000,213.579000,266.527000
flchain,xgboost,arm,50,16,64,treewalker_fullwalk,1304,21,205.416000,183.008000,222.349000
flchain,xgboost,arm,50,16,64,treewalker,1304,21,17.541000,11.123000,19.222000
flchain,xgboost,arm,50,16,64,tl2cgen,1304,21,24.618000,24.251000,26.820000
flchain,xgboost,arm,50,16,64,xgboost_native,1304,21,220.940000,214.434000,223.991000
flchain,lightgbm,arm,50,16,8,treewalker_fullwalk,1304,21,32.687000,29.213000,33.378000
flchain,lightgbm,arm,50,16,8,treewalker,1304,21,9.840000,8.723000,10.178000
flchain,lightgbm,arm,50,16,8,lleaves,1304,21,9.110000,8.063000,9.673000
flchain,lightgbm,arm,50,16,8,tl2cgen,1304,21,14.075000,11.106000,15.461000
flchain,lightgbm,arm,50,16,8,lightgbm_native,1304,21,37.426000,32.676000,39.500000
flchain,xgboost,arm,50,16,8,treewalker_fullwalk,1304,21,34.433000,25.531000,35.823000
flchain,xgboost,arm,50,16,8,treewalker,1304,21,9.107000,4.836000,10.701000
flchain,xgboost,arm,50,16,8,tl2cgen,1304,21,2.838000,2.522000,3.558000
flchain,xgboost,arm,50,16,8,xgboost_native,1304,21,218.221000,212.756000,222.516000
flchain,lightgbm,arm,50,2,1,treewalker_fullwalk,1304,21,0.261000,0.226000,0.280000
flchain,lightgbm,arm,50,2,1,treewalker,1304,21,0.391000,0.366000,0.412000
flchain,lightgbm,arm,50,2,1,lleaves,1304,21,0.152000,0.150000,0.155000
flchain,lightgbm,arm,50,2,1,tl2cgen,1304,21,0.192000,0.192000,0.201000
flchain,lightgbm,arm,50,2,1,lightgbm_native,1304,21,4.125000,4.081000,4.167000
flchain,lightgbm,arm,50,2,1,quickscorer,1304,21,0.067000,0.042000,0.098000
flchain,xgboost,arm,50,2,1,treewalker_fullwalk,1304,21,0.297000,0.293000,0.305000
flchain,xgboost,arm,50,2,1,treewalker,1304,21,0.441000,0.408000,0.482000
flchain,xgboost,arm,50,2,1,tl2cgen,1304,21,0.324000,0.323000,0.324000
flchain,xgboost,arm,50,2,1,xgboost_native,1304,21,208.298000,206.813000,210.077000
flchain,lightgbm,arm,50,2,128,treewalker_fullwalk,1304,21,22.579000,18.409000,24.876000
flchain,lightgbm,arm,50,2,128,treewalker,1304,21,10.265000,9.863000,10.672000
flchain,lightgbm,arm,50,2,128,lleaves,1304,21,16.572000,16.505000,16.601000
flchain,lightgbm,arm,50,2,128,tl2cgen,1304,21,19.788000,19.765000,19.816000
flchain,lightgbm,arm,50,2,128,lightgbm_native,1304,21,52.811000,48.415000,55.205000
flchain,lightgbm,arm,50,2,128,quickscorer,1304,21,4.157000,2.007000,6.729000
flchain,xgboost,arm,50,2,128,treewalker_fullwalk,1304,11,28.945000,28.870000,29.143000
flchain,xgboost,arm,50,2,128,treewalker,1304,11,10.627000,10.494000,11.106000
flchain,xgboost,arm,50,2,128,tl2cgen,1304,11,37.247000,37.199000,37.283000
flchain,xgboost,arm,50,2,128,xgboost_native,1304,11,209.727000,208.705000,211.961000
flchain,lightgbm,arm,50,2,16,treewalker_fullwalk,1304,21,2.929000,2.355000,3.121000
flchain,lightgbm,arm,50,2,16,treewalker,1304,21,0.950000,0.865000,1.042000
flchain,lightgbm,arm,50,2,16,lleaves,1304,21,2.131000,2.128000,2.132000
flchain,lightgbm,arm,50,2,16,tl2cgen,1304,21,2.508000,2.505000,2.558000
flchain,lightgbm,arm,50,2,16,lightgbm_native,1304,21,10.179000,9.502000,10.654000
flchain,lightgbm,arm,50,2,16,quickscorer,1304,21,0.687000,0.298000,1.122000
flchain,xgboost,arm,50,2,16,treewalker_fullwalk,1304,21,3.621000,3.608000,3.682000
flchain,xgboost,arm,50,2,16,treewalker,1304,21,1.022000,0.960000,1.120000
flchain,xgboost,arm,50,2,16,tl2cgen,1304,21,4.643000,4.641000,4.644000
flchain,xgboost,arm,50,2,16,xgboost_native,1304,21,209.664000,208.061000,213.407000
flchain,lightgbm,arm,50,2,2,treewalker_fullwalk,1304,21,0.431000,0.377000,0.473000
flchain,lightgbm,arm,50,2,2,treewalker,1304,21,0.471000,0.406000,0.544000
flchain,lightgbm,arm,50,2,2,lleaves,1304,21,0.316000,0.315000,0.318000
flchain,lightgbm,arm,50,2,2,tl2cgen,1304,21,0.347000,0.345000,0.356000
flchain,lightgbm,arm,50,2,2,lightgbm_native,1304,21,4.600000,4.499000,4.648000
flchain,lightgbm,arm,50,2,2,quickscorer,1304,21,0.108000,0.053000,0.172000
flchain,xgboost,arm,50,2,2,treewalker_fullwalk,1304,21,0.515000,0.511000,0.521000
flchain,xgboost,arm,50,2,2,treewalker,1304,21,0.531000,0.459000,0.624000
flchain,xgboost,arm,50,2,2,tl2cgen,1304,21,0.612000,0.611000,0.613000
flchain,xgboost,arm,50,2,2,xgboost_native,1304,21,208.266000,205.928000,209.530000
flchain,lightgbm,arm,50,2,32,treewalker_fullwalk,1304,21,5.879000,4.809000,6.325000
flchain,lightgbm,arm,50,2,32,treewalker,1304,21,1.647000,1.563000,1.800000
flchain,lightgbm,arm,50,2,32,lleaves,1304,21,4.114000,4.109000,4.119000
flchain,lightgbm,arm,50,2,32,tl2cgen,1304,21,4.975000,4.974000,5.025000
flchain,lightgbm,arm,50,2,32,lightgbm_native,1304,21,16.659000,15.672000,17.446000
flchain,lightgbm,arm,50,2,32,quickscorer,1304,21,1.158000,0.521000,1.963000
flchain,xgboost,arm,50,2,32,treewalker_fullwalk,1304,21,7.319000,7.268000,7.422000
flchain,xgboost,arm,50,2,32,treewalker,1304,21,1.724000,1.675000,1.849000
flchain,xgboost,arm,50,2,32,tl2cgen,1304,21,9.318000,9.316000,9.322000
flchain,xgboost,arm,50,2,32,xgboost_native,1304,21,211.296000,208.501000,213.933000
flchain,lightgbm,arm,50,2,4,treewalker_fullwalk,1304,21,0.808000,0.638000,0.881000
flchain,lightgbm,arm,50,2,4,treewalker,1304,21,0.551000,0.480000,0.622000
flchain,lightgbm,arm,50,2,4,lleaves,1304,21,0.565000,0.563000,0.567000
flchain,lightgbm,arm,50,2,4,tl2cgen,1304,21,0.656000,0.653000,0.667000
flchain,lightgbm,arm,50,2,4,lightgbm_native,1304,21,5.404000,5.187000,5.562000
flchain,lightgbm,arm,50,2,4,quickscorer,1304,21,0.181000,0.097000,0.331000
flchain,xgboost,arm,50,2,4,treewalker_fullwalk,1304,21,0.969000,0.959000,0.974000
flchain,xgboost,arm,50,2,4,treewalker,1304,21,0.616000,0.564000,0.695000
flchain,xgboost,arm,50,2,4,tl2cgen,1304,21,1.193000,1.192000,1.194000
flchain,xgboost,arm,50,2,4,xgboost_native,1304,21,208.624000,206.403000,210.965000
flchain,lightgbm,arm,50,2,64,treewalker_fullwalk,1304,21,11.311000,9.305000,12.297000
flchain,lightgbm,arm,50,2,64,treewalker,1304,21,3.159000,3.064000,3.360000
flchain,lightgbm,arm,50,2,64,lleaves,1304,21,8.158000,8.149000,8.177000
flchain,lightgbm,arm,50,2,64,tl2cgen,1304,21,9.921000,9.917000,9.957000
flchain,lightgbm,arm,50,2,64,lightgbm_native,1304,21,28.642000,26.470000,29.903000
flchain,lightgbm,arm,50,2,64,quickscorer,1304,21,2.153000,1.011000,3.690000
flchain,xgboost,arm,50,2,64,treewalker_fullwalk,1304,21,14.481000,14.276000,14.556000
flchain,xgboost,arm,50,2,64,treewalker,1304,21,3.454000,3.320000,3.666000
flchain,xgboost,arm,50,2,64,tl2cgen,1304,21,18.562000,18.558000,18.564000
flchain,xgboost,arm,50,2,64,xgboost_native,1304,21,210.070000,208.102000,213.515000
flchain,lightgbm,arm,50,2,8,treewalker_fullwalk,1304,21,1.486000,1.172000,1.622000
flchain,lightgbm,arm,50,2,8,treewalker,1304,21,0.690000,0.599000,0.748000
flchain,lightgbm,arm,50,2,8,lleaves,1304,21,1.071000,1.067000,1.073000
flchain,lightgbm,arm,50,2,8,tl2cgen,1304,21,1.273000,1.272000,1.295000
flchain,lightgbm,arm,50,2,8,lightgbm_native,1304,21,7.077000,6.663000,7.351000
flchain,lightgbm,arm,50,2,8,quickscorer,1304,21,0.341000,0.171000,0.573000
flchain,xgboost,arm,50,2,8,treewalker_fullwalk,1304,21,1.845000,1.820000,1.862000
flchain,xgboost,arm,50,2,8,treewalker,1304,21,0.754000,0.689000,0.857000
flchain,xgboost,arm,50,2,8,tl2cgen,1304,21,2.356000,2.355000,2.358000
flchain,xgboost,arm,50,2,8,xgboost_native,1304,21,210.160000,208.907000,212.547000
flchain,lightgbm,arm,50,4,1,treewalker_fullwalk,1304,21,0.593000,0.580000,0.605000
flchain,lightgbm,arm,50,4,1,treewalker,1304,21,0.570000,0.495000,0.720000
flchain,lightgbm,arm,50,4,1,lleaves,1304,21,0.202000,0.184000,0.231000
flchain,lightgbm,arm,50,4,1,tl2cgen,1304,21,0.294000,0.253000,0.340000
flchain,lightgbm,arm,50,4,1,lightgbm_native,1304,21,4.535000,4.435000,4.645000
flchain,lightgbm,arm,50,4,1,quickscorer,1304,21,0.236000,0.188000,0.320000
flchain,xgboost,arm,50,4,1,treewalker_fullwalk,1304,21,0.678000,0.647000,0.741000
flchain,xgboost,arm,50,4,1,treewalker,1304,21,0.675000,0.593000,0.882000
flchain,xgboost,arm,50,4,1,tl2cgen,1304,21,0.333000,0.331000,0.335000
flchain,xgboost,arm,50,4,1,xgboost_native,1304,21,213.262000,210.396000,216.650000
flchain,lightgbm,arm,50,4,128,treewalker_fullwalk,1304,21,63.559000,60.652000,63.932000
flchain,lightgbm,arm,50,4,128,treewalker,1304,21,12.935000,12.744000,13.426000
flchain,lightgbm,arm,50,4,128,lleaves,1304,21,17.755000,16.946000,18.552000
flchain,lightgbm,arm,50,4,128,tl2cgen,1304,21,23.752000,22.587000,24.109000
flchain,lightgbm,arm,50,4,128,lightgbm_native,1304,21,84.994000,80.307000,87.076000
flchain,lightgbm,arm,50,4,128,quickscorer,1304,21,23.851000,19.685000,32.999000
flchain,xgboost,arm,50,4,128,treewalker_fullwalk,1304,11,70.320000,69.620000,70.661000
flchain,xgboost,arm,50,4,128,treewalker,1304,11,13.107000,12.871000,13.546000
flchain,xgboost,arm,50,4,128,tl2cgen,1304,11,38.424000,38.347000,38.536000
flchain,xgboost,arm,50,4,128,xgboost_native,1304,11,212.140000,209.178000,216.549000
flchain,lightgbm,arm,50,4,16,treewalker_fullwalk,1304,21,7.990000,7.865000,8.203000
flchain,lightgbm,arm,50,4,16,treewalker,1304,21,1.596000,1.431000,1.854000
flchain,lightgbm,arm,50,4,16,lleaves,1304,21,2.554000,2.261000,2.801000
flchain,lightgbm,arm,50,4,16,tl2cgen,1304,21,3.495000,3.200000,3.736000
flchain,lightgbm,arm,50,4,16,lightgbm_native,1304,21,14.983000,13.995000,15.922000
flchain,lightgbm,arm,50,4,16,quickscorer,1304,21,3.261000,2.751000,4.548000
flchain,xgboost,arm,50,4,16,treewalker_fullwalk,1304,21,8.968000,8.918000,9.105000
flchain,xgboost,arm,50,4,16,treewalker,1304,21,1.628000,1.441000,1.836000
flchain,xgboost,arm,50,4,16,tl2cgen,1304,21,4.838000,4.816000,4.847000
flchain,xgboost,arm,50,4,16,xgboost_native,1304,21,217.305000,211.400000,220.858000
flchain,lightgbm,arm,50,4,2,treewalker_fullwalk,1304,21,1.088000,1.062000,1.099000
flchain,lightgbm,arm,50,4,2,treewalker,1304,21,0.804000,0.589000,1.016000
flchain,lightgbm,arm,50,4,2,lleaves,1304,21,0.382000,0.341000,0.423000
flchain,lightgbm,arm,50,4,2,tl2cgen,1304,21,0.551000,0.466000,0.616000
flchain,lightgbm,arm,50,4,2,lightgbm_native,1304,21,5.268000,5.093000,5.509000
flchain,lightgbm,arm,50,4,2,quickscorer,1304,21,0.443000,0.353000,0.594000
flchain,xgboost,arm,50,4,2,treewalker_fullwalk,1304,21,1.219000,1.185000,1.266000
flchain,xgboost,arm,50,4,2,treewalker,1304,21,0.885000,0.689000,1.101000
flchain,xgboost,arm,50,4,2,tl2cgen,1304,21,0.629000,0.628000,0.630000
flchain,xgboost,arm,50,4,2,xgboost_native,1304,21,216.015000,211.816000,218.589000
flchain,lightgbm,arm,50,4,32,treewalker_fullwalk,1304,21,16.027000,15.597000,16.243000
flchain,lightgbm,arm,50,4,32,treewalker,1304,21,2.470000,2.324000,2.833000
flchain,lightgbm,arm,50,4,32,lleaves,1304,21,4.912000,4.511000,5.273000
flchain,lightgbm,arm,50,4,32,tl2cgen,1304,21,6.587000,6.421000,6.730000
flchain,lightgbm,arm,50,4,32,lightgbm_native,1304,21,25.223000,24.259000,26.647000
flchain,lightgbm,arm,50,4,32,quickscorer,1304,21,6.499000,5.587000,8.842000
flchain,xgboost,arm,50,4,32,treewalker_fullwalk,1304,21,17.696000,17.524000,17.936000
flchain,xgboost,arm,50,4,32,treewalker,1304,21,2.644000,2.468000,2.912000
flchain,xgboost,arm,50,4,32,tl2cgen,1304,21,9.635000,9.629000,9.643000
flchain,xgboost,arm,50,4,32,xgboost_native,1304,21,220.482000,212.058000,223.976000
flchain,lightgbm,arm,50,4,4,treewalker_fullwalk,1304,21,2.094000,2.057000,2.105000
flchain,lightgbm,arm,50,4,4,treewalker,1304,21,0.906000,0.703000,1.118000
flchain,lightgbm,arm,50,4,4,lleaves,1304,21,0.756000,0.627000,0.836000
flchain,lightgbm,arm,50,4,4,tl2cgen,1304,21,1.009000,0.871000,1.179000
flchain,lightgbm,arm,50,4,4,lightgbm_native,1304,21,6.732000,6.444000,7.192000
flchain,lightgbm,arm,50,4,4,quickscorer,1304,21,0.815000,0.627000,1.176000
flchain,xgboost,arm,50,4,4,treewalker_fullwalk,1304,21,2.365000,2.340000,2.392000
flchain,xgboost,arm,50,4,4,treewalker,1304,21,1.070000,0.863000,1.305000
flchain,xgboost,arm,50,4,4,tl2cgen,1304,21,1.223000,1.222000,1.224000
flchain,xgboost,arm,50,4,4,xgboost_native,1304,21,216.940000,210.102000,219.151000
flchain,lightgbm,arm,50,4,64,treewalker_fullwalk,1304,21,32.051000,31.015000,32.177000
flchain,lightgbm,arm,50,4,64,treewalker,1304,21,4.453000,4.302000,4.959000
flchain,lightgbm,arm,50,4,64,lleaves,1304,21,9.112000,8.603000,9.667000
flchain,lightgbm,arm,50,4,64,tl2cgen,1304,21,12.202000,11.673000,12.439000
flchain,lightgbm,arm,50,4,64,lightgbm_native,1304,21,45.221000,43.626000,46.377000
flchain,lightgbm,arm,50,4,64,quickscorer,1304,21,12.624000,10.826000,17.294000
flchain,xgboost,arm,50,4,64,treewalker_fullwalk,1304,21,35.290000,35.042000,35.604000
flchain,xgboost,arm,50,4,64,treewalker,1304,21,4.727000,4.585000,5.095000
flchain,xgboost,arm,50,4,64,tl2cgen,1304,21,19.193000,19.147000,19.208000
flchain,xgboost,arm,50,4,64,xgboost_native,1304,21,218.814000,212.872000,222.542000
flchain,lightgbm,arm,50,4,8,treewalker_fullwalk,1304,21,4.083000,4.030000,4.122000
flchain,lightgbm,arm,50,4,8,treewalker,1304,21,1.180000,1.048000,1.511000
flchain,lightgbm,arm,50,4,8,lleaves,1304,21,1.339000,1.174000,1.556000
flchain,lightgbm,arm,50,4,8,tl2cgen,1304,21,1.873000,1.691000,2.194000
flchain,lightgbm,arm,50,4,8,lightgbm_native,1304,21,9.478000,9.034000,10.329000
flchain,lightgbm,arm,50,4,8,quickscorer,1304,21,1.716000,1.406000,2.356000
flchain,xgboost,arm,50,4,8,treewalker_fullwalk,1304,21,4.510000,4.454000,4.542000
flchain,xgboost,arm,50,4,8,treewalker,1304,21,1.274000,1.091000,1.537000
flchain,xgboost,arm,50,4,8,tl2cgen,1304,21,2.400000,2.397000,2.403000
flchain,xgboost,arm,50,4,8,xgboost_native,1304,21,216.147000,210.365000,218.360000
flchain,lightgbm,arm,50,8,1,treewalker_fullwalk,1304,21,1.650000,1.486000,1.870000
flchain,lightgbm,arm,50,8,1,treewalker,1304,21,1.324000,1.217000,1.641000
flchain,lightgbm,arm,50,8,1,lleaves,1304,21,0.508000,0.419000,0.596000
flchain,lightgbm,arm,50,8,1,tl2cgen,1304,21,0.851000,0.720000,0.908000
flchain,lightgbm,arm,50,8,1,lightgbm_native,1304,21,5.785000,5.574000,6.038000
flchain,lightgbm,arm,50,8,1,quickscorer,1304,21,1.275000,0.957000,2.105000
flchain,xgboost,arm,50,8,1,treewalker_fullwalk,1304,21,2.076000,1.991000,2.331000
flchain,xgboost,arm,50,8,1,treewalker,1304,21,1.555000,1.417000,1.807000
flchain,xgboost,arm,50,8,1,tl2cgen,1304,21,0.376000,0.371000,0.381000
flchain,xgboost,arm,50,8,1,xgboost_native,1304,21,216.204000,210.142000,219.173000
flchain,lightgbm,arm,50,8,128,treewalker_fullwalk,1304,21,173.539000,172.700000,174.800000
flchain,lightgbm,arm,50,8,128,treewalker,1304,21,17.122000,16.409000,17.630000
flchain,lightgbm,arm,50,8,128,lleaves,1304,21,29.383000,26.790000,32.331000
flchain,lightgbm,arm,50,8,128,tl2cgen,1304,21,47.737000,43.562000,48.766000
flchain,lightgbm,arm,50,8,128,lightgbm_native,1304,21,163.826000,158.347000,168.107000
flchain,xgboost,arm,50,8,128,treewalker_fullwalk,1304,21,195.246000,190.390000,196.640000
flchain,xgboost,arm,50,8,128,treewalker,1304,21,17.309000,15.636000,17.868000
flchain,xgboost,arm,50,8,128,tl2cgen,1304,21,48.054000,47.944000,48.842000
flchain,xgboost,arm,50,8,128,xgboost_native,1304,21,217.976000,213.470000,222.619000
flchain,lightgbm,arm,50,8,16,treewalker_fullwalk,1304,21,21.885000,21.531000,22.160000
flchain,lightgbm,arm,50,8,16,treewalker,1304,21,4.293000,3.966000,4.910000
flchain,lightgbm,arm,50,8,16,lleaves,1304,21,5.048000,4.205000,5.803000
flchain,lightgbm,arm,50,8,16,tl2cgen,1304,21,8.383000,8.141000,8.978000
flchain,lightgbm,arm,50,8,16,lightgbm_native,1304,21,27.015000,25.508000,29.796000
flchain,xgboost,arm,50,8,16,treewalker_fullwalk,1304,21,25.734000,25.048000,25.992000
flchain,xgboost,arm,50,8,16,treewalker,1304,21,4.794000,3.788000,5.311000
flchain,xgboost,arm,50,8,16,tl2cgen,1304,21,5.512000,5.470000,5.805000
flchain,xgboost,arm,50,8,16,xgboost_native,1304,21,221.845000,215.697000,227.065000
flchain,lightgbm,arm,50,8,2,treewalker_fullwalk,1304,21,3.116000,2.812000,3.557000
flchain,lightgbm,arm,50,8,2,treewalker,1304,21,2.151000,1.222000,2.653000
flchain,lightgbm,arm,50,8,2,lleaves,1304,21,1.002000,0.562000,1.175000
flchain,lightgbm,arm,50,8,2,tl2cgen,1304,21,1.664000,1.011000,1.867000
flchain,lightgbm,arm,50,8,2,lightgbm_native,1304,21,7.677000,6.516000,8.029000
flchain,xgboost,arm,50,8,2,treewalker_fullwalk,1304,21,4.020000,3.357000,4.312000
flchain,xgboost,arm,50,8,2,treewalker,1304,21,2.475000,1.585000,2.886000
flchain,xgboost,arm,50,8,2,tl2cgen,1304,21,0.768000,0.754000,0.775000
flchain,xgboost,arm,50,8,2,xgboost_native,1304,21,218.271000,211.949000,221.197000
flchain,lightgbm,arm,50,8,32,treewalker_fullwalk,1304,21,43.905000,43.251000,44.285000
flchain,lightgbm,arm,50,8,32,treewalker,1304,21,5.699000,5.146000,6.107000
flchain,lightgbm,arm,50,8,32,lleaves,1304,21,8.588000,7.675000,9.650000
flchain,lightgbm,arm,50,8,32,tl2cgen,1304,21,15.357000,14.622000,15.615000
flchain,lightgbm,arm,50,8,32,lightgbm_native,1304,21,45.200000,42.996000,47.339000
flchain,xgboost,arm,50,8,32,treewalker_fullwalk,1304,21,49.914000,48.887000,50.424000
flchain,xgboost,arm,50,8,32,treewalker,1304,21,6.379000,4.795000,6.912000
flchain,xgboost,arm,50,8,32,tl2cgen,1304,21,11.781000,11.550000,11.842000
flchain,xgboost,arm,50,8,32,xgboost_native,1304,21,222.673000,215.890000,226.011000
flchain,lightgbm,arm,50,8,4,treewalker_fullwalk,1304,21,5.814000,5.519000,6.113000
flchain,lightgbm,arm,50,8,4,treewalker,1304,21,2.958000,1.960000,3.474000
flchain,lightgbm,arm,50,8,4,lleaves,1304,21,1.760000,1.234000,2.055000
flchain,lightgbm,arm,50,8,4,tl2cgen,1304,21,2.835000,2.290000,3.150000
flchain,lightgbm,arm,50,8,4,lightgbm_native,1304,21,11.455000,10.129000,11.930000
flchain,xgboost,arm,50,8,4,treewalker_fullwalk,1304,21,7.237000,6.415000,7.768000
flchain,xgboost,arm,50,8,4,treewalker,1304,21,3.166000,1.943000,4.018000
flchain,xgboost,arm,50,8,4,tl2cgen,1304,21,1.615000,1.560000,1.644000
flchain,xgboost,arm,50,8,4,xgboost_native,1304,21,219.636000,214.575000,222.425000
flchain,lightgbm,arm,50,8,64,treewalker_fullwalk,1304,21,87.237000,86.522000,88.031000
flchain,lightgbm,arm,50,8,64,treewalker,1304,21,8.590000,7.964000,9.005000
flchain,lightgbm,arm,50,8,64,lleaves,1304,21,16.191000,14.194000,17.722000
flchain,lightgbm,arm,50,8,64,tl2cgen,1304,21,26.664000,25.601000,27.286000
flchain,lightgbm,arm,50,8,64,lightgbm_native,1304,21,84.326000,80.926000,86.859000
flchain,xgboost,arm,50,8,64,treewalker_fullwalk,1304,21,98.650000,96.681000,99.436000
flchain,xgboost,arm,50,8,64,treewalker,1304,21,8.471000,7.457000,9.027000
flchain,xgboost,arm,50,8,64,tl2cgen,1304,21,24.493000,24.248000,24.618000
flchain,xgboost,arm,50,8,64,xgboost_native,1304,21,221.963000,215.245000,224.153000
flchain,lightgbm,arm,50,8,8,treewalker_fullwalk,1304,21,11.282000,10.836000,11.531000
flchain,lightgbm,arm,50,8,8,treewalker,1304,21,3.374000,2.631000,4.257000
flchain,lightgbm,arm,50,8,8,lleaves,1304,21,2.942000,2.294000,3.629000
flchain,lightgbm,arm,50,8,8,tl2cgen,1304,21,4.943000,4.526000,5.492000
flchain,lightgbm,arm,50,8,8,lightgbm_native,1304,21,16.627000,15.351000,18.296000
flchain,xgboost,arm,50,8,8,treewalker_fullwalk,1304,21,13.367000,12.740000,13.801000
flchain,xgboost,arm,50,8,8,treewalker,1304,21,4.015000,3.016000,4.656000
flchain,xgboost,arm,50,8,8,tl2cgen,1304,21,3.046000,2.944000,3.073000
flchain,xgboost,arm,50,8,8,xgboost_native,1304,21,221.448000,214.807000,224.557000
support,lightgbm,arm,1000,16,1,treewalker_fullwalk,1774,11,125.922000,123.551000,127.743000
support,lightgbm,arm,1000,16,1,treewalker,1774,11,70.230000,68.786000,74.406000
support,lightgbm,arm,1000,16,1,lleaves,1774,11,168.688000,166.772000,173.758000
support,lightgbm,arm,1000,16,1,tl2cgen,1774,11,241.769000,240.195000,244.084000
support,lightgbm,arm,1000,16,1,lightgbm_native,1774,11,173.230000,172.238000,174.375000
support,xgboost,arm,1000,16,1,treewalker_fullwalk,1774,11,126.122000,124.342000,127.784000
support,xgboost,arm,1000,16,1,treewalker,1774,11,68.864000,68.464000,72.694000
support,xgboost,arm,1000,16,1,tl2cgen,1774,11,16.266000,16.124000,16.614000
support,xgboost,arm,1000,16,1,xgboost_native,1774,11,217.607000,215.053000,222.558000
support,lightgbm,arm,1000,16,128,treewalker_fullwalk,1774,11,8626.991000,8615.887000,8649.117000
support,lightgbm,arm,1000,16,128,treewalker,1774,11,1134.369000,1116.620000,1188.574000
support,lightgbm,arm,1000,16,128,lleaves,1774,11,4222.116000,3988.338000,4451.878000
support,lightgbm,arm,1000,16,128,tl2cgen,1774,11,33262.120000,33026.628000,33621.738000
support,lightgbm,arm,1000,16,128,lightgbm_native,1774,11,22703.787000,22531.328000,23165.758000
support,xgboost,arm,1000,16,128,treewalker_fullwalk,1774,11,8958.530000,8921.674000,8998.481000
support,xgboost,arm,1000,16,128,treewalker,1774,11,657.014000,643.279000,666.682000
support,xgboost,arm,1000,16,128,tl2cgen,1774,11,3707.376000,3651.846000,3753.329000
support,xgboost,arm,1000,16,128,xgboost_native,1774,11,222.036000,219.384000,228.281000
support,lightgbm,arm,1000,16,16,treewalker_fullwalk,1774,16,1554.762000,1536.099000,1591.370000
support,lightgbm,arm,1000,16,16,treewalker,1774,16,467.837000,452.189000,480.452000
support,lightgbm,arm,1000,16,16,lleaves,1774,16,1138.336000,1068.992000,1212.304000
support,lightgbm,arm,1000,16,16,tl2cgen,1774,16,5491.990000,5448.986000,5627.689000
support,lightgbm,arm,1000,16,16,lightgbm_native,1774,16,4217.849000,4170.872000,4304.614000
support,xgboost,arm,1000,16,16,treewalker_fullwalk,1774,11,1621.023000,1605.145000,1654.395000
support,xgboost,arm,1000,16,16,treewalker,1774,11,357.371000,351.662000,370.116000
support,xgboost,arm,1000,16,16,tl2cgen,1774,11,629.764000,623.015000,648.939000
support,xgboost,arm,1000,16,16,xgboost_native,1774,11,224.118000,216.504000,229.357000
support,lightgbm,arm,1000,16,2,treewalker_fullwalk,1774,11,248.321000,245.557000,254.780000
support,lightgbm,arm,1000,16,2,treewalker,1774,11,144.373000,142.555000,150.273000
support,lightgbm,arm,1000,16,2,lleaves,1774,11,323.769000,317.416000,327.737000
support,lightgbm,arm,1000,16,2,tl2cgen,1774,11,550.944000,546.413000,557.276000
support,lightgbm,arm,1000,16,2,lightgbm_native,1774,11,390.103000,388.212000,391.598000
support,xgboost,arm,1000,16,2,treewalker_fullwalk,1774,11,271.551000,269.397000,274.354000
support,xgboost,arm,1000,16,2,treewalker,1774,11,151.766000,149.083000,157.941000
support,xgboost,arm,1000,16,2,tl2cgen,1774,11,56.624000,55.971000,58.471000
support,xgboost,arm,1000,16,2,xgboost_native,1774,11,219.279000,217.695000,223.566000
support,lightgbm,arm,1000,16,32,treewalker_fullwalk,1774,11,2970.758000,2933.039000,3045.057000
support,lightgbm,arm,1000,16,32,treewalker,1774,11,651.982000,641.862000,733.489000
support,lightgbm,arm,1000,16,32,lleaves,1774,11,1895.156000,1794.665000,2273.711000
support,lightgbm,arm,1000,16,32,tl2cgen,1774,11,11314.653000,11219.331000,11695.310000
support,lightgbm,arm,1000,16,32,lightgbm_native,1774,11,8382.393000,8262.043000,8852.327000
support,xgboost,arm,1000,16,32,treewalker_fullwalk,1774,11,2990.133000,2977.345000,3035.534000
support,xgboost,arm,1000,16,32,treewalker,1774,11,431.812000,427.655000,452.564000
support,xgboost,arm,1000,16,32,tl2cgen,1774,11,1305.542000,1284.846000,1337.624000
support,xgboost,arm,1000,16,32,xgboost_native,1774,11,222.926000,217.539000,225.737000
support,lightgbm,arm,1000,16,4,treewalker_fullwalk,1774,11,460.566000,456.500000,473.253000
support,lightgbm,arm,1000,16,4,treewalker,1774,11,224.376000,220.522000,229.459000
support,lightgbm,arm,1000,16,4,lleaves,1774,11,484.253000,478.605000,504.982000
support,lightgbm,arm,1000,16,4,tl2cgen,1774,11,1179.547000,1171.889000,1225.018000
support,lightgbm,arm,1000,16,4,lightgbm_native,1774,11,890.976000,883.665000,903.268000
support,xgboost,arm,1000,16,4,treewalker_fullwalk,1774,11,518.535000,510.864000,525.101000
support,xgboost,arm,1000,16,4,treewalker,1774,11,224.564000,219.649000,231.922000
support,xgboost,arm,1000,16,4,tl2cgen,1774,11,105.835000,103.533000,108.106000
support,xgboost,arm,1000,16,4,xgboost_native,1774,11,218.727000,216.825000,223.453000
support,lightgbm,arm,1000,16,64,treewalker_fullwalk,1774,11,4987.834000,4952.819000,5039.214000
support,lightgbm,arm,1000,16,64,treewalker,1774,11,812.042000,782.570000,829.739000
support,lightgbm,arm,1000,16,64,lleaves,1774,11,2581.786000,2463.103000,3009.171000
support,lightgbm,arm,1000,16,64,tl2cgen,1774,11,19701.693000,19488.321000,19961.919000
support,lightgbm,arm,1000,16,64,lightgbm_native,1774,11,13837.319000,13723.367000,14090.741000
support,xgboost,arm,1000,16,64,treewalker_fullwalk,1774,11,5125.056000,5095.268000,5159.185000
support,xgboost,arm,1000,16,64,treewalker,1774,11,477.655000,470.895000,486.125000
support,xgboost,arm,1000,16,64,tl2cgen,1774,11,1883.906000,1867.109000,1910.986000
support,xgboost,arm,1000,16,64,xgboost_native,1774,11,223.450000,218.119000,227.373000
support,lightgbm,arm,1000,16,8,treewalker_fullwalk,1774,11,847.450000,840.443000,892.882000
support,lightgbm,arm,1000,16,8,treewalker,1774,11,334.995000,327.414000,352.436000
support,lightgbm,arm,1000,16,8,lleaves,1774,11,718.752000,702.707000,753.671000
support,lightgbm,arm,1000,16,8,tl2cgen,1774,11,2656.078000,2631.762000,2751.092000
support,lightgbm,arm,1000,16,8,lightgbm_native,1774,11,2021.698000,2002.018000,2075.626000
support,xgboost,arm,1000,16,8,treewalker_fullwalk,1774,11,899.892000,893.858000,910.798000
support,xgboost,arm,1000,16,8,treewalker,1774,11,291.117000,285.371000,300.171000
support,xgboost,arm,1000,16,8,tl2cgen,1774,11,229.697000,226.218000,236.225000
support,xgboost,arm,1000,16,8,xgboost_native,1774,11,221.830000,218.157000,225.735000
support,lightgbm,arm,1000,2,1,treewalker_fullwalk,1774,11,3.684000,3.673000,3.698000
support,lightgbm,arm,1000,2,1,treewalker,1774,11,6.403000,6.360000,6.449000
support,lightgbm,arm,1000,2,1,lleaves,1774,11,3.633000,3.609000,3.676000
support,lightgbm,arm,1000,2,1,tl2cgen,1774,11,6.582000,6.442000,6.733000
support,lightgbm,arm,1000,2,1,lightgbm_native,1774,11,19.105000,18.904000,19.358000
support,lightgbm,arm,1000,2,1,quickscorer,1774,11,0.904000,0.899000,0.933000
support,xgboost,arm,1000,2,1,treewalker_fullwalk,1774,11,5.212000,5.200000,5.229000
support,xgboost,arm,1000,2,1,treewalker,1774,11,7.504000,7.237000,7.603000
support,xgboost,arm,1000,2,1,tl2cgen,1774,11,5.426000,5.425000,5.429000
support,xgboost,arm,1000,2,1,xgboost_native,1774,11,220.683000,212.611000,222.208000
support,lightgbm,arm,1000,2,128,treewalker_fullwalk,1774,11,294.227000,293.337000,295.426000
support,lightgbm,arm,1000,2,128,treewalker,1774,11,143.340000,143.126000,143.382000
support,lightgbm,arm,1000,2,128,lleaves,1774,11,391.617000,391.293000,391.962000
support,lightgbm,arm,1000,2,128,tl2cgen,1774,11,415.149000,413.717000,416.344000
support,lightgbm,arm,1000,2,128,lightgbm_native,1774,11,913.304000,912.776000,917.362000
support,lightgbm,arm,1000,2,128,quickscorer,1774,11,73.812000,73.035000,74.981000
support,xgboost,arm,1000,2,128,treewalker_fullwalk,1774,11,467.805000,467.250000,467.988000
support,xgboost,arm,1000,2,128,treewalker,1774,11,144.473000,144.375000,144.673000
support,xgboost,arm,1000,2,128,tl2cgen,1774,11,562.630000,562.571000,562.766000
support,xgboost,arm,1000,2,128,xgboost_native,1774,11,220.900000,215.710000,223.345000
support,lightgbm,arm,1000,2,16,treewalker_fullwalk,1774,11,46.603000,46.462000,46.796000
support,lightgbm,arm,1000,2,16,treewalker,1774,11,15.007000,14.891000,15.110000
support,lightgbm,arm,1000,2,16,lleaves,1774,11,63.955000,63.900000,64.105000
support,lightgbm,arm,1000,2,16,tl2cgen,1774,11,78.125000,77.797000,78.529000
support,lightgbm,arm,1000,2,16,lightgbm_native,1774,11,183.622000,182.105000,184.939000
support,lightgbm,arm,1000,2,16,quickscorer,1774,11,11.608000,11.427000,11.779000
support,xgboost,arm,1000,2,16,treewalker_fullwalk,1774,11,72.709000,72.658000,72.820000
support,xgboost,arm,1000,2,16,treewalker,1774,11,16.900000,16.577000,17.143000
support,xgboost,arm,1000,2,16,tl2cgen,1774,11,86.320000,86.310000,86.348000
support,xgboost,arm,1000,2,16,xgboost_native,1774,11,222.192000,214.751000,224.987000
support,lightgbm,arm,1000,2,2,treewalker_fullwalk,1774,11,6.421000,6.393000,6.475000
support,lightgbm,arm,1000,2,2,treewalker,1774,11,7.130000,7.078000,7.197000
support,lightgbm,arm,1000,2,2,lleaves,1774,11,8.461000,8.431000,8.504000
support,lightgbm,arm,1000,2,2,tl2cgen,1774,11,13.293000,13.181000,13.537000
support,lightgbm,arm,1000,2,2,lightgbm_native,1774,11,34.223000,33.870000,34.850000
support,lightgbm,arm,1000,2,2,quickscorer,1774,11,1.598000,1.569000,1.640000
support,xgboost,arm,1000,2,2,treewalker_fullwalk,1774,11,9.658000,9.649000,9.677000
support,xgboost,arm,1000,2,2,treewalker,1774,11,8.397000,8.068000,8.518000
support,xgboost,arm,1000,2,2,tl2cgen,1774,11,10.822000,10.820000,10.824000
support,xgboost,arm,1000,2,2,xgboost_native,1774,11,216.786000,211.748000,225.453000
support,lightgbm,arm,1000,2,32,treewalker_fullwalk,1774,11,92.791000,92.567000,93.180000
support,lightgbm,arm,1000,2,32,treewalker,1774,11,26.825000,26.714000,26.934000
support,lightgbm,arm,1000,2,32,lleaves,1774,11,123.429000,123.306000,123.659000
support,lightgbm,arm,1000,2,32,tl2cgen,1774,11,143.046000,142.247000,143.929000
support,lightgbm,arm,1000,2,32,lightgbm_native,1774,11,334.209000,333.841000,336.929000
support,lightgbm,arm,1000,2,32,quickscorer,1774,11,23.236000,23.033000,23.536000
support,xgboost,arm,1000,2,32,treewalker_fullwalk,1774,11,146.278000,146.155000,146.606000
support,xgboost,arm,1000,2,32,treewalker,1774,11,29.146000,28.984000,29.352000
support,xgboost,arm,1000,2,32,tl2cgen,1774,11,172.547000,172.522000,172.605000
support,xgboost,arm,1000,2,32,xgboost_native,1774,11,222.096000,215.321000,227.227000
support,lightgbm,arm,1000,2,4,treewalker_fullwalk,1774,11,12.325000,12.276000,12.422000
support,lightgbm,arm,1000,2,4,treewalker,1774,11,8.530000,8.465000,8.576000
support,lightgbm,arm,1000,2,4,lleaves,1774,11,17.002000,16.966000,17.026000
support,lightgbm,arm,1000,2,4,tl2cgen,1774,11,23.898000,23.766000,24.399000
support,lightgbm,arm,1000,2,4,lightgbm_native,1774,11,60.327000,59.847000,60.807000
support,lightgbm,arm,1000,2,4,quickscorer,1774,11,3.020000,2.979000,3.064000
support,xgboost,arm,1000,2,4,treewalker_fullwalk,1774,11,18.746000,18.717000,18.864000
support,xgboost,arm,1000,2,4,treewalker,1774,11,9.699000,9.469000,9.871000
support,xgboost,arm,1000,2,4,tl2cgen,1774,11,21.585000,21.580000,21.587000
support,xgboost,arm,1000,2,4,xgboost_native,1774,11,221.922000,215.315000,227.595000
support,lightgbm,arm,1000,2,64,treewalker_fullwalk,1774,11,164.358000,163.612000,164.843000
support,lightgbm,arm,1000,2,64,treewalker,1774,11,47.207000,47.105000,47.382000
support,lightgbm,arm,1000,2,64,lleaves,1774,11,220.779000,220.520000,220.930000
support,lightgbm,arm,1000,2,64,tl2cgen,1774,11,241.182000,240.596000,242.227000
support,lightgbm,arm,1000,2,64,lightgbm_native,1774,11,543.452000,540.481000,544.946000
support,lightgbm,arm,1000,2,64,quickscorer,1774,11,42.483000,41.692000,42.893000
support,xgboost,arm,1000,2,64,treewalker_fullwalk,1774,11,260.255000,260.160000,260.734000
support,xgboost,arm,1000,2,64,treewalker,1774,11,51.126000,50.921000,51.343000
support,xgboost,arm,1000,2,64,tl2cgen,1774,11,314.306000,314.204000,314.373000
support,xgboost,arm,1000,2,64,xgboost_native,1774,11,222.027000,212.688000,225.623000
support,lightgbm,arm,1000,2,8,treewalker_fullwalk,1774,11,23.733000,23.553000,23.819000
support,lightgbm,arm,1000,2,8,treewalker,1774,11,10.712000,10.593000,10.815000
support,lightgbm,arm,1000,2,8,lleaves,1774,11,32.754000,32.731000,32.799000
support,lightgbm,arm,1000,2,8,tl2cgen,1774,11,42.321000,42.083000,42.775000
support,lightgbm,arm,1000,2,8,lightgbm_native,1774,11,104.980000,103.635000,106.152000
support,lightgbm,arm,1000,2,8,quickscorer,1774,11,5.887000,5.784000,5.967000
support,xgboost,arm,1000,2,8,treewalker_fullwalk,1774,11,36.565000,36.550000,36.719000
support,xgboost,arm,1000,2,8,treewalker,1774,11,11.992000,11.624000,12.226000
support,xgboost,arm,1000,2,8,tl2cgen,1774,11,43.198000,43.197000,43.210000
support,xgboost,arm,1000,2,8,xgboost_native,1774,11,220.902000,215.248000,224.152000
support,lightgbm,arm,1000,4,1,treewalker_fullwalk,1774,11,12.631000,12.536000,12.769000
support,lightgbm,arm,1000,4,1,treewalker,1774,11,13.394000,13.118000,13.661000
support,lightgbm,arm,1000,4,1,lleaves,1774,11,9.683000,9.476000,10.030000
support,lightgbm,arm,1000,4,1,tl2cgen,1774,11,18.870000,18.329000,19.026000
support,lightgbm,arm,1000,4,1,lightgbm_native,1774,11,35.516000,35.024000,36.108000
support,lightgbm,arm,1000,4,1,quickscorer,1774,11,3.657000,3.568000,3.793000
support,xgboost,arm,1000,4,1,treewalker_fullwalk,1774,11,13.667000,13.436000,13.864000
support,xgboost,arm,1000,4,1,treewalker,1774,11,12.850000,12.575000,13.365000
support,xgboost,arm,1000,4,1,tl2cgen,1774,11,9.902000,9.885000,9.970000
support,xgboost,arm,1000,4,1,xgboost_native,1774,11,219.270000,213.403000,227.059000
support,lightgbm,arm,1000,4,128,treewalker_fullwalk,1774,11,1006.567000,1005.977000,1007.006000
support,lightgbm,arm,1000,4,128,treewalker,1774,11,163.225000,163.055000,164.315000
support,lightgbm,arm,1000,4,128,lleaves,1774,11,420.337000,420.048000,420.673000
support,lightgbm,arm,1000,4,128,tl2cgen,1774,11,1045.709000,1042.090000,1050.043000
support,lightgbm,arm,1000,4,128,lightgbm_native,1774,11,1581.761000,1580.287000,1585.878000
support,lightgbm,arm,1000,4,128,quickscorer,1774,11,406.011000,398.924000,413.700000
support,xgboost,arm,1000,4,128,treewalker_fullwalk,1774,11,1134.284000,1133.422000,1134.797000
support,xgboost,arm,1000,4,128,treewalker,1774,11,163.017000,162.717000,163.731000
support,xgboost,arm,1000,4,128,tl2cgen,1774,11,1024.032000,1023.730000,1027.285000
support,xgboost,arm,1000,4,128,xgboost_native,1774,11,224.166000,219.023000,226.900000
support,lightgbm,arm,1000,4,16,treewalker_fullwalk,1774,11,161.056000,160.817000,161.233000
support,lightgbm,arm,1000,4,16,treewalker,1774,11,31.287000,31.041000,31.897000
support,lightgbm,arm,1000,4,16,lleaves,1774,11,78.374000,78.245000,78.597000
support,lightgbm,arm,1000,4,16,tl2cgen,1774,11,192.410000,191.161000,194.066000
support,lightgbm,arm,1000,4,16,lightgbm_native,1774,11,323.971000,323.401000,328.597000
support,lightgbm,arm,1000,4,16,quickscorer,1774,11,57.817000,56.614000,59.923000
support,xgboost,arm,1000,4,16,treewalker_fullwalk,1774,11,180.334000,180.228000,180.542000
support,xgboost,arm,1000,4,16,treewalker,1774,11,31.606000,31.280000,32.384000
support,xgboost,arm,1000,4,16,tl2cgen,1774,11,161.920000,161.626000,162.621000
support,xgboost,arm,1000,4,16,xgboost_native,1774,11,222.718000,215.716000,226.568000
support,lightgbm,arm,1000,4,2,treewalker_fullwalk,1774,11,23.814000,23.725000,23.949000
support,lightgbm,arm,1000,4,2,treewalker,1774,11,18.194000,18.040000,18.707000
support,lightgbm,arm,1000,4,2,lleaves,1774,11,17.437000,17.104000,17.820000
support,lightgbm,arm,1000,4,2,tl2cgen,1774,11,36.534000,36.366000,37.417000
support,lightgbm,arm,1000,4,2,lightgbm_native,1774,11,64.441000,64.308000,65.904000
support,lightgbm,arm,1000,4,2,quickscorer,1774,11,6.870000,6.679000,7.107000
support,xgboost,arm,1000,4,2,treewalker_fullwalk,1774,11,25.521000,25.330000,25.810000
support,xgboost,arm,1000,4,2,treewalker,1774,11,18.065000,17.630000,18.657000
support,xgboost,arm,1000,4,2,tl2cgen,1774,11,20.208000,20.145000,20.271000
support,xgboost,arm,1000,4,2,xgboost_native,1774,11,220.349000,214.943000,223.755000
support,lightgbm,arm,1000,4,32,treewalker_fullwalk,1774,11,316.631000,316.421000,317.409000
support,lightgbm,arm,1000,4,32,treewalker,1774,11,46.680000,46.206000,47.557000
support,lightgbm,arm,1000,4,32,lleaves,1774,11,143.453000,143.233000,143.743000
support,lightgbm,arm,1000,4,32,tl2cgen,1774,11,351.552000,348.386000,354.600000
support,lightgbm,arm,1000,4,32,lightgbm_native,1774,11,574.527000,573.416000,576.998000
support,lightgbm,arm,1000,4,32,quickscorer,1774,11,120.703000,119.137000,124.789000
support,xgboost,arm,1000,4,32,treewalker_fullwalk,1774,11,356.897000,356.717000,357.599000
support,xgboost,arm,1000,4,32,treewalker,1774,11,47.889000,47.353000,48.720000
support,xgboost,arm,1000,4,32,tl2cgen,1774,11,323.418000,322.936000,324.026000
support,xgboost,arm,1000,4,32,xgboost_native,1774,11,222.636000,218.185000,224.249000
support,lightgbm,arm,1000,4,4,treewalker_fullwalk,1774,11,44.388000,44.151000,44.753000
support,lightgbm,arm,1000,4,4,treewalker,1774,11,21.586000,21.344000,22.028000
support,lightgbm,arm,1000,4,4,lleaves,1774,11,27.274000,27.057000,27.814000
support,lightgbm,arm,1000,4,4,tl2cgen,1774,11,60.959000,60.352000,62.059000
support,lightgbm,arm,1000,4,4,lightgbm_native,1774,11,110.620000,109.043000,112.088000
support,lightgbm,arm,1000,4,4,quickscorer,1774,11,13.722000,13.327000,14.209000
support,xgboost,arm,1000,4,4,treewalker_fullwalk,1774,11,48.721000,48.633000,49.148000
support,xgboost,arm,1000,4,4,treewalker,1774,11,21.092000,20.593000,21.411000
support,xgboost,arm,1000,4,4,tl2cgen,1774,11,40.579000,40.494000,40.719000
support,xgboost,arm,1000,4,4,xgboost_native,1774,11,222.746000,217.124000,225.235000
support,lightgbm,arm,1000,4,64,treewalker_fullwalk,1774,11,564.951000,564.467000,565.828000
support,lightgbm,arm,1000,4,64,treewalker,1774,11,71.501000,70.992000,72.122000
support,lightgbm,arm,1000,4,64,lleaves,1774,11,246.139000,245.797000,246.656000
support,lightgbm,arm,1000,4,64,tl2cgen,1774,11,586.271000,583.627000,588.989000
support,lightgbm,arm,1000,4,64,lightgbm_native,1774,11,962.191000,959.170000,964.065000
support,lightgbm,arm,1000,4,64,quickscorer,1774,11,224.395000,220.209000,229.912000
support,xgboost,arm,1000,4,64,treewalker_fullwalk,1774,11,638.274000,637.916000,638.693000
support,xgboost,arm,1000,4,64,treewalker,1774,11,69.988000,69.689000,70.563000
support,xgboost,arm,1000,4,64,tl2cgen,1774,11,578.182000,577.483000,578.982000
support,xgboost,arm,1000,4,64,xgboost_native,1774,11,222.655000,219.878000,234.058000
support,lightgbm,arm,1000,4,8,treewalker_fullwalk,1774,11,84.177000,83.996000,84.638000
support,lightgbm,arm,1000,4,8,treewalker,1774,11,25.317000,25.150000,25.945000
support,lightgbm,arm,1000,4,8,lleaves,1774,11,45.418000,45.214000,45.813000
support,lightgbm,arm,1000,4,8,tl2cgen,1774,11,107.251000,105.785000,108.329000
support,lightgbm,arm,1000,4,8,lightgbm_native,1774,11,191.217000,190.288000,194.884000
support,lightgbm,arm,1000,4,8,quickscorer,1774,11,29.339000,28.425000,30.498000
support,xgboost,arm,1000,4,8,treewalker_fullwalk,1774,11,93.016000,92.941000,93.215000
support,xgboost,arm,1000,4,8,treewalker,1774,11,25.919000,25.573000,26.448000
support,xgboost,arm,1000,4,8,tl2cgen,1774,11,79.886000,79.774000,80.256000
support,xgboost,arm,1000,4,8,xgboost_native,1774,11,222.153000,218.116000,224.410000
support,lightgbm,arm,1000,8,1,treewalker_fullwalk,1774,11,37.507000,37.018000,37.925000
support,lightgbm,arm,1000,8,1,treewalker,1774,11,28.444000,27.823000,29.306000
support,lightgbm,arm,1000,8,1,lleaves,1774,11,30.002000,29.758000,30.547000
support,lightgbm,arm,1000,8,1,tl2cgen,1774,11,72.927000,71.406000,76.119000
support,lightgbm,arm,1000,8,1,lightgbm_native,1774,11,80.556000,80.261000,81.225000
support,xgboost,arm,1000,8,1,treewalker_fullwalk,1774,11,43.858000,42.915000,44.766000
support,xgboost,arm,1000,8,1,treewalker,1774,11,31.001000,30.547000,33.013000
support,xgboost,arm,1000,8,1,tl2cgen,1774,11,18.076000,18.015000,18.868000
support,xgboost,arm,1000,8,1,xgboost_native,1774,11,217.614000,214.469000,221.762000
support,lightgbm,arm,1000,8,128,treewalker_fullwalk,1774,11,2888.460000,2870.465000,2900.879000
support,lightgbm,arm,1000,8,128,treewalker,1774,11,266.069000,263.476000,270.191000
support,lightgbm,arm,1000,8,128,lleaves,1774,11,765.450000,759.181000,774.691000
support,lightgbm,arm,1000,8,128,tl2cgen,1774,11,3389.399000,3379.388000,3473.454000
support,lightgbm,arm,1000,8,128,lightgbm_native,1774,11,6306.646000,6273.148000,6381.661000
support,xgboost,arm,1000,8,128,treewalker_fullwalk,1774,11,3152.558000,3149.704000,3156.240000
support,xgboost,arm,1000,8,128,treewalker,1774,11,259.583000,258.717000,263.565000
support,xgboost,arm,1000,8,128,tl2cgen,1774,11,2006.177000,1996.415000,2015.139000
support,xgboost,arm,1000,8,128,xgboost_native,1774,11,223.042000,219.357000,225.173000
support,lightgbm,arm,1000,8,16,treewalker_fullwalk,1774,11,471.968000,471.208000,475.481000
support,lightgbm,arm,1000,8,16,treewalker,1774,11,107.974000,107.188000,111.059000
support,lightgbm,arm,1000,8,16,lleaves,1774,11,259.028000,256.571000,263.394000
support,lightgbm,arm,1000,8,16,tl2cgen,1774,11,924.944000,912.147000,953.632000
support,lightgbm,arm,1000,8,16,lightgbm_native,1774,11,1334.632000,1331.997000,1338.937000
support,xgboost,arm,1000,8,16,treewalker_fullwalk,1774,11,522.322000,520.687000,524.453000
support,xgboost,arm,1000,8,16,treewalker,1774,11,104.146000,102.426000,108.384000
support,xgboost,arm,1000,8,16,tl2cgen,1774,11,374.861000,372.754000,381.216000
support,xgboost,arm,1000,8,16,xgboost_native,1774,11,221.655000,220.862000,224.515000
support,lightgbm,arm,1000,8,2,treewalker_fullwalk,1774,11,71.599000,71.158000,72.011000
support,lightgbm,arm,1000,8,2,treewalker,1774,11,48.860000,48.564000,50.845000
support,lightgbm,arm,1000,8,2,lleaves,1774,11,65.165000,63.804000,67.023000
support,lightgbm,arm,1000,8,2,tl2cgen,1774,11,172.520000,170.984000,178.303000
support,lightgbm,arm,1000,8,2,lightgbm_native,1774,11,157.224000,156.651000,157.993000
support,xgboost,arm,1000,8,2,treewalker_fullwalk,1774,11,87.141000,86.334000,88.411000
support,xgboost,arm,1000,8,2,treewalker,1774,11,57.350000,56.374000,61.318000
support,xgboost,arm,1000,8,2,tl2cgen,1774,11,54.996000,54.525000,56.332000
support,xgboost,arm,1000,8,2,xgboost_native,1774,11,220.551000,216.504000,224.645000
support,lightgbm,arm,1000,8,32,treewalker_fullwalk,1774,11,920.492000,916.430000,934.336000
support,lightgbm,arm,1000,8,32,treewalker,1774,11,138.012000,136.079000,141.996000
support,lightgbm,arm,1000,8,32,lleaves,1774,11,378.961000,373.485000,389.797000
support,lightgbm,arm,1000,8,32,tl2cgen,1774,11,1436.627000,1426.005000,1481.408000
support,lightgbm,arm,1000,8,32,lightgbm_native,1774,11,2576.665000,2562.566000,2614.440000
support,xgboost,arm,1000,8,32,treewalker_fullwalk,1774,11,1017.195000,1015.741000,1022.364000
support,xgboost,arm,1000,8,32,treewalker,1774,11,133.246000,132.669000,137.428000
support,xgboost,arm,1000,8,32,tl2cgen,1774,11,736.632000,732.420000,741.562000
support,xgboost,arm,1000,8,32,xgboost_native,1774,11,221.876000,220.442000,226.057000
support,lightgbm,arm,1000,8,4,treewalker_fullwalk,1774,11,134.871000,134.424000,135.728000
support,lightgbm,arm,1000,8,4,treewalker,1774,11,68.234000,67.517000,70.595000
support,lightgbm,arm,1000,8,4,lleaves,1774,11,110.632000,109.457000,114.037000
support,lightgbm,arm,1000,8,4,tl2cgen,1774,11,320.417000,316.711000,329.720000
support,lightgbm,arm,1000,8,4,lightgbm_native,1774,11,322.128000,320.869000,323.985000
support,xgboost,arm,1000,8,4,treewalker_fullwalk,1774,11,154.972000,153.553000,155.756000
support,xgboost,arm,1000,8,4,treewalker,1774,11,73.155000,71.669000,76.514000
support,xgboost,arm,1000,8,4,tl2cgen,1774,11,94.485000,93.583000,96.460000
support,xgboost,arm,1000,8,4,xgboost_native,1774,11,222.631000,220.373000,225.779000
support,lightgbm,arm,1000,8,64,treewalker_fullwalk,1774,11,1619.392000,1615.614000,1623.085000
support,lightgbm,arm,1000,8,64,treewalker,1774,11,160.805000,159.382000,165.961000
support,lightgbm,arm,1000,8,64,lleaves,1774,11,517.836000,515.571000,521.983000
support,lightgbm,arm,1000,8,64,tl2cgen,1774,11,2105.661000,2084.086000,2164.101000
support,lightgbm,arm,1000,8,64,lightgbm_native,1774,11,4160.022000,4145.841000,4178.799000
support,xgboost,arm,1000,8,64,treewalker_fullwalk,1774,11,1785.181000,1783.842000,1787.012000
support,xgboost,arm,1000,8,64,treewalker,1774,11,160.275000,158.727000,164.598000
support,xgboost,arm,1000,8,64,tl2cgen,1774,11,1243.062000,1237.465000,1249.736000
support,xgboost,arm,1000,8,64,xgboost_native,1774,11,223.303000,218.617000,225.941000
support,lightgbm,arm,1000,8,8,treewalker_fullwalk,1774,11,251.597000,250.156000,252.519000
support,lightgbm,arm,1000,8,8,treewalker,1774,11,91.374000,89.054000,93.643000
support,lightgbm,arm,1000,8,8,lleaves,1774,11,186.432000,183.510000,189.908000
support,lightgbm,arm,1000,8,8,tl2cgen,1774,11,604.383000,593.973000,612.927000
support,lightgbm,arm,1000,8,8,lightgbm_native,1774,11,677.296000,674.341000,678.771000
support,xgboost,arm,1000,8,8,treewalker_fullwalk,1774,11,278.000000,276.688000,279.577000
support,xgboost,arm,1000,8,8,treewalker,1774,11,86.353000,85.099000,91.158000
support,xgboost,arm,1000,8,8,tl2cgen,1774,11,174.455000,173.749000,177.507000
support,xgboost,arm,1000,8,8,xgboost_native,1774,11,221.256000,216.379000,225.615000
support,lightgbm,arm,2000,16,1,treewalker_fullwalk,1774,11,257.930000,255.061000,268.425000
support,lightgbm,arm,2000,16,1,treewalker,1774,11,145.195000,144.063000,150.823000
support,lightgbm,arm,2000,16,1,lleaves,1774,11,326.958000,323.213000,333.527000
support,lightgbm,arm,2000,16,1,tl2cgen,1774,11,454.317000,450.926000,465.947000
support,lightgbm,arm,2000,16,1,lightgbm_native,1774,11,331.638000,329.918000,338.588000
support,xgboost,arm,2000,16,1,treewalker_fullwalk,1774,11,237.675000,235.145000,240.975000
support,xgboost,arm,2000,16,1,treewalker,1774,11,128.013000,127.384000,131.035000
support,xgboost,arm,2000,16,1,tl2cgen,1774,11,186.562000,186.111000,187.371000
support,xgboost,arm,2000,16,1,xgboost_native,1774,11,221.615000,217.929000,224.650000
support,lightgbm,arm,2000,16,128,treewalker_fullwalk,1774,11,16217.103000,16105.287000,16304.541000
support,lightgbm,arm,2000,16,128,treewalker,1774,11,1811.108000,1728.859000,1967.065000
support,lightgbm,arm,2000,16,128,lleaves,1774,11,6103.795000,5880.441000,7247.385000
support,lightgbm,arm,2000,16,128,tl2cgen,1774,11,67139.047000,66569.108000,69297.313000
support,lightgbm,arm,2000,16,128,lightgbm_native,1774,11,44259.631000,43906.415000,45093.556000
support,xgboost,arm,2000,16,128,treewalker_fullwalk,1774,11,17511.198000,17376.837000,17654.094000
support,xgboost,arm,2000,16,128,treewalker,1774,11,1232.516000,1210.594000,1342.390000
support,xgboost,arm,2000,16,128,tl2cgen,1774,11,44494.206000,44029.566000,44571.401000
support,xgboost,arm,2000,16,128,xgboost_native,1774,11,225.020000,221.407000,225.961000
support,lightgbm,arm,2000,16,16,treewalker_fullwalk,1774,11,3070.693000,3011.291000,3195.200000
support,lightgbm,arm,2000,16,16,treewalker,1774,11,875.008000,825.985000,988.120000
support,lightgbm,arm,2000,16,16,lleaves,1774,11,2252.460000,2149.385000,2993.585000
support,lightgbm,arm,2000,16,16,tl2cgen,1774,11,10934.116000,10834.650000,11784.184000
support,lightgbm,arm,2000,16,16,lightgbm_native,1774,11,8157.285000,8041.105000,9020.597000
support,xgboost,arm,2000,16,16,treewalker_fullwalk,1774,11,3085.272000,3033.498000,3169.541000
support,xgboost,arm,2000,16,16,treewalker,1774,11,632.699000,623.888000,644.474000
support,xgboost,arm,2000,16,16,tl2cgen,1774,11,6013.010000,6004.551000,6042.516000
support,xgboost,arm,2000,16,16,xgboost_native,1774,11,221.531000,217.239000,229.990000
support,lightgbm,arm,2000,16,2,treewalker_fullwalk,1774,11,525.351000,517.636000,534.094000
support,lightgbm,arm,2000,16,2,treewalker,1774,11,297.757000,293.855000,311.665000
support,lightgbm,arm,2000,16,2,lleaves,1774,11,637.514000,625.593000,653.684000
support,lightgbm,arm,2000,16,2,tl2cgen,1774,11,1138.009000,1132.826000,1177.631000
support,lightgbm,arm,2000,16,2,lightgbm_native,1774,11,772.223000,766.006000,777.039000
support,xgboost,arm,2000,16,2,treewalker_fullwalk,1774,11,500.860000,497.583000,518.738000
support,xgboost,arm,2000,16,2,treewalker,1774,11,260.413000,258.130000,267.723000
support,xgboost,arm,2000,16,2,tl2cgen,1774,11,600.087000,598.308000,603.598000
support,xgboost,arm,2000,16,2,xgboost_native,1774,11,223.392000,216.626000,225.567000
support,lightgbm,arm,2000,16,32,treewalker_fullwalk,1774,11,5569.912000,5509.132000,5708.667000
support,lightgbm,arm,2000,16,32,treewalker,1774,11,1125.894000,1061.366000,1277.918000
support,lightgbm,arm,2000,16,32,lleaves,1774,11,3339.286000,3119.236000,4314.577000
support,lightgbm,arm,2000,16,32,tl2cgen,1774,11,21385.247000,21271.930000,22478.830000
support,lightgbm,arm,2000,16,32,lightgbm_native,1774,11,15667.876000,15330.817000,16407.675000
support,xgboost,arm,2000,16,32,treewalker_fullwalk,1774,11,5732.445000,5710.345000,5782.110000
support,xgboost,arm,2000,16,32,treewalker,1774,11,773.687000,756.652000,794.845000
support,xgboost,arm,2000,16,32,tl2cgen,1774,11,13034.085000,13023.592000,13096.395000
support,xgboost,arm,2000,16,32,xgboost_native,1774,11,221.103000,216.695000,226.436000
support,lightgbm,arm,2000,16,4,treewalker_fullwalk,1774,20,952.093000,937.183000,981.004000
support,lightgbm,arm,2000,16,4,treewalker,1774,20,462.345000,452.170000,483.432000
support,lightgbm,arm,2000,16,4,lleaves,1774,20,1006.337000,988.358000,1052.670000
support,lightgbm,arm,2000,16,4,tl2cgen,1774,20,2486.848000,2450.974000,2536.118000
support,lightgbm,arm,2000,16,4,lightgbm_native,1774,20,1807.062000,1783.542000,1820.823000
support,xgboost,arm,2000,16,4,treewalker_fullwalk,1774,11,954.234000,944.862000,966.109000
support,xgboost,arm,2000,16,4,treewalker,1774,11,385.557000,378.428000,389.114000
support,xgboost,arm,2000,16,4,tl2cgen,1774,11,1271.712000,1262.599000,1280.016000
support,xgboost,arm,2000,16,4,xgboost_native,1774,11,221.893000,218.689000,227.573000
support,lightgbm,arm,2000,16,64,treewalker_fullwalk,1774,11,9483.052000,9450.333000,9601.525000
support,lightgbm,arm,2000,16,64,treewalker,1774,11,1334.998000,1293.196000,1492.764000
support,lightgbm,arm,2000,16,64,lleaves,1774,11,4360.579000,4231.157000,5501.374000
support,lightgbm,arm,2000,16,64,tl2cgen,1774,11,38199.606000,37830.176000,39228.273000
support,lightgbm,arm,2000,16,64,lightgbm_native,1774,11,26691.999000,26442.065000,27850.858000
support,xgboost,arm,2000,16,64,treewalker_fullwalk,1774,11,9990.582000,9846.759000,10094.463000
support,xgboost,arm,2000,16,64,treewalker,1774,11,881.646000,876.351000,915.426000
support,xgboost,arm,2000,16,64,tl2cgen,1774,11,23906.738000,23893.474000,23927.501000
support,xgboost,arm,2000,16,64,xgboost_native,1774,11,223.427000,218.960000,226.589000
support,lightgbm,arm,2000,16,8,treewalker_fullwalk,1774,15,1770.601000,1654.810000,1908.195000
support,lightgbm,arm,2000,16,8,treewalker,1774,15,667.127000,625.500000,768.603000
support,lightgbm,arm,2000,16,8,lleaves,1774,15,1521.569000,1365.747000,2203.826000
support,lightgbm,arm,2000,16,8,tl2cgen,1774,15,5513.511000,5285.661000,6331.040000
support,lightgbm,arm,2000,16,8,lightgbm_native,1774,15,4131.187000,3929.982000,4829.315000
support,xgboost,arm,2000,16,8,treewalker_fullwalk,1774,11,1734.898000,1686.469000,1794.810000
support,xgboost,arm,2000,16,8,treewalker,1774,11,519.838000,505.382000,541.448000
support,xgboost,arm,2000,16,8,tl2cgen,1774,11,2746.907000,2730.540000,2760.559000
support,xgboost,arm,2000,16,8,xgboost_native,1774,11,222.776000,217.257000,226.563000
support,lightgbm,arm,2000,2,1,treewalker_fullwalk,1774,11,7.201000,7.176000,7.236000
support,lightgbm,arm,2000,2,1,treewalker,1774,11,12.525000,12.399000,12.664000
support,lightgbm,arm,2000,2,1,lleaves,1774,11,7.601000,7.563000,7.670000
support,lightgbm,arm,2000,2,1,tl2cgen,1774,11,16.382000,16.184000,16.914000
support,lightgbm,arm,2000,2,1,lightgbm_native,1774,11,37.705000,37.299000,38.890000
support,lightgbm,arm,2000,2,1,quickscorer,1774,11,1.530000,1.497000,1.570000
support,xgboost,arm,2000,2,1,treewalker_fullwalk,1774,11,10.403000,10.367000,10.442000
support,xgboost,arm,2000,2,1,treewalker,1774,11,14.636000,14.309000,14.921000
support,xgboost,arm,2000,2,1,tl2cgen,1774,11,12.883000,12.838000,12.920000
support,xgboost,arm,2000,2,1,xgboost_native,1774,11,221.411000,216.489000,224.271000
support,lightgbm,arm,2000,2,128,treewalker_fullwalk,1774,11,557.132000,555.758000,559.257000
support,lightgbm,arm,2000,2,128,treewalker,1774,11,282.646000,282.573000,282.770000
support,lightgbm,arm,2000,2,128,lleaves,1774,11,768.511000,768.276000,768.589000
support,lightgbm,arm,2000,2,128,tl2cgen,1774,11,1212.907000,1208.198000,1217.694000
support,lightgbm,arm,2000,2,128,lightgbm_native,1774,11,2106.307000,2100.958000,2112.992000
support,lightgbm,arm,2000,2,128,quickscorer,1774,11,140.472000,138.296000,142.812000
support,xgboost,arm,2000,2,128,treewalker_fullwalk,1774,11,931.868000,931.457000,932.302000
support,xgboost,arm,2000,2,128,treewalker,1774,11,282.920000,282.714000,283.367000
support,xgboost,arm,2000,2,128,tl2cgen,1774,11,1308.235000,1306.282000,1310.119000
support,xgboost,arm,2000,2,128,xgboost_native,1774,11,221.886000,216.622000,223.539000
support,lightgbm,arm,2000,2,16,treewalker_fullwalk,1774,11,87.216000,87.128000,87.690000
support,lightgbm,arm,2000,2,16,treewalker,1774,11,28.224000,28.152000,28.413000
support,lightgbm,arm,2000,2,16,lleaves,1774,11,126.311000,126.197000,126.525000
support,lightgbm,arm,2000,2,16,tl2cgen,1774,11,211.143000,210.718000,212.061000
support,lightgbm,arm,2000,2,16,lightgbm_native,1774,11,427.049000,425.248000,428.153000
support,lightgbm,arm,2000,2,16,quickscorer,1774,11,21.539000,21.229000,21.795000
support,xgboost,arm,2000,2,16,treewalker_fullwalk,1774,11,144.666000,144.605000,144.833000
support,xgboost,arm,2000,2,16,treewalker,1774,11,32.885000,32.531000,33.190000
support,xgboost,arm,2000,2,16,tl2cgen,1774,11,200.482000,200.068000,200.911000
support,xgboost,arm,2000,2,16,xgboost_native,1774,11,220.866000,216.841000,225.814000
support,lightgbm,arm,2000,2,2,treewalker_fullwalk,1774,11,12.582000,12.548000,12.663000
support,lightgbm,arm,2000,2,2,treewalker,1774,11,13.787000,13.721000,13.879000
support,lightgbm,arm,2000,2,2,lleaves,1774,11,17.063000,17.018000,17.164000
support,lightgbm,arm,2000,2,2,tl2cgen,1774,11,32.672000,32.452000,33.297000
support,lightgbm,arm,2000,2,2,lightgbm_native,1774,11,70.218000,69.935000,71.336000
support,lightgbm,arm,2000,2,2,quickscorer,1774,11,2.760000,2.695000,2.794000
support,xgboost,arm,2000,2,2,treewalker_fullwalk,1774,11,19.175000,19.074000,19.200000
support,xgboost,arm,2000,2,2,treewalker,1774,11,16.221000,15.837000,16.333000
support,xgboost,arm,2000,2,2,tl2cgen,1774,11,25.227000,25.191000,25.328000
support,xgboost,arm,2000,2,2,xgboost_native,1774,11,221.876000,214.541000,223.986000
support,lightgbm,arm,2000,2,32,treewalker_fullwalk,1774,11,174.416000,173.935000,175.044000
support,lightgbm,arm,2000,2,32,treewalker,1774,11,51.787000,51.637000,51.999000
support,lightgbm,arm,2000,2,32,lleaves,1774,11,245.275000,245.048000,245.436000
support,lightgbm,arm,2000,2,32,tl2cgen,1774,11,404.863000,404.501000,406.225000
support,lightgbm,arm,2000,2,32,lightgbm_native,1774,11,773.167000,771.604000,777.667000
support,lightgbm,arm,2000,2,32,quickscorer,1774,11,43.953000,43.344000,44.729000
support,xgboost,arm,2000,2,32,treewalker_fullwalk,1774,11,292.339000,292.120000,292.656000
support,xgboost,arm,2000,2,32,treewalker,1774,11,56.720000,56.522000,57.074000
support,xgboost,arm,2000,2,32,tl2cgen,1774,11,405.304000,404.945000,405.712000
support,xgboost,arm,2000,2,32,xgboost_native,1774,11,221.558000,215.459000,231.345000
support,lightgbm,arm,2000,2,4,treewalker_fullwalk,1774,11,23.282000,23.235000,23.503000
support,lightgbm,arm,2000,2,4,treewalker,1774,11,16.094000,15.997000,16.248000
support,lightgbm,arm,2000,2,4,lleaves,1774,11,33.239000,33.193000,33.306000
support,lightgbm,arm,2000,2,4,tl2cgen,1774,11,60.516000,60.043000,61.309000
support,lightgbm,arm,2000,2,4,lightgbm_native,1774,11,130.156000,129.385000,132.765000
support,lightgbm,arm,2000,2,4,quickscorer,1774,11,5.518000,5.411000,5.611000
support,xgboost,arm,2000,2,4,treewalker_fullwalk,1774,11,37.190000,37.104000,37.285000
support,xgboost,arm,2000,2,4,treewalker,1774,11,18.436000,18.005000,18.625000
support,xgboost,arm,2000,2,4,tl2cgen,1774,11,50.075000,50.046000,50.194000
support,xgboost,arm,2000,2,4,xgboost_native,1774,11,221.308000,214.747000,223.368000
support,lightgbm,arm,2000,2,64,treewalker_fullwalk,1774,11,312.379000,312.043000,313.456000
support,lightgbm,arm,2000,2,64,treewalker,1774,11,91.717000,91.581000,91.892000
support,lightgbm,arm,2000,2,64,lleaves,1774,11,435.261000,434.985000,435.711000
support,lightgbm,arm,2000,2,64,tl2cgen,1774,11,699.585000,697.576000,702.478000
support,lightgbm,arm,2000,2,64,lightgbm_native,1774,11,1236.261000,1235.167000,1240.734000
support,lightgbm,arm,2000,2,64,quickscorer,1774,11,80.444000,79.302000,81.758000
support,xgboost,arm,2000,2,64,treewalker_fullwalk,1774,11,517.381000,517.317000,517.573000
support,xgboost,arm,2000,2,64,treewalker,1774,11,98.411000,98.198000,98.768000
support,xgboost,arm,2000,2,64,tl2cgen,1774,11,731.602000,730.285000,733.054000
support,xgboost,arm,2000,2,64,xgboost_native,1774,11,224.703000,216.749000,226.667000
support,lightgbm,arm,2000,2,8,treewalker_fullwalk,1774,11,44.909000,44.823000,45.281000
support,lightgbm,arm,2000,2,8,treewalker,1774,11,20.435000,20.327000,20.614000
support,lightgbm,arm,2000,2,8,lleaves,1774,11,64.952000,64.909000,65.066000
support,lightgbm,arm,2000,2,8,tl2cgen,1774,11,112.703000,112.208000,113.807000
support,lightgbm,arm,2000,2,8,lightgbm_native,1774,11,233.944000,231.693000,237.356000
support,lightgbm,arm,2000,2,8,quickscorer,1774,11,10.820000,10.589000,10.951000
support,xgboost,arm,2000,2,8,treewalker_fullwalk,1774,11,72.672000,72.623000,72.732000
support,xgboost,arm,2000,2,8,treewalker,1774,11,23.021000,22.649000,23.305000
support,xgboost,arm,2000,2,8,tl2cgen,1774,11,100.418000,100.302000,100.786000
support,xgboost,arm,2000,2,8,xgboost_native,1774,11,219.150000,213.934000,225.120000
support,lightgbm,arm,2000,4,1,treewalker_fullwalk,1774,11,25.659000,25.482000,25.963000
support,lightgbm,arm,2000,4,1,treewalker,1774,11,26.512000,26.045000,27.012000
support,lightgbm,arm,2000,4,1,lleaves,1774,11,23.950000,23.609000,25.067000
support,lightgbm,arm,2000,4,1,tl2cgen,1774,11,50.759000,49.963000,51.873000
support,lightgbm,arm,2000,4,1,lightgbm_native,1774,11,72.839000,72.495000,73.475000
support,lightgbm,arm,2000,4,1,quickscorer,1774,11,7.144000,6.958000,7.442000
support,xgboost,arm,2000,4,1,treewalker_fullwalk,1774,11,27.866000,27.753000,28.164000
support,xgboost,arm,2000,4,1,treewalker,1774,11,26.169000,25.739000,27.144000
support,xgboost,arm,2000,4,1,tl2cgen,1774,11,36.053000,35.925000,36.285000
support,xgboost,arm,2000,4,1,xgboost_native,1774,11,220.907000,215.212000,223.739000
support,lightgbm,arm,2000,4,128,treewalker_fullwalk,1774,11,1975.649000,1973.563000,1976.748000
support,lightgbm,arm,2000,4,128,treewalker,1774,11,324.971000,324.323000,326.061000
support,lightgbm,arm,2000,4,128,lleaves,1774,11,823.512000,822.531000,824.237000
support,lightgbm,arm,2000,4,128,tl2cgen,1774,11,3323.094000,3301.144000,3342.822000
support,lightgbm,arm,2000,4,128,lightgbm_native,1774,11,4998.366000,4991.677000,5020.318000
support,lightgbm,arm,2000,4,128,quickscorer,1774,11,827.425000,807.902000,851.022000
support,xgboost,arm,2000,4,128,treewalker_fullwalk,1774,11,2267.627000,2267.052000,2270.599000
support,xgboost,arm,2000,4,128,treewalker,1774,11,324.930000,324.490000,325.934000
support,xgboost,arm,2000,4,128,tl2cgen,1774,11,3757.616000,3752.682000,3761.997000
support,xgboost,arm,2000,4,128,xgboost_native,1774,11,222.097000,221.070000,225.154000
support,lightgbm,arm,2000,4,16,treewalker_fullwalk,1774,11,317.875000,317.642000,318.298000
support,lightgbm,arm,2000,4,16,treewalker,1774,11,61.350000,60.945000,62.484000
support,lightgbm,arm,2000,4,16,lleaves,1774,11,156.264000,156.028000,157.696000
support,lightgbm,arm,2000,4,16,tl2cgen,1774,11,576.281000,573.493000,581.184000
support,lightgbm,arm,2000,4,16,lightgbm_native,1774,11,925.946000,923.741000,932.362000
support,lightgbm,arm,2000,4,16,quickscorer,1774,11,118.671000,114.599000,122.101000
support,xgboost,arm,2000,4,16,treewalker_fullwalk,1774,11,360.914000,360.543000,361.355000
support,xgboost,arm,2000,4,16,treewalker,1774,11,61.960000,61.721000,62.915000
support,xgboost,arm,2000,4,16,tl2cgen,1774,11,613.450000,613.207000,614.475000
support,xgboost,arm,2000,4,16,xgboost_native,1774,11,221.397000,217.787000,225.878000
support,lightgbm,arm,2000,4,2,treewalker_fullwalk,1774,11,48.137000,47.837000,48.378000
support,lightgbm,arm,2000,4,2,treewalker,1774,11,35.637000,35.334000,36.231000
support,lightgbm,arm,2000,4,2,lleaves,1774,11,40.632000,40.114000,41.671000
support,lightgbm,arm,2000,4,2,tl2cgen,1774,11,99.609000,98.971000,101.264000
support,lightgbm,arm,2000,4,2,lightgbm_native,1774,11,142.731000,141.985000,143.693000
support,lightgbm,arm,2000,4,2,quickscorer,1774,11,13.577000,13.086000,14.213000
support,xgboost,arm,2000,4,2,treewalker_fullwalk,1774,11,52.013000,51.811000,52.440000
support,xgboost,arm,2000,4,2,treewalker,1774,11,35.398000,34.892000,36.146000
support,xgboost,arm,2000,4,2,tl2cgen,1774,11,75.932000,75.613000,76.778000
support,xgboost,arm,2000,4,2,xgboost_native,1774,11,220.642000,215.365000,224.181000
support,lightgbm,arm,2000,4,32,treewalker_fullwalk,1774,11,621.905000,621.660000,623.080000
support,lightgbm,arm,2000,4,32,treewalker,1774,11,90.785000,90.168000,91.875000
support,lightgbm,arm,2000,4,32,lleaves,1774,11,283.090000,282.513000,283.963000
support,lightgbm,arm,2000,4,32,tl2cgen,1774,11,1078.436000,1071.609000,1084.825000
support,lightgbm,arm,2000,4,32,lightgbm_native,1774,11,1689.231000,1687.266000,1696.911000
support,lightgbm,arm,2000,4,32,quickscorer,1774,11,246.859000,240.471000,254.063000
support,xgboost,arm,2000,4,32,treewalker_fullwalk,1774,11,709.448000,709.321000,709.922000
support,xgboost,arm,2000,4,32,treewalker,1774,11,90.898000,90.534000,92.557000
support,xgboost,arm,2000,4,32,tl2cgen,1774,11,1198.356000,1197.106000,1201.188000
support,xgboost,arm,2000,4,32,xgboost_native,1774,11,221.226000,216.717000,224.555000
support,lightgbm,arm,2000,4,4,treewalker_fullwalk,1774,11,90.430000,90.134000,90.751000
support,lightgbm,arm,2000,4,4,treewalker,1774,11,42.276000,42.088000,43.082000
support,lightgbm,arm,2000,4,4,lleaves,1774,11,59.112000,58.955000,60.189000
support,lightgbm,arm,2000,4,4,tl2cgen,1774,11,174.225000,172.011000,176.396000
support,lightgbm,arm,2000,4,4,lightgbm_native,1774,11,269.200000,267.491000,271.695000
support,lightgbm,arm,2000,4,4,quickscorer,1774,11,27.714000,26.845000,28.523000
support,xgboost,arm,2000,4,4,treewalker_fullwalk,1774,11,97.343000,96.543000,97.823000
support,xgboost,arm,2000,4,4,treewalker,1774,11,41.895000,40.994000,42.830000
support,xgboost,arm,2000,4,4,tl2cgen,1774,11,151.302000,151.002000,151.977000
support,xgboost,arm,2000,4,4,xgboost_native,1774,11,221.208000,218.386000,224.559000
support,lightgbm,arm,2000,4,64,treewalker_fullwalk,1774,11,1112.842000,1111.695000,1115.114000
support,lightgbm,arm,2000,4,64,treewalker,1774,11,137.227000,136.190000,138.123000
support,lightgbm,arm,2000,4,64,lleaves,1774,11,484.060000,483.816000,485.196000
support,lightgbm,arm,2000,4,64,tl2cgen,1774,11,1787.825000,1780.525000,1804.794000
support,lightgbm,arm,2000,4,64,lightgbm_native,1774,11,2839.141000,2832.808000,2845.420000
support,lightgbm,arm,2000,4,64,quickscorer,1774,11,460.847000,448.802000,471.807000
support,xgboost,arm,2000,4,64,treewalker_fullwalk,1774,11,1275.121000,1274.630000,1276.388000
support,xgboost,arm,2000,4,64,treewalker,1774,11,136.243000,135.766000,137.748000
support,xgboost,arm,2000,4,64,tl2cgen,1774,11,2146.091000,2144.131000,2148.622000
support,xgboost,arm,2000,4,64,xgboost_native,1774,11,223.447000,219.574000,228.296000
support,lightgbm,arm,2000,4,8,treewalker_fullwalk,1774,11,168.344000,167.900000,169.137000
support,lightgbm,arm,2000,4,8,treewalker,1774,11,51.689000,51.433000,52.595000
support,lightgbm,arm,2000,4,8,lleaves,1774,11,94.199000,93.604000,95.010000
support,lightgbm,arm,2000,4,8,tl2cgen,1774,11,323.885000,320.931000,326.411000
support,lightgbm,arm,2000,4,8,lightgbm_native,1774,11,511.881000,510.240000,517.376000
support,lightgbm,arm,2000,4,8,quickscorer,1774,11,57.919000,56.093000,60.242000
support,xgboost,arm,2000,4,8,treewalker_fullwalk,1774,11,186.808000,186.378000,186.973000
support,xgboost,arm,2000,4,8,treewalker,1774,11,50.751000,50.470000,51.920000
support,xgboost,arm,2000,4,8,tl2cgen,1774,11,297.565000,296.700000,299.038000
support,xgboost,arm,2000,4,8,xgboost_native,1774,11,222.501000,218.523000,224.871000
support,lightgbm,arm,2000,8,1,treewalker_fullwalk,1774,11,92.154000,90.461000,94.305000
support,lightgbm,arm,2000,8,1,treewalker,1774,11,68.452000,66.931000,71.533000
support,lightgbm,arm,2000,8,1,lleaves,1774,11,180.290000,178.251000,181.866000
support,lightgbm,arm,2000,8,1,tl2cgen,1774,11,261.663000,261.287000,264.805000
support,lightgbm,arm,2000,8,1,lightgbm_native,1774,11,175.742000,175.205000,176.762000
support,xgboost,arm,2000,8,1,treewalker_fullwalk,1774,11,102.917000,101.911000,104.109000
support,xgboost,arm,2000,8,1,treewalker,1774,11,73.131000,71.946000,77.556000
support,xgboost,arm,2000,8,1,tl2cgen,1774,11,226.115000,225.831000,228.602000
support,xgboost,arm,2000,8,1,xgboost_native,1774,11,221.420000,216.591000,224.853000
support,lightgbm,arm,2000,8,128,treewalker_fullwalk,1774,11,5870.905000,5818.358000,5913.361000
support,lightgbm,arm,2000,8,128,treewalker,1774,11,577.634000,567.214000,596.236000
support,lightgbm,arm,2000,8,128,lleaves,1774,11,1551.530000,1535.023000,1694.385000
support,lightgbm,arm,2000,8,128,tl2cgen,1774,11,27265.513000,27192.020000,27657.891000
support,lightgbm,arm,2000,8,128,lightgbm_native,1774,11,18157.744000,18080.467000,18634.587000
support,xgboost,arm,2000,8,128,treewalker_fullwalk,1774,11,6370.559000,6348.122000,6416.769000
support,xgboost,arm,2000,8,128,treewalker,1774,11,544.837000,541.227000,553.374000
support,xgboost,arm,2000,8,128,tl2cgen,1774,11,36222.040000,36198.071000,36305.510000
support,xgboost,arm,2000,8,128,xgboost_native,1774,11,224.687000,217.110000,229.196000
support,lightgbm,arm,2000,8,16,treewalker_fullwalk,1774,11,979.255000,966.621000,1004.455000
support,lightgbm,arm,2000,8,16,treewalker,1774,11,240.867000,238.076000,246.438000
support,lightgbm,arm,2000,8,16,lleaves,1774,11,563.275000,553.286000,579.937000
support,lightgbm,arm,2000,8,16,tl2cgen,1774,11,4646.274000,4588.717000,4706.016000
support,lightgbm,arm,2000,8,16,lightgbm_native,1774,11,3061.756000,3036.407000,3117.628000
support,xgboost,arm,2000,8,16,treewalker_fullwalk,1774,11,1099.556000,1074.224000,1118.280000
support,xgboost,arm,2000,8,16,treewalker,1774,11,237.936000,234.066000,246.061000
support,xgboost,arm,2000,8,16,tl2cgen,1774,11,5728.315000,5687.655000,5825.904000
support,xgboost,arm,2000,8,16,xgboost_native,1774,11,223.835000,217.970000,229.856000
support,lightgbm,arm,2000,8,2,treewalker_fullwalk,1774,11,171.927000,170.754000,175.472000
support,lightgbm,arm,2000,8,2,treewalker,1774,11,120.437000,118.538000,126.651000
support,lightgbm,arm,2000,8,2,lleaves,1774,11,265.451000,264.472000,267.643000
support,lightgbm,arm,2000,8,2,tl2cgen,1774,11,567.454000,562.832000,571.949000
support,lightgbm,arm,2000,8,2,lightgbm_native,1774,11,349.672000,347.817000,350.736000
support,xgboost,arm,2000,8,2,treewalker_fullwalk,1774,11,199.916000,197.564000,202.088000
support,xgboost,arm,2000,8,2,treewalker,1774,11,135.412000,132.742000,143.647000
support,xgboost,arm,2000,8,2,tl2cgen,1774,11,653.038000,651.438000,654.885000
support,xgboost,arm,2000,8,2,xgboost_native,1774,11,221.799000,218.991000,224.974000
support,lightgbm,arm,2000,8,32,treewalker_fullwalk,1774,11,1871.500000,1859.647000,1900.129000
support,lightgbm,arm,2000,8,32,treewalker,1774,11,302.252000,297.629000,308.429000
support,lightgbm,arm,2000,8,32,lleaves,1774,11,771.484000,765.106000,785.802000
support,lightgbm,arm,2000,8,32,tl2cgen,1774,11,9068.217000,9039.579000,9192.700000
support,lightgbm,arm,2000,8,32,lightgbm_native,1774,11,6311.868000,6273.222000,6348.368000
support,xgboost,arm,2000,8,32,treewalker_fullwalk,1774,11,2059.454000,2049.881000,2095.233000
support,xgboost,arm,2000,8,32,treewalker,1774,11,295.665000,292.569000,300.553000
support,xgboost,arm,2000,8,32,tl2cgen,1774,11,11706.736000,11661.270000,11751.805000
support,xgboost,arm,2000,8,32,xgboost_native,1774,11,223.835000,219.932000,226.448000
support,lightgbm,arm,2000,8,4,treewalker_fullwalk,1774,11,299.494000,298.685000,300.997000
support,lightgbm,arm,2000,8,4,treewalker,1774,11,162.678000,161.672000,168.738000
support,lightgbm,arm,2000,8,4,lleaves,1774,11,336.642000,335.586000,338.976000
support,lightgbm,arm,2000,8,4,tl2cgen,1774,11,1126.537000,1123.606000,1133.855000
support,lightgbm,arm,2000,8,4,lightgbm_native,1774,11,709.447000,708.288000,710.993000
support,xgboost,arm,2000,8,4,treewalker_fullwalk,1774,11,337.753000,333.654000,341.221000
support,xgboost,arm,2000,8,4,treewalker,1774,11,169.669000,167.247000,176.915000
support,xgboost,arm,2000,8,4,tl2cgen,1774,11,1349.731000,1348.491000,1358.146000
support,xgboost,arm,2000,8,4,xgboost_native,1774,11,223.709000,221.361000,227.458000
support,lightgbm,arm,2000,8,64,treewalker_fullwalk,1774,11,3318.834000,3280.863000,3380.586000
support,lightgbm,arm,2000,8,64,treewalker,1774,11,364.888000,357.542000,381.286000
support,lightgbm,arm,2000,8,64,lleaves,1774,11,1060.273000,1044.947000,1126.384000
support,lightgbm,arm,2000,8,64,tl2cgen,1774,11,15834.129000,15658.707000,15903.215000
support,lightgbm,arm,2000,8,64,lightgbm_native,1774,11,11102.363000,11019.432000,11381.422000
support,xgboost,arm,2000,8,64,treewalker_fullwalk,1774,11,3594.603000,3593.193000,3604.897000
support,xgboost,arm,2000,8,64,treewalker,1774,11,344.853000,342.011000,352.787000
support,xgboost,arm,2000,8,64,tl2cgen,1774,11,20784.896000,20765.669000,20805.459000
support,xgboost,arm,2000,8,64,xgboost_native,1774,11,224.408000,218.615000,226.789000
support,lightgbm,arm,2000,8,8,treewalker_fullwalk,1774,11,530.191000,527.637000,535.209000
support,lightgbm,arm,2000,8,8,treewalker,1774,11,205.027000,202.457000,208.697000
support,lightgbm,arm,2000,8,8,lleaves,1774,11,425.653000,422.641000,432.360000
support,lightgbm,arm,2000,8,8,tl2cgen,1774,11,2321.228000,2312.616000,2333.447000
support,lightgbm,arm,2000,8,8,lightgbm_native,1774,11,1471.269000,1468.377000,1478.665000
support,xgboost,arm,2000,8,8,treewalker_fullwalk,1774,11,583.471000,580.595000,586.553000
support,xgboost,arm,2000,8,8,treewalker,1774,11,200.084000,198.589000,209.391000
support,xgboost,arm,2000,8,8,tl2cgen,1774,11,2789.775000,2787.078000,2799.088000
support,xgboost,arm,2000,8,8,xgboost_native,1774,11,222.201000,218.372000,226.443000
support,lightgbm,arm,500,16,1,treewalker_fullwalk,1774,21,52.301000,51.350000,53.784000
support,lightgbm,arm,500,16,1,treewalker,1774,21,27.983000,27.103000,29.914000
support,lightgbm,arm,500,16,1,lleaves,1774,21,37.635000,36.200000,38.538000
support,lightgbm,arm,500,16,1,tl2cgen,1774,21,75.995000,74.584000,77.178000
support,lightgbm,arm,500,16,1,lightgbm_native,1774,21,79.457000,78.921000,80.374000
support,xgboost,arm,500,16,1,treewalker_fullwalk,1774,21,61.965000,57.144000,62.751000
support,xgboost,arm,500,16,1,treewalker,1774,21,32.526000,32.125000,35.223000
support,xgboost,arm,500,16,1,tl2cgen,1774,21,6.133000,5.889000,6.184000
support,xgboost,arm,500,16,1,xgboost_native,1774,21,217.627000,211.667000,219.180000
support,lightgbm,arm,500,16,128,treewalker_fullwalk,1774,11,4313.648000,4285.271000,4409.174000
support,lightgbm,arm,500,16,128,treewalker,1774,11,543.090000,527.035000,608.959000
support,lightgbm,arm,500,16,128,lleaves,1774,11,1659.842000,1601.196000,2101.134000
support,lightgbm,arm,500,16,128,tl2cgen,1774,11,12289.779000,12157.799000,12496.704000
support,lightgbm,arm,500,16,128,lightgbm_native,1774,11,8816.525000,8672.832000,9446.640000
support,xgboost,arm,500,16,128,treewalker_fullwalk,1774,11,4462.460000,4449.393000,4486.849000
support,xgboost,arm,500,16,128,treewalker,1774,11,343.367000,340.496000,347.156000
support,xgboost,arm,500,16,128,tl2cgen,1774,11,887.915000,887.509000,889.425000
support,xgboost,arm,500,16,128,xgboost_native,1774,11,222.973000,218.031000,226.388000
support,lightgbm,arm,500,16,16,treewalker_fullwalk,1774,11,746.829000,741.284000,756.467000
support,lightgbm,arm,500,16,16,treewalker,1774,11,211.953000,209.300000,220.967000
support,lightgbm,arm,500,16,16,lleaves,1774,11,500.138000,490.482000,507.384000
support,lightgbm,arm,500,16,16,tl2cgen,1774,11,1426.636000,1407.639000,1441.508000
support,lightgbm,arm,500,16,16,lightgbm_native,1774,11,1929.376000,1918.011000,1953.703000
support,xgboost,arm,500,16,16,treewalker_fullwalk,1774,11,825.079000,821.679000,837.483000
support,xgboost,arm,500,16,16,treewalker,1774,11,195.897000,194.568000,205.502000
support,xgboost,arm,500,16,16,tl2cgen,1774,11,134.703000,134.284000,135.230000
support,xgboost,arm,500,16,16,xgboost_native,1774,11,219.097000,217.096000,221.327000
support,lightgbm,arm,500,16,2,treewalker_fullwalk,1774,11,110.898000,110.530000,112.065000
support,lightgbm,arm,500,16,2,treewalker,1774,11,62.232000,61.145000,65.698000
support,lightgbm,arm,500,16,2,lleaves,1774,11,123.885000,121.090000,130.706000
support,lightgbm,arm,500,16,2,tl2cgen,1774,11,211.624000,209.169000,214.907000
support,lightgbm,arm,500,16,2,lightgbm_native,1774,11,180.813000,180.131000,181.927000
support,xgboost,arm,500,16,2,treewalker_fullwalk,1774,21,137.120000,128.680000,139.632000
support,xgboost,arm,500,16,2,treewalker,1774,21,77.215000,75.875000,82.496000
support,xgboost,arm,500,16,2,tl2cgen,1774,21,15.291000,15.222000,15.325000
support,xgboost,arm,500,16,2,xgboost_native,1774,21,217.851000,215.492000,221.518000
support,lightgbm,arm,500,16,32,treewalker_fullwalk,1774,11,1423.270000,1420.620000,1441.652000
support,lightgbm,arm,500,16,32,treewalker,1774,11,300.426000,295.986000,310.609000
support,lightgbm,arm,500,16,32,lleaves,1774,11,749.455000,737.260000,791.948000
support,lightgbm,arm,500,16,32,tl2cgen,1774,11,2545.720000,2516.171000,2636.603000
support,lightgbm,arm,500,16,32,lightgbm_native,1774,11,3573.536000,3558.350000,3700.099000
support,xgboost,arm,500,16,32,treewalker_fullwalk,1774,11,1511.810000,1489.856000,1522.861000
support,xgboost,arm,500,16,32,treewalker,1774,11,226.762000,223.447000,234.619000
support,xgboost,arm,500,16,32,tl2cgen,1774,11,278.253000,277.967000,279.996000
support,xgboost,arm,500,16,32,xgboost_native,1774,11,219.557000,216.494000,228.363000
support,lightgbm,arm,500,16,4,treewalker_fullwalk,1774,11,214.023000,212.194000,216.084000
support,lightgbm,arm,500,16,4,treewalker,1774,11,102.175000,99.938000,108.399000
support,lightgbm,arm,500,16,4,lleaves,1774,11,230.226000,227.925000,236.132000
support,lightgbm,arm,500,16,4,tl2cgen,1774,11,421.872000,418.193000,425.441000
support,lightgbm,arm,500,16,4,lightgbm_native,1774,11,426.502000,423.958000,429.066000
support,xgboost,arm,500,16,4,treewalker_fullwalk,1774,11,262.456000,261.290000,271.239000
support,xgboost,arm,500,16,4,treewalker,1774,11,122.121000,117.834000,128.471000
support,xgboost,arm,500,16,4,tl2cgen,1774,11,28.842000,28.712000,29.208000
support,xgboost,arm,500,16,4,xgboost_native,1774,11,218.072000,215.955000,221.208000
support,lightgbm,arm,500,16,64,treewalker_fullwalk,1774,15,2511.055000,2495.764000,2534.907000
support,lightgbm,arm,500,16,64,treewalker,1774,15,390.447000,379.877000,408.156000
support,lightgbm,arm,500,16,64,lleaves,1774,15,1137.820000,1116.042000,1243.823000
support,lightgbm,arm,500,16,64,tl2cgen,1774,15,3980.599000,3906.403000,4092.523000
support,lightgbm,arm,500,16,64,lightgbm_native,1774,15,5835.088000,5716.256000,5938.191000
support,xgboost,arm,500,16,64,treewalker_fullwalk,1774,11,2606.864000,2589.003000,2623.587000
support,xgboost,arm,500,16,64,treewalker,1774,11,253.578000,249.231000,257.280000
support,xgboost,arm,500,16,64,tl2cgen,1774,11,462.180000,461.474000,464.113000
support,xgboost,arm,500,16,64,xgboost_native,1774,11,222.553000,220.618000,232.174000
support,lightgbm,arm,500,16,8,treewalker_fullwalk,1774,11,402.631000,399.710000,408.884000
support,lightgbm,arm,500,16,8,treewalker,1774,11,153.901000,151.561000,160.222000
support,lightgbm,arm,500,16,8,lleaves,1774,11,345.770000,345.004000,363.081000
support,lightgbm,arm,500,16,8,tl2cgen,1774,11,835.048000,828.445000,864.808000
support,lightgbm,arm,500,16,8,lightgbm_native,1774,11,952.647000,948.217000,960.756000
support,xgboost,arm,500,16,8,treewalker_fullwalk,1774,11,466.274000,460.920000,467.963000
support,xgboost,arm,500,16,8,treewalker,1774,11,159.805000,157.463000,168.145000
support,xgboost,arm,500,16,8,tl2cgen,1774,11,61.603000,61.551000,61.991000
support,xgboost,arm,500,16,8,xgboost_native,1774,11,218.250000,214.946000,222.146000
support,lightgbm,arm,500,2,1,treewalker_fullwalk,1774,11,1.945000,1.937000,1.968000
support,lightgbm,arm,500,2,1,treewalker,1774,11,3.265000,3.191000,3.309000
support,lightgbm,arm,500,2,1,lleaves,1774,11,1.800000,1.784000,1.833000
support,lightgbm,arm,500,2,1,tl2cgen,1774,11,2.617000,2.564000,2.697000
support,lightgbm,arm,500,2,1,lightgbm_native,1774,11,11.021000,10.671000,11.333000
support,lightgbm,arm,500,2,1,quickscorer,1774,11,0.560000,0.550000,0.572000
support,xgboost,arm,500,2,1,treewalker_fullwalk,1774,11,2.620000,2.607000,2.640000
support,xgboost,arm,500,2,1,treewalker,1774,11,3.942000,3.809000,4.043000
support,xgboost,arm,500,2,1,tl2cgen,1774,11,2.747000,2.747000,2.749000
support,xgboost,arm,500,2,1,xgboost_native,1774,11,216.598000,210.441000,220.428000
support,lightgbm,arm,500,2,128,treewalker_fullwalk,1774,11,153.128000,152.266000,153.437000
support,lightgbm,arm,500,2,128,treewalker,1774,11,73.704000,73.630000,73.921000
support,lightgbm,arm,500,2,128,lleaves,1774,11,188.916000,188.818000,189.161000
support,lightgbm,arm,500,2,128,tl2cgen,1774,11,162.364000,161.668000,163.121000
support,lightgbm,arm,500,2,128,lightgbm_native,1774,11,443.761000,442.834000,445.273000
support,lightgbm,arm,500,2,128,quickscorer,1774,11,39.415000,39.045000,39.842000
support,xgboost,arm,500,2,128,treewalker_fullwalk,1774,11,235.639000,235.451000,236.038000
support,xgboost,arm,500,2,128,treewalker,1774,11,74.762000,74.652000,74.891000
support,xgboost,arm,500,2,128,tl2cgen,1774,11,282.382000,282.266000,282.683000
support,xgboost,arm,500,2,128,xgboost_native,1774,11,216.570000,212.486000,220.734000
support,lightgbm,arm,500,2,16,treewalker_fullwalk,1774,11,24.716000,24.581000,24.917000
support,lightgbm,arm,500,2,16,treewalker,1774,11,7.921000,7.891000,8.011000
support,lightgbm,arm,500,2,16,lleaves,1774,11,30.745000,30.719000,30.771000
support,lightgbm,arm,500,2,16,tl2cgen,1774,11,30.703000,30.505000,30.796000
support,lightgbm,arm,500,2,16,lightgbm_native,1774,11,84.691000,84.114000,85.036000
support,lightgbm,arm,500,2,16,quickscorer,1774,11,6.154000,6.083000,6.270000
support,xgboost,arm,500,2,16,treewalker_fullwalk,1774,11,36.637000,36.538000,36.761000
support,xgboost,arm,500,2,16,treewalker,1774,11,9.190000,8.935000,9.388000
support,xgboost,arm,500,2,16,tl2cgen,1774,11,43.282000,43.277000,43.286000
support,xgboost,arm,500,2,16,xgboost_native,1774,11,221.415000,213.549000,223.182000
support,lightgbm,arm,500,2,2,treewalker_fullwalk,1774,11,3.308000,3.304000,3.339000
support,lightgbm,arm,500,2,2,treewalker,1774,11,3.710000,3.688000,3.772000
support,lightgbm,arm,500,2,2,lleaves,1774,11,4.087000,4.075000,4.109000
support,lightgbm,arm,500,2,2,tl2cgen,1774,11,5.277000,5.200000,5.346000
support,lightgbm,arm,500,2,2,lightgbm_native,1774,11,17.694000,17.413000,17.999000
support,lightgbm,arm,500,2,2,quickscorer,1774,11,0.943000,0.930000,0.969000
support,xgboost,arm,500,2,2,treewalker_fullwalk,1774,11,4.866000,4.859000,4.873000
support,xgboost,arm,500,2,2,treewalker,1774,11,4.579000,4.379000,4.633000
support,xgboost,arm,500,2,2,tl2cgen,1774,11,5.450000,5.449000,5.454000
support,xgboost,arm,500,2,2,xgboost_native,1774,11,218.440000,212.200000,223.521000
support,lightgbm,arm,500,2,32,treewalker_fullwalk,1774,11,47.788000,47.624000,47.995000
support,lightgbm,arm,500,2,32,treewalker,1774,11,13.974000,13.906000,14.235000
support,lightgbm,arm,500,2,32,lleaves,1774,11,59.830000,59.796000,59.875000
support,lightgbm,arm,500,2,32,tl2cgen,1774,11,55.252000,54.990000,55.430000
support,lightgbm,arm,500,2,32,lightgbm_native,1774,11,156.240000,155.315000,156.821000
support,lightgbm,arm,500,2,32,quickscorer,1774,11,12.257000,12.153000,12.335000
support,xgboost,arm,500,2,32,treewalker_fullwalk,1774,11,73.560000,73.471000,73.696000
support,xgboost,arm,500,2,32,treewalker,1774,11,15.498000,15.344000,15.697000
support,xgboost,arm,500,2,32,tl2cgen,1774,11,86.750000,86.737000,86.764000
support,xgboost,arm,500,2,32,xgboost_native,1774,11,220.658000,213.230000,225.616000
support,lightgbm,arm,500,2,4,treewalker_fullwalk,1774,11,6.537000,6.491000,6.564000
support,lightgbm,arm,500,2,4,treewalker,1774,11,4.509000,4.436000,4.590000
support,lightgbm,arm,500,2,4,lleaves,1774,11,8.109000,8.102000,8.127000
support,lightgbm,arm,500,2,4,tl2cgen,1774,11,9.271000,9.255000,9.485000
support,lightgbm,arm,500,2,4,lightgbm_native,1774,11,29.001000,28.921000,29.643000
support,lightgbm,arm,500,2,4,quickscorer,1774,11,1.722000,1.706000,1.756000
support,xgboost,arm,500,2,4,treewalker_fullwalk,1774,11,9.358000,9.335000,9.412000
support,xgboost,arm,500,2,4,treewalker,1774,11,5.167000,4.945000,5.207000
support,xgboost,arm,500,2,4,tl2cgen,1774,11,10.849000,10.848000,10.853000
support,xgboost,arm,500,2,4,xgboost_native,1774,11,219.330000,213.923000,224.378000
support,lightgbm,arm,500,2,64,treewalker_fullwalk,1774,11,84.651000,84.232000,85.028000
support,lightgbm,arm,500,2,64,treewalker,1774,11,24.668000,24.593000,24.952000
support,lightgbm,arm,500,2,64,lleaves,1774,11,106.263000,106.231000,106.398000
support,lightgbm,arm,500,2,64,tl2cgen,1774,11,93.290000,92.933000,93.604000
support,lightgbm,arm,500,2,64,lightgbm_native,1774,11,261.633000,260.481000,262.563000
support,lightgbm,arm,500,2,64,quickscorer,1774,11,22.325000,21.952000,22.621000
support,xgboost,arm,500,2,64,treewalker_fullwalk,1774,11,130.927000,130.820000,131.143000
support,xgboost,arm,500,2,64,treewalker,1774,11,26.722000,26.633000,26.920000
support,xgboost,arm,500,2,64,tl2cgen,1774,11,156.819000,156.798000,156.849000
support,xgboost,arm,500,2,64,xgboost_native,1774,11,221.581000,213.652000,224.821000
support,lightgbm,arm,500,2,8,treewalker_fullwalk,1774,11,12.656000,12.551000,12.711000
support,lightgbm,arm,500,2,8,treewalker,1774,11,5.596000,5.578000,5.668000
support,lightgbm,arm,500,2,8,lleaves,1774,11,15.746000,15.722000,15.770000
support,lightgbm,arm,500,2,8,tl2cgen,1774,11,16.576000,16.468000,16.816000
support,lightgbm,arm,500,2,8,lightgbm_native,1774,11,47.734000,47.562000,48.337000
support,lightgbm,arm,500,2,8,quickscorer,1774,11,3.239000,3.179000,3.315000
support,xgboost,arm,500,2,8,treewalker_fullwalk,1774,11,18.426000,18.383000,18.530000
support,xgboost,arm,500,2,8,treewalker,1774,11,6.473000,6.200000,6.558000
support,xgboost,arm,500,2,8,tl2cgen,1774,11,21.674000,21.670000,21.675000
support,xgboost,arm,500,2,8,xgboost_native,1774,11,221.753000,212.394000,222.765000
support,lightgbm,arm,500,4,1,treewalker_fullwalk,1774,11,6.093000,6.075000,6.144000
support,lightgbm,arm,500,4,1,treewalker,1774,11,6.834000,6.682000,7.107000
support,lightgbm,arm,500,4,1,lleaves,1774,11,4.189000,4.108000,4.389000
support,lightgbm,arm,500,4,1,tl2cgen,1774,11,7.165000,7.017000,7.308000
support,lightgbm,arm,500,4,1,lightgbm_native,1774,11,17.728000,17.688000,17.991000
support,lightgbm,arm,500,4,1,quickscorer,1774,11,1.895000,1.866000,1.945000
support,xgboost,arm,500,4,1,treewalker_fullwalk,1774,11,6.649000,6.595000,6.697000
support,xgboost,arm,500,4,1,treewalker,1774,11,6.577000,6.395000,6.799000
support,xgboost,arm,500,4,1,tl2cgen,1774,11,3.708000,3.701000,3.724000
support,xgboost,arm,500,4,1,xgboost_native,1774,11,217.836000,212.387000,220.357000
support,lightgbm,arm,500,4,128,treewalker_fullwalk,1774,11,510.365000,510.092000,511.029000
support,lightgbm,arm,500,4,128,treewalker,1774,11,83.419000,83.262000,83.745000
support,lightgbm,arm,500,4,128,lleaves,1774,11,202.582000,202.444000,203.079000
support,lightgbm,arm,500,4,128,tl2cgen,1774,11,376.298000,375.665000,378.128000
support,lightgbm,arm,500,4,128,lightgbm_native,1774,11,743.632000,742.794000,744.175000
support,lightgbm,arm,500,4,128,quickscorer,1774,11,197.989000,194.217000,201.822000
support,xgboost,arm,500,4,128,treewalker_fullwalk,1774,11,568.666000,568.498000,569.202000
support,xgboost,arm,500,4,128,treewalker,1774,11,84.118000,83.836000,84.192000
support,xgboost,arm,500,4,128,tl2cgen,1774,11,377.308000,376.961000,378.071000
support,xgboost,arm,500,4,128,xgboost_native,1774,11,220.707000,215.678000,223.511000
support,lightgbm,arm,500,4,16,treewalker_fullwalk,1774,11,81.261000,81.055000,81.342000
support,lightgbm,arm,500,4,16,treewalker,1774,11,17.145000,16.817000,17.530000
support,lightgbm,arm,500,4,16,lleaves,1774,11,38.461000,38.333000,38.636000
support,lightgbm,arm,500,4,16,tl2cgen,1774,11,71.341000,70.936000,71.999000
support,lightgbm,arm,500,4,16,lightgbm_native,1774,11,147.421000,147.245000,148.856000
support,lightgbm,arm,500,4,16,quickscorer,1774,11,29.298000,28.247000,29.823000
support,xgboost,arm,500,4,16,treewalker_fullwalk,1774,11,90.412000,90.368000,90.563000
support,xgboost,arm,500,4,16,treewalker,1774,11,17.527000,17.254000,18.074000
support,xgboost,arm,500,4,16,tl2cgen,1774,11,59.179000,59.060000,59.339000
support,xgboost,arm,500,4,16,xgboost_native,1774,11,221.865000,215.704000,224.876000
support,lightgbm,arm,500,4,2,treewalker_fullwalk,1774,11,11.914000,11.720000,11.990000
support,lightgbm,arm,500,4,2,treewalker,1774,11,9.862000,9.712000,10.151000
support,lightgbm,arm,500,4,2,lleaves,1774,11,7.937000,7.826000,8.149000
support,lightgbm,arm,500,4,2,tl2cgen,1774,11,14.314000,14.200000,14.736000
support,lightgbm,arm,500,4,2,lightgbm_native,1774,11,30.692000,30.435000,31.489000
support,lightgbm,arm,500,4,2,quickscorer,1774,11,3.558000,3.443000,3.628000
support,xgboost,arm,500,4,2,treewalker_fullwalk,1774,11,12.517000,12.488000,12.631000
support,xgboost,arm,500,4,2,treewalker,1774,11,9.546000,9.096000,9.873000
support,xgboost,arm,500,4,2,tl2cgen,1774,11,7.450000,7.431000,7.483000
support,xgboost,arm,500,4,2,xgboost_native,1774,11,218.800000,213.439000,221.795000
support,lightgbm,arm,500,4,32,treewalker_fullwalk,1774,11,161.187000,161.025000,161.540000
support,lightgbm,arm,500,4,32,treewalker,1774,11,24.660000,24.374000,24.985000
support,lightgbm,arm,500,4,32,lleaves,1774,11,70.218000,70.107000,70.495000
support,lightgbm,arm,500,4,32,tl2cgen,1774,11,128.947000,128.143000,130.968000
support,lightgbm,arm,500,4,32,lightgbm_native,1774,11,265.296000,264.820000,266.750000
support,lightgbm,arm,500,4,32,quickscorer,1774,11,58.481000,58.022000,59.771000
support,xgboost,arm,500,4,32,treewalker_fullwalk,1774,11,179.627000,179.486000,180.115000
support,xgboost,arm,500,4,32,treewalker,1774,11,25.575000,25.158000,25.950000
support,xgboost,arm,500,4,32,tl2cgen,1774,11,116.638000,116.533000,117.126000
support,xgboost,arm,500,4,32,xgboost_native,1774,11,221.489000,218.196000,223.560000
support,lightgbm,arm,500,4,4,treewalker_fullwalk,1774,11,22.273000,22.161000,22.351000
support,lightgbm,arm,500,4,4,treewalker,1774,11,12.225000,12.118000,12.459000
support,lightgbm,arm,500,4,4,lleaves,1774,11,13.294000,13.159000,13.580000
support,lightgbm,arm,500,4,4,tl2cgen,1774,11,24.415000,24.199000,24.912000
support,lightgbm,arm,500,4,4,lightgbm_native,1774,11,52.739000,51.738000,53.602000
support,lightgbm,arm,500,4,4,quickscorer,1774,11,7.291000,7.103000,7.425000
support,xgboost,arm,500,4,4,treewalker_fullwalk,1774,11,24.068000,23.974000,24.206000
support,xgboost,arm,500,4,4,treewalker,1774,11,11.638000,11.343000,11.827000
support,xgboost,arm,500,4,4,tl2cgen,1774,11,14.925000,14.844000,14.979000
support,xgboost,arm,500,4,4,xgboost_native,1774,11,220.889000,217.349000,222.652000
support,lightgbm,arm,500,4,64,treewalker_fullwalk,1774,11,289.803000,289.715000,290.153000
support,lightgbm,arm,500,4,64,treewalker,1774,11,36.870000,36.788000,37.219000
support,lightgbm,arm,500,4,64,lleaves,1774,11,119.404000,119.263000,119.685000
support,lightgbm,arm,500,4,64,tl2cgen,1774,11,214.960000,213.698000,216.364000
support,lightgbm,arm,500,4,64,lightgbm_native,1774,11,449.840000,449.562000,451.725000
support,lightgbm,arm,500,4,64,quickscorer,1774,11,111.551000,110.477000,113.834000
support,xgboost,arm,500,4,64,treewalker_fullwalk,1774,11,320.641000,320.398000,320.746000
support,xgboost,arm,500,4,64,treewalker,1774,11,35.868000,35.621000,36.245000
support,xgboost,arm,500,4,64,tl2cgen,1774,11,210.153000,209.705000,210.425000
support,xgboost,arm,500,4,64,xgboost_native,1774,11,221.442000,217.207000,229.625000
support,lightgbm,arm,500,4,8,treewalker_fullwalk,1774,11,42.580000,42.401000,42.707000
support,lightgbm,arm,500,4,8,treewalker,1774,11,14.412000,14.273000,14.915000
support,lightgbm,arm,500,4,8,lleaves,1774,11,22.464000,22.446000,22.689000
support,lightgbm,arm,500,4,8,tl2cgen,1774,11,42.024000,41.635000,42.813000
support,lightgbm,arm,500,4,8,lightgbm_native,1774,11,89.028000,88.438000,90.066000
support,lightgbm,arm,500,4,8,quickscorer,1774,11,14.384000,14.042000,14.806000
support,xgboost,arm,500,4,8,treewalker_fullwalk,1774,11,46.266000,46.176000,46.432000
support,xgboost,arm,500,4,8,treewalker,1774,11,13.983000,13.542000,14.179000
support,xgboost,arm,500,4,8,tl2cgen,1774,11,29.375000,29.344000,29.449000
support,xgboost,arm,500,4,8,xgboost_native,1774,11,220.830000,215.783000,224.826000
support,lightgbm,arm,500,8,1,treewalker_fullwalk,1774,11,17.207000,17.062000,17.323000
support,lightgbm,arm,500,8,1,treewalker,1774,11,13.401000,13.003000,13.613000
support,lightgbm,arm,500,8,1,lleaves,1774,11,10.799000,10.662000,11.006000
support,lightgbm,arm,500,8,1,tl2cgen,1774,11,18.974000,18.607000,19.743000
support,lightgbm,arm,500,8,1,lightgbm_native,1774,11,35.925000,35.463000,36.526000
support,xgboost,arm,500,8,1,treewalker_fullwalk,1774,11,20.211000,19.963000,20.445000
support,xgboost,arm,500,8,1,treewalker,1774,11,14.192000,14.036000,15.109000
support,xgboost,arm,500,8,1,tl2cgen,1774,11,5.964000,5.938000,5.994000
support,xgboost,arm,500,8,1,xgboost_native,1774,11,218.699000,213.274000,221.227000
support,lightgbm,arm,500,8,128,treewalker_fullwalk,1774,11,1425.104000,1423.747000,1425.479000
support,lightgbm,arm,500,8,128,treewalker,1774,11,119.208000,118.749000,120.523000
support,lightgbm,arm,500,8,128,lleaves,1774,11,301.610000,300.462000,303.869000
support,lightgbm,arm,500,8,128,tl2cgen,1774,11,950.967000,944.158000,959.043000
support,lightgbm,arm,500,8,128,lightgbm_native,1774,11,1780.142000,1777.878000,1785.770000
support,xgboost,arm,500,8,128,treewalker_fullwalk,1774,11,1567.957000,1566.626000,1569.498000
support,xgboost,arm,500,8,128,treewalker,1774,11,123.497000,123.372000,125.216000
support,xgboost,arm,500,8,128,tl2cgen,1774,11,647.484000,646.191000,649.257000
support,xgboost,arm,500,8,128,xgboost_native,1774,11,222.052000,218.724000,226.123000
support,lightgbm,arm,500,8,16,treewalker_fullwalk,1774,11,229.225000,228.994000,229.734000
support,lightgbm,arm,500,8,16,treewalker,1774,11,46.053000,45.876000,47.332000
support,lightgbm,arm,500,8,16,lleaves,1774,11,75.012000,74.530000,76.013000
support,lightgbm,arm,500,8,16,tl2cgen,1774,11,223.981000,223.520000,228.479000
support,lightgbm,arm,500,8,16,lightgbm_native,1774,11,451.239000,448.114000,456.764000
support,xgboost,arm,500,8,16,treewalker_fullwalk,1774,11,255.274000,254.962000,255.706000
support,xgboost,arm,500,8,16,treewalker,1774,11,45.325000,45.114000,47.269000
support,xgboost,arm,500,8,16,tl2cgen,1774,11,110.002000,109.724000,110.608000
support,xgboost,arm,500,8,16,xgboost_native,1774,11,220.262000,217.054000,226.864000
support,lightgbm,arm,500,8,2,treewalker_fullwalk,1774,11,33.547000,33.138000,33.804000
support,lightgbm,arm,500,8,2,treewalker,1774,11,22.972000,22.679000,23.627000
support,lightgbm,arm,500,8,2,lleaves,1774,11,20.100000,19.690000,20.652000
support,lightgbm,arm,500,8,2,tl2cgen,1774,11,39.090000,38.895000,40.453000
support,lightgbm,arm,500,8,2,lightgbm_native,1774,11,67.879000,67.056000,69.488000
support,xgboost,arm,500,8,2,treewalker_fullwalk,1774,11,38.861000,38.379000,39.424000
support,xgboost,arm,500,8,2,treewalker,1774,11,25.017000,24.684000,25.930000
support,xgboost,arm,500,8,2,tl2cgen,1774,11,14.534000,14.483000,14.556000
support,xgboost,arm,500,8,2,xgboost_native,1774,11,218.951000,213.923000,223.859000
support,lightgbm,arm,500,8,32,treewalker_fullwalk,1774,11,449.934000,449.653000,450.371000
support,lightgbm,arm,500,8,32,treewalker,1774,11,59.122000,58.706000,60.493000
support,lightgbm,arm,500,8,32,lleaves,1774,11,124.146000,123.453000,126.505000
support,lightgbm,arm,500,8,32,tl2cgen,1774,11,377.064000,373.093000,382.024000
support,lightgbm,arm,500,8,32,lightgbm_native,1774,11,753.502000,748.924000,760.300000
support,xgboost,arm,500,8,32,treewalker_fullwalk,1774,11,498.224000,497.867000,499.161000
support,xgboost,arm,500,8,32,treewalker,1774,11,59.473000,58.811000,61.006000
support,xgboost,arm,500,8,32,tl2cgen,1774,11,217.295000,216.673000,217.958000
support,xgboost,arm,500,8,32,xgboost_native,1774,11,221.183000,217.664000,225.790000
support,lightgbm,arm,500,8,4,treewalker_fullwalk,1774,11,65.065000,64.016000,65.356000
support,lightgbm,arm,500,8,4,treewalker,1774,11,32.220000,32.089000,32.963000
support,lightgbm,arm,500,8,4,lleaves,1774,11,32.287000,32.004000,33.159000
support,lightgbm,arm,500,8,4,tl2cgen,1774,11,72.742000,72.079000,74.188000
support,lightgbm,arm,500,8,4,lightgbm_native,1774,11,135.057000,134.796000,136.574000
support,xgboost,arm,500,8,4,treewalker_fullwalk,1774,11,72.294000,71.958000,72.761000
support,xgboost,arm,500,8,4,treewalker,1774,11,32.361000,31.964000,33.227000
support,xgboost,arm,500,8,4,tl2cgen,1774,11,26.888000,26.838000,27.120000
support,xgboost,arm,500,8,4,xgboost_native,1774,11,220.924000,217.929000,222.228000
support,lightgbm,arm,500,8,64,treewalker_fullwalk,1774,11,798.335000,798.014000,799.112000
support,lightgbm,arm,500,8,64,treewalker,1774,11,65.993000,65.753000,67.254000
support,lightgbm,arm,500,8,64,lleaves,1774,11,185.766000,184.642000,188.619000
support,lightgbm,arm,500,8,64,tl2cgen,1774,11,554.928000,553.478000,562.874000
support,lightgbm,arm,500,8,64,lightgbm_native,1774,11,1090.175000,1085.689000,1094.582000
support,xgboost,arm,500,8,64,treewalker_fullwalk,1774,11,885.575000,884.729000,887.658000
support,xgboost,arm,500,8,64,treewalker,1774,11,73.900000,73.337000,75.147000
support,xgboost,arm,500,8,64,tl2cgen,1774,11,390.933000,390.212000,391.806000
support,xgboost,arm,500,8,64,xgboost_native,1774,11,221.956000,216.304000,225.275000
support,lightgbm,arm,500,8,8,treewalker_fullwalk,1774,11,118.883000,118.784000,119.074000
support,lightgbm,arm,500,8,8,treewalker,1774,11,39.461000,38.986000,40.136000
support,lightgbm,arm,500,8,8,lleaves,1774,11,50.796000,50.541000,51.688000
support,lightgbm,arm,500,8,8,tl2cgen,1774,11,135.602000,135.010000,138.690000
support,lightgbm,arm,500,8,8,lightgbm_native,1774,11,261.191000,259.819000,263.340000
support,xgboost,arm,500,8,8,treewalker_fullwalk,1774,11,134.510000,134.210000,135.600000
support,xgboost,arm,500,8,8,treewalker,1774,11,40.378000,40.070000,42.787000
support,xgboost,arm,500,8,8,tl2cgen,1774,11,50.861000,50.764000,50.994000
support,xgboost,arm,500,8,8,xgboost_native,1774,11,222.276000,220.652000,226.114000
support,lightgbm,arm,50,16,1,treewalker_fullwalk,1774,11,4.498000,4.461000,4.630000
support,lightgbm,arm,50,16,1,treewalker,1774,11,2.674000,2.639000,2.729000
support,lightgbm,arm,50,16,1,lleaves,1774,11,2.075000,2.052000,2.161000
support,lightgbm,arm,50,16,1,tl2cgen,1774,11,2.811000,2.747000,2.871000
support,lightgbm,arm,50,16,1,lightgbm_native,1774,11,8.512000,8.469000,8.695000
support,xgboost,arm,50,16,1,treewalker_fullwalk,1774,21,6.028000,5.353000,6.220000
support,xgboost,arm,50,16,1,treewalker,1774,21,3.212000,3.140000,3.505000
support,xgboost,arm,50,16,1,tl2cgen,1774,21,0.358000,0.348000,0.375000
support,xgboost,arm,50,16,1,xgboost_native,1774,21,214.159000,209.139000,217.271000
support,lightgbm,arm,50,16,128,treewalker_fullwalk,1774,15,419.275000,418.723000,425.084000
support,lightgbm,arm,50,16,128,treewalker,1774,15,60.088000,58.083000,62.980000
support,lightgbm,arm,50,16,128,lleaves,1774,15,148.762000,146.295000,151.577000
support,lightgbm,arm,50,16,128,tl2cgen,1774,15,207.290000,205.695000,216.117000
support,lightgbm,arm,50,16,128,lightgbm_native,1774,15,441.977000,431.301000,447.873000
support,xgboost,arm,50,16,128,treewalker_fullwalk,1774,11,415.890000,412.837000,419.542000
support,xgboost,arm,50,16,128,treewalker,1774,11,43.012000,42.250000,44.574000
support,xgboost,arm,50,16,128,tl2cgen,1774,11,63.043000,63.023000,63.453000
support,xgboost,arm,50,16,128,xgboost_native,1774,11,216.773000,215.039000,217.922000
support,lightgbm,arm,50,16,16,treewalker_fullwalk,1774,11,70.907000,70.612000,72.096000
support,lightgbm,arm,50,16,16,treewalker,1774,11,22.874000,22.694000,24.273000
support,lightgbm,arm,50,16,16,lleaves,1774,11,34.143000,33.449000,35.074000
support,lightgbm,arm,50,16,16,tl2cgen,1774,11,56.428000,55.540000,57.278000
support,lightgbm,arm,50,16,16,lightgbm_native,1774,11,92.923000,92.034000,94.562000
support,xgboost,arm,50,16,16,treewalker_fullwalk,1774,11,84.955000,83.932000,85.588000
support,xgboost,arm,50,16,16,treewalker,1774,11,24.136000,23.667000,25.445000
support,xgboost,arm,50,16,16,tl2cgen,1774,11,7.415000,7.392000,7.524000
support,xgboost,arm,50,16,16,xgboost_native,1774,11,216.045000,213.788000,217.576000
support,lightgbm,arm,50,16,2,treewalker_fullwalk,1774,11,9.438000,9.322000,9.753000
support,lightgbm,arm,50,16,2,treewalker,1774,11,5.878000,5.825000,6.014000
support,lightgbm,arm,50,16,2,lleaves,1774,11,4.683000,4.652000,4.816000
support,lightgbm,arm,50,16,2,tl2cgen,1774,11,6.449000,6.385000,6.546000
support,lightgbm,arm,50,16,2,lightgbm_native,1774,11,13.578000,13.494000,13.698000
support,xgboost,arm,50,16,2,treewalker_fullwalk,1774,21,12.692000,11.598000,12.880000
support,xgboost,arm,50,16,2,treewalker,1774,21,7.125000,6.900000,7.650000
support,xgboost,arm,50,16,2,tl2cgen,1774,21,0.934000,0.931000,0.939000
support,xgboost,arm,50,16,2,xgboost_native,1774,21,214.884000,210.577000,216.995000
support,lightgbm,arm,50,16,32,treewalker_fullwalk,1774,21,137.881000,136.275000,138.690000
support,lightgbm,arm,50,16,32,treewalker,1774,21,34.594000,33.493000,37.450000
support,lightgbm,arm,50,16,32,lleaves,1774,21,66.298000,64.616000,67.671000
support,lightgbm,arm,50,16,32,tl2cgen,1774,21,98.801000,97.779000,100.261000
support,lightgbm,arm,50,16,32,lightgbm_native,1774,21,178.237000,177.179000,179.579000
support,xgboost,arm,50,16,32,treewalker_fullwalk,1774,11,153.369000,151.357000,154.139000
support,xgboost,arm,50,16,32,treewalker,1774,11,31.333000,30.919000,32.508000
support,xgboost,arm,50,16,32,tl2cgen,1774,11,14.798000,14.762000,15.202000
support,xgboost,arm,50,16,32,xgboost_native,1774,11,217.083000,213.777000,218.315000
support,lightgbm,arm,50,16,4,treewalker_fullwalk,1774,11,19.009000,18.891000,19.314000
support,lightgbm,arm,50,16,4,treewalker,1774,11,10.803000,10.679000,11.061000
support,lightgbm,arm,50,16,4,lleaves,1774,11,9.228000,9.047000,9.425000
support,lightgbm,arm,50,16,4,tl2cgen,1774,11,13.267000,13.146000,13.528000
support,lightgbm,arm,50,16,4,lightgbm_native,1774,11,25.458000,25.300000,25.667000
support,xgboost,arm,50,16,4,treewalker_fullwalk,1774,21,25.154000,23.670000,25.603000
support,xgboost,arm,50,16,4,treewalker,1774,21,13.367000,12.828000,14.503000
support,xgboost,arm,50,16,4,tl2cgen,1774,21,1.697000,1.683000,1.724000
support,xgboost,arm,50,16,4,xgboost_native,1774,21,216.312000,211.632000,218.453000
support,lightgbm,arm,50,16,64,treewalker_fullwalk,1774,21,235.377000,233.989000,236.346000
support,lightgbm,arm,50,16,64,treewalker,1774,21,37.063000,35.328000,39.467000
support,lightgbm,arm,50,16,64,lleaves,1774,21,86.779000,83.108000,89.497000
support,lightgbm,arm,50,16,64,tl2cgen,1774,21,127.778000,125.330000,130.509000
support,lightgbm,arm,50,16,64,lightgbm_native,1774,21,257.984000,254.860000,261.266000
support,xgboost,arm,50,16,64,treewalker_fullwalk,1774,11,242.284000,239.258000,245.065000
support,xgboost,arm,50,16,64,treewalker,1774,11,29.848000,29.413000,30.879000
support,xgboost,arm,50,16,64,tl2cgen,1774,11,29.971000,29.942000,29.982000
support,xgboost,arm,50,16,64,xgboost_native,1774,11,216.542000,215.795000,218.978000
support,lightgbm,arm,50,16,8,treewalker_fullwalk,1774,11,37.326000,36.739000,37.929000
support,lightgbm,arm,50,16,8,treewalker,1774,11,15.967000,15.565000,16.504000
support,lightgbm,arm,50,16,8,lleaves,1774,11,17.652000,17.295000,18.239000
support,lightgbm,arm,50,16,8,tl2cgen,1774,11,27.928000,27.767000,28.534000
support,lightgbm,arm,50,16,8,lightgbm_native,1774,11,48.880000,48.544000,49.295000
support,xgboost,arm,50,16,8,treewalker_fullwalk,1774,21,47.532000,45.714000,48.047000
support,xgboost,arm,50,16,8,treewalker,1774,21,19.371000,18.508000,20.702000
support,xgboost,arm,50,16,8,tl2cgen,1774,21,3.750000,3.740000,3.754000
support,xgboost,arm,50,16,8,xgboost_native,1774,21,214.707000,212.241000,217.986000
support,lightgbm,arm,50,2,1,treewalker_fullwalk,1774,11,0.272000,0.270000,0.276000
support,lightgbm,arm,50,2,1,treewalker,1774,11,0.406000,0.404000,0.414000
support,lightgbm,arm,50,2,1,lleaves,1774,11,0.212000,0.211000,0.219000
support,lightgbm,arm,50,2,1,tl2cgen,1774,11,0.212000,0.210000,0.215000
support,lightgbm,arm,50,2,1,lightgbm_native,1774,11,4.150000,4.138000,4.172000
support,lightgbm,arm,50,2,1,quickscorer,1774,11,0.110000,0.109000,0.115000
support,xgboost,arm,50,2,1,treewalker_fullwalk,1774,21,0.319000,0.315000,0.325000
support,xgboost,arm,50,2,1,treewalker,1774,21,0.483000,0.442000,0.500000
support,xgboost,arm,50,2,1,tl2cgen,1774,21,0.331000,0.330000,0.331000
support,xgboost,arm,50,2,1,xgboost_native,1774,21,208.500000,207.038000,211.393000
support,lightgbm,arm,50,2,128,treewalker_fullwalk,1774,11,19.343000,19.144000,19.719000
support,lightgbm,arm,50,2,128,treewalker,1774,11,9.881000,9.870000,10.213000
support,lightgbm,arm,50,2,128,lleaves,1774,11,19.991000,19.961000,19.997000
support,lightgbm,arm,50,2,128,tl2cgen,1774,11,16.554000,16.546000,16.573000
support,lightgbm,arm,50,2,128,lightgbm_native,1774,11,47.983000,47.732000,48.147000
support,lightgbm,arm,50,2,128,quickscorer,1774,11,6.024000,5.982000,6.075000
support,xgboost,arm,50,2,128,treewalker_fullwalk,1774,11,25.596000,25.520000,25.674000
support,xgboost,arm,50,2,128,treewalker,1774,11,10.416000,10.342000,10.693000
support,xgboost,arm,50,2,128,tl2cgen,1774,11,30.614000,30.612000,30.623000
support,xgboost,arm,50,2,128,xgboost_native,1774,11,211.218000,209.637000,213.390000
support,lightgbm,arm,50,2,16,treewalker_fullwalk,1774,11,3.101000,3.090000,3.154000
support,lightgbm,arm,50,2,16,treewalker,1774,11,1.269000,1.242000,1.305000
support,lightgbm,arm,50,2,16,lleaves,1774,11,3.274000,3.269000,3.283000
support,lightgbm,arm,50,2,16,tl2cgen,1774,11,2.636000,2.626000,2.657000
support,lightgbm,arm,50,2,16,lightgbm_native,1774,11,11.089000,11.035000,11.193000
support,lightgbm,arm,50,2,16,quickscorer,1774,11,1.017000,1.004000,1.047000
support,xgboost,arm,50,2,16,treewalker_fullwalk,1774,21,3.933000,3.906000,3.980000
support,xgboost,arm,50,2,16,treewalker,1774,21,1.579000,1.483000,1.630000
support,xgboost,arm,50,2,16,tl2cgen,1774,21,4.755000,4.754000,4.757000
support,xgboost,arm,50,2,16,xgboost_native,1774,21,215.122000,211.570000,219.679000
support,lightgbm,arm,50,2,2,treewalker_fullwalk,1774,21,0.434000,0.431000,0.442000
support,lightgbm,arm,50,2,2,treewalker,1774,21,0.604000,0.600000,0.611000
support,lightgbm,arm,50,2,2,lleaves,1774,21,0.440000,0.438000,0.442000
support,lightgbm,arm,50,2,2,tl2cgen,1774,21,0.359000,0.358000,0.360000
support,lightgbm,arm,50,2,2,lightgbm_native,1774,21,4.584000,4.573000,4.602000
support,lightgbm,arm,50,2,2,quickscorer,1774,21,0.169000,0.163000,0.181000
support,xgboost,arm,50,2,2,treewalker_fullwalk,1774,11,0.550000,0.546000,0.553000
support,xgboost,arm,50,2,2,treewalker,1774,11,0.687000,0.656000,0.704000
support,xgboost,arm,50,2,2,tl2cgen,1774,11,0.625000,0.625000,0.626000
support,xgboost,arm,50,2,2,xgboost_native,1774,11,209.201000,208.577000,209.884000
support,lightgbm,arm,50,2,32,treewalker_fullwalk,1774,11,6.091000,6.059000,6.145000
support,lightgbm,arm,50,2,32,treewalker,1774,11,2.056000,2.018000,2.170000
support,lightgbm,arm,50,2,32,lleaves,1774,11,6.537000,6.528000,6.561000
support,lightgbm,arm,50,2,32,tl2cgen,1774,11,5.207000,5.195000,5.220000
support,lightgbm,arm,50,2,32,lightgbm_native,1774,11,18.188000,17.991000,18.344000
support,lightgbm,arm,50,2,32,quickscorer,1774,11,1.760000,1.713000,1.806000
support,xgboost,arm,50,2,32,treewalker_fullwalk,1774,11,7.804000,7.756000,7.913000
support,xgboost,arm,50,2,32,treewalker,1774,11,2.711000,2.636000,2.795000
support,xgboost,arm,50,2,32,tl2cgen,1774,11,9.482000,9.481000,9.485000
support,xgboost,arm,50,2,32,xgboost_native,1774,11,217.410000,212.569000,220.094000
support,lightgbm,arm,50,2,4,treewalker_fullwalk,1774,11,0.825000,0.817000,0.836000
support,lightgbm,arm,50,2,4,treewalker,1774,11,0.722000,0.718000,0.748000
support,lightgbm,arm,50,2,4,lleaves,1774,11,0.852000,0.847000,0.854000
support,lightgbm,arm,50,2,4,tl2cgen,1774,11,0.689000,0.688000,0.691000
support,lightgbm,arm,50,2,4,lightgbm_native,1774,11,5.604000,5.569000,5.665000
support,lightgbm,arm,50,2,4,quickscorer,1774,11,0.281000,0.275000,0.288000
support,xgboost,arm,50,2,4,treewalker_fullwalk,1774,21,1.027000,1.022000,1.031000
support,xgboost,arm,50,2,4,treewalker,1774,21,0.909000,0.844000,0.925000
support,xgboost,arm,50,2,4,tl2cgen,1774,21,1.218000,1.217000,1.219000
support,xgboost,arm,50,2,4,xgboost_native,1774,21,211.048000,209.252000,213.369000
support,lightgbm,arm,50,2,64,treewalker_fullwalk,1774,11,10.882000,10.834000,11.080000
support,lightgbm,arm,50,2,64,treewalker,1774,11,3.775000,3.739000,4.036000
support,lightgbm,arm,50,2,64,lleaves,1774,11,11.353000,11.336000,11.425000
support,lightgbm,arm,50,2,64,tl2cgen,1774,11,9.399000,9.385000,9.426000
support,lightgbm,arm,50,2,64,lightgbm_native,1774,11,29.252000,29.144000,29.791000
support,lightgbm,arm,50,2,64,quickscorer,1774,11,3.134000,3.106000,3.199000
support,xgboost,arm,50,2,64,treewalker_fullwalk,1774,11,14.290000,14.247000,14.340000
support,xgboost,arm,50,2,64,treewalker,1774,11,4.234000,4.203000,4.491000
support,xgboost,arm,50,2,64,tl2cgen,1774,11,17.141000,17.141000,17.144000
support,xgboost,arm,50,2,64,xgboost_native,1774,11,216.859000,212.903000,219.612000
support,lightgbm,arm,50,2,8,treewalker_fullwalk,1774,11,1.535000,1.526000,1.551000
support,lightgbm,arm,50,2,8,treewalker,1774,11,0.902000,0.881000,0.917000
support,lightgbm,arm,50,2,8,lleaves,1774,11,1.629000,1.626000,1.633000
support,lightgbm,arm,50,2,8,tl2cgen,1774,11,1.332000,1.328000,1.340000
support,lightgbm,arm,50,2,8,lightgbm_native,1774,11,7.388000,7.351000,7.461000
support,lightgbm,arm,50,2,8,quickscorer,1774,11,0.535000,0.522000,0.556000
support,xgboost,arm,50,2,8,treewalker_fullwalk,1774,21,1.970000,1.953000,1.998000
support,xgboost,arm,50,2,8,treewalker,1774,21,1.156000,1.072000,1.183000
support,xgboost,arm,50,2,8,tl2cgen,1774,21,2.398000,2.397000,2.399000
support,xgboost,arm,50,2,8,xgboost_native,1774,21,213.325000,209.530000,215.493000
support,lightgbm,arm,50,4,1,treewalker_fullwalk,1774,21,0.620000,0.607000,0.629000
support,lightgbm,arm,50,4,1,treewalker,1774,21,0.718000,0.695000,0.775000
support,lightgbm,arm,50,4,1,lleaves,1774,21,0.320000,0.305000,0.337000
support,lightgbm,arm,50,4,1,tl2cgen,1774,21,0.440000,0.416000,0.484000
support,lightgbm,arm,50,4,1,lightgbm_native,1774,21,4.841000,4.793000,4.920000
support,lightgbm,arm,50,4,1,quickscorer,1774,21,0.398000,0.385000,0.414000
support,xgboost,arm,50,4,1,treewalker_fullwalk,1774,21,0.675000,0.664000,0.692000
support,xgboost,arm,50,4,1,treewalker,1774,21,0.844000,0.764000,0.865000
support,xgboost,arm,50,4,1,tl2cgen,1774,21,0.343000,0.343000,0.344000
support,xgboost,arm,50,4,1,xgboost_native,1774,21,214.065000,209.885000,217.228000
support,lightgbm,arm,50,4,128,treewalker_fullwalk,1774,11,53.745000,53.556000,53.849000
support,lightgbm,arm,50,4,128,treewalker,1774,11,12.148000,11.996000,12.294000
support,lightgbm,arm,50,4,128,lleaves,1774,11,23.764000,23.696000,23.884000
support,lightgbm,arm,50,4,128,tl2cgen,1774,11,24.156000,24.045000,24.285000
support,lightgbm,arm,50,4,128,lightgbm_native,1774,11,84.228000,83.881000,84.765000
support,lightgbm,arm,50,4,128,quickscorer,1774,11,26.154000,25.464000,26.464000
support,xgboost,arm,50,4,128,treewalker_fullwalk,1774,11,58.219000,58.155000,58.324000
support,xgboost,arm,50,4,128,treewalker,1774,11,12.385000,12.311000,12.649000
support,xgboost,arm,50,4,128,tl2cgen,1774,11,31.238000,31.233000,31.254000
support,xgboost,arm,50,4,128,xgboost_native,1774,11,213.457000,211.427000,214.948000
support,lightgbm,arm,50,4,16,treewalker_fullwalk,1774,11,8.680000,8.659000,8.933000
support,lightgbm,arm,50,4,16,treewalker,1774,11,3.384000,3.335000,3.489000
support,lightgbm,arm,50,4,16,lleaves,1774,11,4.085000,4.066000,4.158000
support,lightgbm,arm,50,4,16,tl2cgen,1774,11,5.085000,4.983000,5.142000
support,lightgbm,arm,50,4,16,lightgbm_native,1774,11,18.666000,18.527000,18.861000
support,lightgbm,arm,50,4,16,quickscorer,1774,11,4.576000,4.548000,4.722000
support,xgboost,arm,50,4,16,treewalker_fullwalk,1774,11,9.332000,9.293000,9.384000
support,xgboost,arm,50,4,16,treewalker,1774,11,3.442000,3.285000,3.574000
support,xgboost,arm,50,4,16,tl2cgen,1774,11,4.912000,4.911000,4.914000
support,xgboost,arm,50,4,16,xgboost_native,1774,11,217.045000,213.100000,221.742000
support,lightgbm,arm,50,4,2,treewalker_fullwalk,1774,18,1.200000,1.169000,1.212000
support,lightgbm,arm,50,4,2,treewalker,1774,18,1.512000,1.425000,1.532000
support,lightgbm,arm,50,4,2,lleaves,1774,18,0.638000,0.621000,0.668000
support,lightgbm,arm,50,4,2,tl2cgen,1774,18,0.900000,0.866000,0.942000
support,lightgbm,arm,50,4,2,lightgbm_native,1774,18,6.038000,5.912000,6.184000
support,lightgbm,arm,50,4,2,quickscorer,1774,18,0.775000,0.755000,0.795000
support,xgboost,arm,50,4,2,treewalker_fullwalk,1774,21,1.259000,1.234000,1.272000
support,xgboost,arm,50,4,2,treewalker,1774,21,1.583000,1.413000,1.614000
support,xgboost,arm,50,4,2,tl2cgen,1774,21,0.644000,0.643000,0.644000
support,xgboost,arm,50,4,2,xgboost_native,1774,21,216.143000,210.952000,219.309000
support,lightgbm,arm,50,4,32,treewalker_fullwalk,1774,11,16.919000,16.888000,17.328000
support,lightgbm,arm,50,4,32,treewalker,1774,11,4.560000,4.526000,4.696000
support,lightgbm,arm,50,4,32,lleaves,1774,11,7.734000,7.693000,7.789000
support,lightgbm,arm,50,4,32,tl2cgen,1774,11,8.869000,8.822000,8.936000
support,lightgbm,arm,50,4,32,lightgbm_native,1774,11,30.873000,30.697000,31.192000
support,lightgbm,arm,50,4,32,quickscorer,1774,11,9.264000,9.104000,9.397000
support,xgboost,arm,50,4,32,treewalker_fullwalk,1774,11,18.209000,18.140000,18.488000
support,xgboost,arm,50,4,32,treewalker,1774,11,4.677000,4.566000,4.836000
support,xgboost,arm,50,4,32,tl2cgen,1774,11,9.691000,9.688000,9.694000
support,xgboost,arm,50,4,32,xgboost_native,1774,11,219.407000,215.371000,222.424000
support,lightgbm,arm,50,4,4,treewalker_fullwalk,1774,11,2.386000,2.366000,2.443000
support,lightgbm,arm,50,4,4,treewalker,1774,11,2.165000,2.109000,2.252000
support,lightgbm,arm,50,4,4,lleaves,1774,11,1.195000,1.169000,1.248000
support,lightgbm,arm,50,4,4,tl2cgen,1774,11,1.627000,1.588000,1.664000
support,lightgbm,arm,50,4,4,lightgbm_native,1774,11,8.376000,8.306000,8.496000
support,lightgbm,arm,50,4,4,quickscorer,1774,11,1.356000,1.338000,1.401000
support,xgboost,arm,50,4,4,treewalker_fullwalk,1774,21,2.486000,2.452000,2.523000
support,xgboost,arm,50,4,4,treewalker,1774,21,2.131000,1.935000,2.186000
support,xgboost,arm,50,4,4,tl2cgen,1774,21,1.243000,1.243000,1.244000
support,xgboost,arm,50,4,4,xgboost_native,1774,21,217.854000,211.621000,221.437000
support,lightgbm,arm,50,4,64,treewalker_fullwalk,1774,11,30.481000,30.411000,30.939000
support,lightgbm,arm,50,4,64,treewalker,1774,11,5.960000,5.859000,6.148000
support,lightgbm,arm,50,4,64,lleaves,1774,11,13.994000,13.962000,14.150000
support,lightgbm,arm,50,4,64,tl2cgen,1774,11,15.074000,15.043000,15.239000
support,lightgbm,arm,50,4,64,lightgbm_native,1774,11,50.300000,50.142000,50.705000
support,lightgbm,arm,50,4,64,quickscorer,1774,11,14.578000,14.304000,14.778000
support,xgboost,arm,50,4,64,treewalker_fullwalk,1774,11,33.218000,33.168000,33.451000
support,xgboost,arm,50,4,64,treewalker,1774,11,6.064000,5.962000,6.375000
support,xgboost,arm,50,4,64,tl2cgen,1774,11,17.566000,17.563000,17.568000
support,xgboost,arm,50,4,64,xgboost_native,1774,11,219.037000,213.760000,222.741000
support,lightgbm,arm,50,4,8,treewalker_fullwalk,1774,11,4.481000,4.459000,4.552000
support,lightgbm,arm,50,4,8,treewalker,1774,11,2.570000,2.515000,2.643000
support,lightgbm,arm,50,4,8,lleaves,1774,11,2.234000,2.192000,2.279000
support,lightgbm,arm,50,4,8,tl2cgen,1774,11,2.983000,2.944000,3.082000
support,lightgbm,arm,50,4,8,lightgbm_native,1774,11,12.422000,12.297000,12.591000
support,lightgbm,arm,50,4,8,quickscorer,1774,11,2.406000,2.367000,2.466000
support,xgboost,arm,50,4,8,treewalker_fullwalk,1774,11,4.765000,4.725000,4.799000
support,xgboost,arm,50,4,8,treewalker,1774,11,2.699000,2.540000,2.767000
support,xgboost,arm,50,4,8,tl2cgen,1774,11,2.456000,2.455000,2.457000
support,xgboost,arm,50,4,8,xgboost_native,1774,11,218.219000,214.367000,219.674000
support,lightgbm,arm,50,8,1,treewalker_fullwalk,1774,21,1.804000,1.767000,1.842000
support,lightgbm,arm,50,8,1,treewalker,1774,21,1.737000,1.667000,1.780000
support,lightgbm,arm,50,8,1,lleaves,1774,21,1.064000,1.004000,1.107000
support,lightgbm,arm,50,8,1,tl2cgen,1774,21,1.567000,1.450000,1.647000
support,lightgbm,arm,50,8,1,lightgbm_native,1774,21,6.587000,6.500000,6.768000
support,xgboost,arm,50,8,1,treewalker_fullwalk,1774,15,2.139000,2.044000,2.187000
support,xgboost,arm,50,8,1,treewalker,1774,15,1.894000,1.797000,1.952000
support,xgboost,arm,50,8,1,tl2cgen,1774,15,0.410000,0.392000,0.419000
support,xgboost,arm,50,8,1,xgboost_native,1774,15,213.824000,210.930000,215.949000
support,lightgbm,arm,50,8,128,treewalker_fullwalk,1774,11,144.598000,144.519000,144.837000
support,lightgbm,arm,50,8,128,treewalker,1774,11,19.724000,19.652000,20.247000
support,lightgbm,arm,50,8,128,lleaves,1774,11,35.548000,35.354000,36.171000
support,lightgbm,arm,50,8,128,tl2cgen,1774,11,51.641000,51.377000,52.714000
support,lightgbm,arm,50,8,128,lightgbm_native,1774,11,154.732000,153.980000,156.091000
support,xgboost,arm,50,8,128,treewalker_fullwalk,1774,11,157.609000,157.338000,157.823000
support,xgboost,arm,50,8,128,treewalker,1774,11,20.184000,19.876000,20.549000
support,xgboost,arm,50,8,128,tl2cgen,1774,11,43.236000,42.619000,43.501000
support,xgboost,arm,50,8,128,xgboost_native,1774,11,215.666000,213.213000,220.214000
support,lightgbm,arm,50,8,16,treewalker_fullwalk,1774,11,23.751000,23.665000,23.953000
support,lightgbm,arm,50,8,16,treewalker,1774,11,8.622000,8.500000,8.841000
support,lightgbm,arm,50,8,16,lleaves,1774,11,9.230000,9.111000,9.501000
support,lightgbm,arm,50,8,16,tl2cgen,1774,11,14.730000,14.636000,15.160000
support,lightgbm,arm,50,8,16,lightgbm_native,1774,11,39.127000,38.630000,39.675000
support,xgboost,arm,50,8,16,treewalker_fullwalk,1774,11,27.086000,26.989000,27.174000
support,xgboost,arm,50,8,16,treewalker,1774,11,8.988000,8.855000,9.266000
support,xgboost,arm,50,8,16,tl2cgen,1774,11,5.972000,5.924000,5.988000
support,xgboost,arm,50,8,16,xgboost_native,1774,11,217.131000,212.044000,222.044000
support,lightgbm,arm,50,8,2,treewalker_fullwalk,1774,11,3.553000,3.508000,3.637000
support,lightgbm,arm,50,8,2,treewalker,1774,11,3.525000,3.462000,3.717000
support,lightgbm,arm,50,8,2,lleaves,1774,11,2.077000,2.009000,2.143000
support,lightgbm,arm,50,8,2,tl2cgen,1774,11,3.154000,3.054000,3.259000
support,lightgbm,arm,50,8,2,lightgbm_native,1774,11,9.279000,9.116000,9.467000
support,xgboost,arm,50,8,2,treewalker_fullwalk,1774,20,4.245000,4.070000,4.313000
support,xgboost,arm,50,8,2,treewalker,1774,20,3.796000,3.693000,3.958000
support,xgboost,arm,50,8,2,tl2cgen,1774,20,0.901000,0.894000,0.905000
support,xgboost,arm,50,8,2,xgboost_native,1774,20,215.027000,210.083000,217.983000
support,lightgbm,arm,50,8,32,treewalker_fullwalk,1774,11,45.613000,45.571000,46.091000
support,lightgbm,arm,50,8,32,treewalker,1774,11,10.764000,10.653000,10.966000
support,lightgbm,arm,50,8,32,lleaves,1774,11,14.441000,14.354000,14.665000
support,lightgbm,arm,50,8,32,tl2cgen,1774,11,22.648000,22.358000,23.088000
support,lightgbm,arm,50,8,32,lightgbm_native,1774,11,63.742000,63.311000,64.700000
support,xgboost,arm,50,8,32,treewalker_fullwalk,1774,11,51.415000,51.301000,51.637000
support,xgboost,arm,50,8,32,treewalker,1774,11,11.551000,11.255000,11.916000
support,xgboost,arm,50,8,32,tl2cgen,1774,11,12.209000,12.196000,12.220000
support,xgboost,arm,50,8,32,xgboost_native,1774,11,217.986000,215.381000,224.141000
support,lightgbm,arm,50,8,4,treewalker_fullwalk,1774,11,6.996000,6.936000,7.089000
support,lightgbm,arm,50,8,4,treewalker,1774,11,5.683000,5.599000,5.822000
support,lightgbm,arm,50,8,4,lleaves,1774,11,3.712000,3.533000,3.863000
support,lightgbm,arm,50,8,4,tl2cgen,1774,11,5.435000,5.309000,5.855000
support,lightgbm,arm,50,8,4,lightgbm_native,1774,11,14.524000,14.430000,14.686000
support,xgboost,arm,50,8,4,treewalker_fullwalk,1774,11,8.041000,7.923000,8.158000
support,xgboost,arm,50,8,4,treewalker,1774,11,6.000000,5.817000,6.209000
support,xgboost,arm,50,8,4,tl2cgen,1774,11,1.525000,1.521000,1.530000
support,xgboost,arm,50,8,4,xgboost_native,1774,11,217.560000,213.359000,219.070000
support,lightgbm,arm,50,8,64,treewalker_fullwalk,1774,11,80.595000,80.452000,80.872000
support,lightgbm,arm,50,8,64,treewalker,1774,11,11.773000,11.625000,12.123000
support,lightgbm,arm,50,8,64,lleaves,1774,11,21.380000,21.239000,21.995000
support,lightgbm,arm,50,8,64,tl2cgen,1774,11,32.280000,31.805000,32.582000
support,lightgbm,arm,50,8,64,lightgbm_native,1774,11,96.442000,95.766000,97.155000
support,xgboost,arm,50,8,64,treewalker_fullwalk,1774,11,88.775000,88.615000,89.006000
support,xgboost,arm,50,8,64,treewalker,1774,11,12.657000,12.466000,12.943000
support,xgboost,arm,50,8,64,tl2cgen,1774,11,22.631000,22.612000,22.651000
support,xgboost,arm,50,8,64,xgboost_native,1774,11,218.546000,212.775000,222.704000
support,lightgbm,arm,50,8,8,treewalker_fullwalk,1774,11,12.625000,12.530000,12.758000
support,lightgbm,arm,50,8,8,treewalker,1774,11,6.989000,6.956000,7.223000
support,lightgbm,arm,50,8,8,lleaves,1774,11,6.004000,5.881000,6.241000
support,lightgbm,arm,50,8,8,tl2cgen,1774,11,9.289000,9.046000,9.726000
support,lightgbm,arm,50,8,8,lightgbm_native,1774,11,23.691000,23.449000,23.999000
support,xgboost,arm,50,8,8,treewalker_fullwalk,1774,11,14.290000,14.236000,14.372000
support,xgboost,arm,50,8,8,treewalker,1774,11,7.388000,7.121000,7.658000
support,xgboost,arm,50,8,8,tl2cgen,1774,11,3.391000,3.387000,3.397000
support,xgboost,arm,50,8,8,xgboost_native,1774,11,216.947000,214.369000,220.422000
