dataset,framework,arch,n_trees,max_depth,horizon,method,n_obs,iters,median_us,p5_us,p95_us
expedia,lightgbm,intel,1000,16,,treewalker_fullwalk,10000,11,1927.175000,1881.087000,1948.785000
expedia,lightgbm,intel,1000,16,,treewalker,10000,11,1166.581000,1143.603000,1205.085000
expedia,lightgbm,intel,1000,16,,lleaves,10000,11,2388.012000,2361.074000,2482.186000
expedia,lightgbm,intel,1000,16,,tl2cgen,10000,11,8320.991000,7969.474000,8510.332000
expedia,lightgbm,intel,1000,16,,lightgbm_native,10000,11,13079.775000,12620.880000,13483.213000
expedia,xgboost,intel,1000,16,,treewalker_fullwalk,10000,11,1907.950000,1869.723000,1934.380000
expedia,xgboost,intel,1000,16,,treewalker,10000,11,1044.124000,1026.751000,1057.604000
expedia,xgboost,intel,1000,16,,tl2cgen,10000,11,763.706000,723.553000,784.083000
expedia,xgboost,intel,1000,16,,xgboost_native,10000,11,292.267000,291.591000,293.966000
expedia,lightgbm,intel,1000,2,,treewalker_fullwalk,10000,21,121.256000,115.622000,125.801000
expedia,lightgbm,intel,1000,2,,treewalker,10000,21,39.431000,37.778000,41.781000
expedia,lightgbm,intel,1000,2,,lleaves,10000,21,113.586000,106.020000,116.656000
expedia,lightgbm,intel,1000,2,,tl2cgen,10000,21,148.782000,142.248000,154.113000
expedia,lightgbm,intel,1000,2,,lightgbm_native,10000,21,424.047000,402.641000,447.120000
expedia,lightgbm,intel,1000,2,,quickscorer,10000,21,15.965000,15.020000,16.700000
expedia,xgboost,intel,1000,2,,treewalker_fullwalk,10000,21,178.769000,170.937000,183.482000
expedia,xgboost,intel,1000,2,,treewalker,10000,21,48.674000,45.526000,49.301000
expedia,xgboost,intel,1000,2,,tl2cgen,10000,21,143.096000,137.406000,148.550000
expedia,xgboost,intel,1000,2,,xgboost_native,10000,21,291.787000,290.634000,293.107000
expedia,lightgbm,intel,1000,4,,treewalker_fullwalk,10000,21,330.969000,317.437000,341.567000
expedia,lightgbm,intel,1000,4,,treewalker,10000,21,106.626000,101.571000,108.140000
expedia,lightgbm,intel,1000,4,,lleaves,10000,21,175.114000,167.576000,181.185000
expedia,lightgbm,intel,1000,4,,tl2cgen,10000,21,363.477000,345.600000,374.148000
expedia,lightgbm,intel,1000,4,,lightgbm_native,10000,21,806.966000,767.769000,840.777000
expedia,lightgbm,intel,1000,4,,quickscorer,10000,21,70.792000,68.398000,76.212000
expedia,xgboost,intel,1000,4,,treewalker_fullwalk,10000,18,380.897000,362.195000,389.584000
expedia,xgboost,intel,1000,4,,treewalker,10000,18,110.974000,104.114000,112.291000
expedia,xgboost,intel,1000,4,,tl2cgen,10000,18,163.408000,156.551000,169.142000
expedia,xgboost,intel,1000,4,,xgboost_native,10000,18,292.159000,288.298000,292.798000
expedia,lightgbm,intel,1000,8,,treewalker_fullwalk,10000,11,697.326000,682.341000,716.352000
expedia,lightgbm,intel,1000,8,,treewalker,10000,11,260.832000,257.727000,270.732000
expedia,lightgbm,intel,1000,8,,lleaves,10000,11,508.626000,492.623000,525.655000
expedia,lightgbm,intel,1000,8,,tl2cgen,10000,11,1457.651000,1430.816000,1493.765000
expedia,lightgbm,intel,1000,8,,lightgbm_native,10000,11,3512.007000,3384.435000,3659.477000
expedia,xgboost,intel,1000,8,,treewalker_fullwalk,10000,21,799.011000,758.609000,813.841000
expedia,xgboost,intel,1000,8,,treewalker,10000,21,285.475000,278.848000,291.025000
expedia,xgboost,intel,1000,8,,tl2cgen,10000,21,332.986000,316.816000,350.940000
expedia,xgboost,intel,1000,8,,xgboost_native,10000,21,291.866000,289.674000,293.586000
expedia,lightgbm,intel,2000,16,,treewalker_fullwalk,10000,11,3975.292000,3904.500000,4128.567000
expedia,lightgbm,intel,2000,16,,treewalker,10000,11,2465.857000,2411.688000,2534.565000
expedia,lightgbm,intel,2000,16,,lleaves,10000,11,5522.530000,5397.607000,5844.748000
expedia,lightgbm,intel,2000,16,,tl2cgen,10000,11,21296.989000,20443.133000,21653.543000
expedia,lightgbm,intel,2000,16,,lightgbm_native,10000,11,25358.290000,24501.777000,26255.026000
expedia,xgboost,intel,2000,16,,treewalker_fullwalk,10000,11,3598.756000,3542.763000,3670.930000
expedia,xgboost,intel,2000,16,,treewalker,10000,11,1844.325000,1809.552000,1868.210000
expedia,xgboost,intel,2000,16,,tl2cgen,10000,11,2249.449000,2169.919000,2341.656000
expedia,xgboost,intel,2000,16,,xgboost_native,10000,11,292.205000,291.188000,294.594000
expedia,lightgbm,intel,2000,2,,treewalker_fullwalk,10000,21,217.646000,207.485000,224.917000
expedia,lightgbm,intel,2000,2,,treewalker,10000,21,67.695000,62.995000,69.100000
expedia,lightgbm,intel,2000,2,,lleaves,10000,21,220.083000,207.767000,227.688000
expedia,lightgbm,intel,2000,2,,tl2cgen,10000,21,393.608000,380.066000,409.268000
expedia,lightgbm,intel,2000,2,,lightgbm_native,10000,21,1010.437000,954.669000,1050.095000
expedia,lightgbm,intel,2000,2,,quickscorer,10000,21,25.669000,24.494000,26.930000
expedia,xgboost,intel,2000,2,,treewalker_fullwalk,10000,21,323.254000,303.521000,333.868000
expedia,xgboost,intel,2000,2,,treewalker,10000,21,81.187000,77.738000,83.336000
expedia,xgboost,intel,2000,2,,tl2cgen,10000,21,287.850000,274.561000,296.466000
expedia,xgboost,intel,2000,2,,xgboost_native,10000,21,292.474000,289.908000,293.766000
expedia,lightgbm,intel,2000,4,,treewalker_fullwalk,10000,11,598.156000,572.460000,614.516000
expedia,lightgbm,intel,2000,4,,treewalker,10000,11,181.358000,177.549000,183.801000
expedia,lightgbm,intel,2000,4,,lleaves,10000,11,356.948000,340.579000,368.668000
expedia,lightgbm,intel,2000,4,,tl2cgen,10000,11,1595.812000,1540.195000,1623.241000
expedia,lightgbm,intel,2000,4,,lightgbm_native,10000,11,2219.401000,2151.172000,2301.483000
expedia,lightgbm,intel,2000,4,,quickscorer,10000,11,123.411000,115.380000,130.832000
expedia,xgboost,intel,2000,4,,treewalker_fullwalk,10000,11,701.456000,682.303000,721.535000
expedia,xgboost,intel,2000,4,,treewalker,10000,11,186.183000,183.430000,191.592000
expedia,xgboost,intel,2000,4,,tl2cgen,10000,11,377.813000,365.242000,388.041000
expedia,xgboost,intel,2000,4,,xgboost_native,10000,11,291.485000,290.348000,293.874000
expedia,lightgbm,intel,2000,8,,treewalker_fullwalk,10000,11,1421.173000,1369.544000,1441.822000
expedia,lightgbm,intel,2000,8,,treewalker,10000,11,563.807000,558.541000,570.440000
expedia,lightgbm,intel,2000,8,,lleaves,10000,11,1049.139000,1029.032000,1072.183000
expedia,lightgbm,intel,2000,8,,tl2cgen,10000,11,6998.386000,6721.677000,7206.681000
expedia,lightgbm,intel,2000,8,,lightgbm_native,10000,11,7490.945000,7249.198000,7720.109000
expedia,xgboost,intel,2000,8,,treewalker_fullwalk,10000,11,1558.286000,1535.111000,1603.728000
expedia,xgboost,intel,2000,8,,treewalker,10000,11,572.962000,567.323000,588.876000
expedia,xgboost,intel,2000,8,,tl2cgen,10000,11,1476.484000,1432.928000,1516.435000
expedia,xgboost,intel,2000,8,,xgboost_native,10000,11,292.115000,291.335000,292.888000
expedia,lightgbm,intel,500,16,,treewalker_fullwalk,10000,11,1046.559000,1023.090000,1065.588000
expedia,lightgbm,intel,500,16,,treewalker,10000,11,671.876000,652.014000,688.914000
expedia,lightgbm,intel,500,16,,lleaves,10000,11,1288.773000,1267.454000,1321.223000
expedia,lightgbm,intel,500,16,,tl2cgen,10000,11,2863.595000,2728.552000,2916.463000
expedia,lightgbm,intel,500,16,,lightgbm_native,10000,11,6172.580000,5964.430000,6364.399000
expedia,xgboost,intel,500,16,,treewalker_fullwalk,10000,19,1043.616000,993.462000,1067.491000
expedia,xgboost,intel,500,16,,treewalker,10000,19,620.149000,603.089000,632.673000
expedia,xgboost,intel,500,16,,tl2cgen,10000,19,214.620000,201.492000,230.424000
expedia,xgboost,intel,500,16,,xgboost_native,10000,19,292.475000,289.676000,293.578000
expedia,lightgbm,intel,500,2,,treewalker_fullwalk,10000,21,70.850000,67.048000,73.812000
expedia,lightgbm,intel,500,2,,treewalker,10000,21,25.960000,23.654000,26.872000
expedia,lightgbm,intel,500,2,,lleaves,10000,21,56.518000,54.261000,59.212000
expedia,lightgbm,intel,500,2,,tl2cgen,10000,21,73.229000,70.468000,77.233000
expedia,lightgbm,intel,500,2,,lightgbm_native,10000,21,208.486000,197.852000,217.126000
expedia,lightgbm,intel,500,2,,quickscorer,10000,21,10.539000,9.554000,10.935000
expedia,xgboost,intel,500,2,,treewalker_fullwalk,10000,21,99.795000,95.993000,104.006000
expedia,xgboost,intel,500,2,,treewalker,10000,21,31.243000,29.654000,32.074000
expedia,xgboost,intel,500,2,,tl2cgen,10000,21,71.876000,69.060000,74.607000
expedia,xgboost,intel,500,2,,xgboost_native,10000,21,292.481000,290.433000,293.411000
expedia,lightgbm,intel,500,4,,treewalker_fullwalk,10000,21,190.486000,177.752000,195.965000
expedia,lightgbm,intel,500,4,,treewalker,10000,21,65.141000,61.258000,66.052000
expedia,lightgbm,intel,500,4,,lleaves,10000,21,94.592000,88.407000,96.106000
expedia,lightgbm,intel,500,4,,tl2cgen,10000,21,154.804000,144.066000,159.871000
expedia,lightgbm,intel,500,4,,lightgbm_native,10000,21,399.035000,380.103000,413.263000
expedia,lightgbm,intel,500,4,,quickscorer,10000,21,38.627000,36.335000,39.933000
expedia,xgboost,intel,500,4,,treewalker_fullwalk,10000,21,218.335000,203.775000,223.339000
expedia,xgboost,intel,500,4,,treewalker,10000,21,67.982000,63.815000,68.869000
expedia,xgboost,intel,500,4,,tl2cgen,10000,21,81.675000,74.722000,84.490000
expedia,xgboost,intel,500,4,,xgboost_native,10000,21,292.300000,290.081000,293.601000
expedia,lightgbm,intel,500,8,,treewalker_fullwalk,10000,11,372.832000,357.274000,381.758000
expedia,lightgbm,intel,500,8,,treewalker,10000,11,149.693000,144.155000,152.298000
expedia,lightgbm,intel,500,8,,lleaves,10000,11,227.236000,220.773000,234.116000
expedia,lightgbm,intel,500,8,,tl2cgen,10000,11,466.513000,462.631000,474.746000
expedia,lightgbm,intel,500,8,,lightgbm_native,10000,11,976.113000,954.210000,1015.762000
expedia,xgboost,intel,500,8,,treewalker_fullwalk,10000,11,421.934000,397.936000,431.301000
expedia,xgboost,intel,500,8,,treewalker,10000,11,156.282000,153.128000,162.562000
expedia,xgboost,intel,500,8,,tl2cgen,10000,11,143.017000,140.694000,146.834000
expedia,xgboost,intel,500,8,,xgboost_native,10000,11,290.987000,290.316000,293.185000
expedia,lightgbm,intel,50,16,,treewalker_fullwalk,10000,11,129.280000,127.819000,134.579000
expedia,lightgbm,intel,50,16,,treewalker,10000,11,121.558000,118.844000,125.840000
expedia,lightgbm,intel,50,16,,lleaves,10000,11,176.576000,172.729000,180.582000
expedia,lightgbm,intel,50,16,,tl2cgen,10000,11,232.833000,228.893000,238.602000
expedia,lightgbm,intel,50,16,,lightgbm_native,10000,11,332.216000,321.510000,344.996000
expedia,xgboost,intel,50,16,,treewalker_fullwalk,10000,11,131.309000,129.397000,136.751000
expedia,xgboost,intel,50,16,,treewalker,10000,11,113.087000,111.273000,118.072000
expedia,xgboost,intel,50,16,,tl2cgen,10000,11,7.962000,7.607000,8.120000
expedia,xgboost,intel,50,16,,xgboost_native,10000,11,291.933000,290.346000,292.912000
expedia,lightgbm,intel,50,2,,treewalker_fullwalk,10000,21,11.650000,10.996000,12.171000
expedia,lightgbm,intel,50,2,,treewalker,10000,21,5.371000,4.754000,5.565000
expedia,lightgbm,intel,50,2,,lleaves,10000,21,4.823000,4.313000,4.956000
expedia,lightgbm,intel,50,2,,tl2cgen,10000,21,4.715000,4.098000,4.802000
expedia,lightgbm,intel,50,2,,lightgbm_native,10000,21,16.766000,15.155000,17.022000
expedia,lightgbm,intel,50,2,,quickscorer,10000,21,2.458000,2.184000,2.529000
expedia,xgboost,intel,50,2,,treewalker_fullwalk,10000,21,15.410000,14.210000,15.788000
expedia,xgboost,intel,50,2,,treewalker,10000,21,6.138000,5.813000,6.451000
expedia,xgboost,intel,50,2,,tl2cgen,10000,21,7.743000,7.000000,8.038000
expedia,xgboost,intel,50,2,,xgboost_native,10000,21,291.238000,289.390000,293.260000
expedia,lightgbm,intel,50,4,,treewalker_fullwalk,10000,21,29.484000,27.194000,30.742000
expedia,lightgbm,intel,50,4,,treewalker,10000,21,14.178000,12.798000,14.595000
expedia,lightgbm,intel,50,4,,lleaves,10000,21,7.711000,6.836000,7.951000
expedia,lightgbm,intel,50,4,,tl2cgen,10000,21,11.268000,10.027000,11.960000
expedia,lightgbm,intel,50,4,,lightgbm_native,10000,21,34.935000,32.786000,35.893000
expedia,lightgbm,intel,50,4,,quickscorer,10000,21,7.572000,7.394000,7.958000
expedia,xgboost,intel,50,4,,treewalker_fullwalk,10000,21,32.812000,30.588000,33.543000
expedia,xgboost,intel,50,4,,treewalker,10000,21,15.299000,14.464000,15.529000
expedia,xgboost,intel,50,4,,tl2cgen,10000,21,7.754000,7.147000,8.036000
expedia,xgboost,intel,50,4,,xgboost_native,10000,21,291.454000,289.245000,293.360000
expedia,lightgbm,intel,50,8,,treewalker_fullwalk,10000,21,60.560000,55.684000,62.246000
expedia,lightgbm,intel,50,8,,treewalker,10000,21,40.993000,36.797000,42.348000
expedia,lightgbm,intel,50,8,,lleaves,10000,21,31.986000,29.766000,32.492000
expedia,lightgbm,intel,50,8,,tl2cgen,10000,21,45.492000,42.576000,46.683000
expedia,lightgbm,intel,50,8,,lightgbm_native,10000,21,91.423000,86.377000,95.217000
expedia,xgboost,intel,50,8,,treewalker_fullwalk,10000,21,66.091000,63.441000,67.458000
expedia,xgboost,intel,50,8,,treewalker,10000,21,42.019000,40.275000,43.321000
expedia,xgboost,intel,50,8,,tl2cgen,10000,21,7.766000,6.746000,8.048000
expedia,xgboost,intel,50,8,,xgboost_native,10000,21,291.767000,290.094000,293.356000
flchain,lightgbm,intel,1000,16,1,treewalker_fullwalk,1304,21,59.650000,53.275000,62.768000
flchain,lightgbm,intel,1000,16,1,treewalker,1304,21,59.918000,56.967000,62.499000
flchain,lightgbm,intel,1000,16,1,lleaves,1304,21,56.314000,44.172000,84.301000
flchain,lightgbm,intel,1000,16,1,tl2cgen,1304,21,111.544000,76.357000,125.615000
flchain,lightgbm,intel,1000,16,1,lightgbm_native,1304,21,188.251000,163.259000,192.112000
flchain,xgboost,intel,1000,16,1,treewalker_fullwalk,1304,21,66.970000,63.491000,68.747000
flchain,xgboost,intel,1000,16,1,treewalker,1304,21,67.741000,59.742000,70.162000
flchain,xgboost,intel,1000,16,1,tl2cgen,1304,21,9.996000,9.009000,10.327000
flchain,xgboost,intel,1000,16,1,xgboost_native,1304,21,294.054000,291.230000,297.628000
flchain,lightgbm,intel,1000,16,128,treewalker_fullwalk,1304,11,4669.557000,4573.047000,4814.714000
flchain,lightgbm,intel,1000,16,128,treewalker,1304,11,1094.425000,1041.825000,1174.722000
flchain,lightgbm,intel,1000,16,128,lleaves,1304,11,2209.431000,2036.829000,2398.461000
flchain,lightgbm,intel,1000,16,128,tl2cgen,1304,11,18759.080000,17565.868000,20900.660000
flchain,lightgbm,intel,1000,16,128,lightgbm_native,1304,11,42042.068000,39566.137000,44103.149000
flchain,xgboost,intel,1000,16,128,treewalker_fullwalk,1304,21,4627.992000,4476.820000,4677.706000
flchain,xgboost,intel,1000,16,128,treewalker,1304,21,715.684000,654.257000,726.527000
flchain,xgboost,intel,1000,16,128,tl2cgen,1304,21,1951.027000,1804.950000,2122.858000
flchain,xgboost,intel,1000,16,128,xgboost_native,1304,21,293.206000,289.700000,297.545000
flchain,lightgbm,intel,1000,16,16,treewalker_fullwalk,1304,21,813.524000,780.259000,853.668000
flchain,lightgbm,intel,1000,16,16,treewalker,1304,21,381.486000,361.629000,410.739000
flchain,lightgbm,intel,1000,16,16,lleaves,1304,21,595.208000,541.511000,676.562000
flchain,lightgbm,intel,1000,16,16,tl2cgen,1304,21,3245.249000,3083.923000,3312.312000
flchain,lightgbm,intel,1000,16,16,lightgbm_native,1304,21,4595.125000,4409.444000,4779.058000
flchain,xgboost,intel,1000,16,16,treewalker_fullwalk,1304,21,808.805000,750.270000,847.251000
flchain,xgboost,intel,1000,16,16,treewalker,1304,21,308.775000,261.202000,351.639000
flchain,xgboost,intel,1000,16,16,tl2cgen,1304,21,272.536000,238.928000,296.665000
flchain,xgboost,intel,1000,16,16,xgboost_native,1304,21,292.219000,286.975000,297.266000
flchain,lightgbm,intel,1000,16,2,treewalker_fullwalk,1304,21,116.645000,102.136000,124.800000
flchain,lightgbm,intel,1000,16,2,treewalker,1304,21,106.702000,83.618000,120.021000
flchain,lightgbm,intel,1000,16,2,lleaves,1304,21,99.676000,69.017000,160.538000
flchain,lightgbm,intel,1000,16,2,tl2cgen,1304,21,346.768000,306.855000,356.744000
flchain,lightgbm,intel,1000,16,2,lightgbm_native,1304,21,367.625000,347.951000,386.332000
flchain,xgboost,intel,1000,16,2,treewalker_fullwalk,1304,21,140.736000,132.808000,149.474000
flchain,xgboost,intel,1000,16,2,treewalker,1304,21,115.888000,89.047000,126.037000
flchain,xgboost,intel,1000,16,2,tl2cgen,1304,21,25.235000,20.964000,28.155000
flchain,xgboost,intel,1000,16,2,xgboost_native,1304,21,290.804000,276.339000,294.483000
flchain,lightgbm,intel,1000,16,32,treewalker_fullwalk,1304,15,1446.875000,1386.857000,1496.653000
flchain,lightgbm,intel,1000,16,32,treewalker,1304,15,540.722000,503.072000,579.999000
flchain,lightgbm,intel,1000,16,32,lleaves,1304,15,926.334000,821.923000,1006.933000
flchain,lightgbm,intel,1000,16,32,tl2cgen,1304,15,5864.177000,5485.267000,6189.467000
flchain,lightgbm,intel,1000,16,32,lightgbm_native,1304,15,9766.609000,9421.957000,10088.551000
flchain,xgboost,intel,1000,16,32,treewalker_fullwalk,1304,21,1412.324000,1329.798000,1457.268000
flchain,xgboost,intel,1000,16,32,treewalker,1304,21,382.873000,325.321000,436.289000
flchain,xgboost,intel,1000,16,32,tl2cgen,1304,21,595.230000,501.693000,664.504000
flchain,xgboost,intel,1000,16,32,xgboost_native,1304,21,292.757000,289.787000,299.270000
flchain,lightgbm,intel,1000,16,4,treewalker_fullwalk,1304,21,232.874000,221.088000,249.914000
flchain,lightgbm,intel,1000,16,4,treewalker,1304,21,167.256000,157.326000,178.309000
flchain,lightgbm,intel,1000,16,4,lleaves,1304,21,199.124000,171.286000,269.302000
flchain,lightgbm,intel,1000,16,4,tl2cgen,1304,21,824.100000,766.696000,842.661000
flchain,lightgbm,intel,1000,16,4,lightgbm_native,1304,21,826.647000,795.248000,866.863000
flchain,xgboost,intel,1000,16,4,treewalker_fullwalk,1304,21,263.880000,254.700000,284.550000
flchain,xgboost,intel,1000,16,4,treewalker,1304,21,163.155000,142.739000,197.073000
flchain,xgboost,intel,1000,16,4,tl2cgen,1304,21,52.387000,45.692000,56.032000
flchain,xgboost,intel,1000,16,4,xgboost_native,1304,21,291.653000,288.383000,297.359000
flchain,lightgbm,intel,1000,16,64,treewalker_fullwalk,1304,11,2607.934000,2570.147000,2678.971000
flchain,lightgbm,intel,1000,16,64,treewalker,1304,11,757.202000,746.621000,815.662000
flchain,lightgbm,intel,1000,16,64,lleaves,1304,11,1433.308000,1375.813000,1568.930000
flchain,lightgbm,intel,1000,16,64,tl2cgen,1304,11,11068.498000,10373.007000,12723.765000
flchain,lightgbm,intel,1000,16,64,lightgbm_native,1304,11,20557.404000,19738.487000,21347.804000
flchain,xgboost,intel,1000,16,64,treewalker_fullwalk,1304,21,2531.665000,2408.030000,2565.400000
flchain,xgboost,intel,1000,16,64,treewalker,1304,21,502.533000,439.545000,528.155000
flchain,xgboost,intel,1000,16,64,tl2cgen,1304,21,1141.601000,1038.021000,1300.340000
flchain,xgboost,intel,1000,16,64,xgboost_native,1304,21,292.609000,284.236000,297.015000
flchain,lightgbm,intel,1000,16,8,treewalker_fullwalk,1304,21,454.506000,432.301000,486.224000
flchain,lightgbm,intel,1000,16,8,treewalker,1304,21,253.933000,243.883000,275.720000
flchain,lightgbm,intel,1000,16,8,lleaves,1304,21,360.383000,311.677000,426.669000
flchain,lightgbm,intel,1000,16,8,tl2cgen,1304,21,1661.774000,1515.168000,1704.562000
flchain,lightgbm,intel,1000,16,8,lightgbm_native,1304,21,1996.284000,1903.320000,2067.753000
flchain,xgboost,intel,1000,16,8,treewalker_fullwalk,1304,21,476.478000,443.386000,504.118000
flchain,xgboost,intel,1000,16,8,treewalker,1304,21,234.829000,191.951000,270.977000
flchain,xgboost,intel,1000,16,8,tl2cgen,1304,21,122.785000,102.988000,132.382000
flchain,xgboost,intel,1000,16,8,xgboost_native,1304,21,292.429000,288.689000,297.179000
flchain,lightgbm,intel,1000,2,1,treewalker_fullwalk,1304,21,5.215000,5.079000,5.401000
flchain,lightgbm,intel,1000,2,1,treewalker,1304,21,7.290000,7.061000,7.533000
flchain,lightgbm,intel,1000,2,1,lleaves,1304,21,3.414000,3.355000,3.533000
flchain,lightgbm,intel,1000,2,1,tl2cgen,1304,21,4.869000,4.780000,5.084000
flchain,lightgbm,intel,1000,2,1,lightgbm_native,1304,21,19.587000,18.825000,20.383000
flchain,lightgbm,intel,1000,2,1,quickscorer,1304,21,0.559000,0.506000,0.676000
flchain,xgboost,intel,1000,2,1,treewalker_fullwalk,1304,21,6.630000,5.717000,6.896000
flchain,xgboost,intel,1000,2,1,treewalker,1304,21,7.783000,7.041000,8.033000
flchain,xgboost,intel,1000,2,1,tl2cgen,1304,21,5.534000,4.806000,5.536000
flchain,xgboost,intel,1000,2,1,xgboost_native,1304,21,291.022000,281.971000,296.761000
flchain,lightgbm,intel,1000,2,128,treewalker_fullwalk,1304,21,441.075000,436.816000,447.218000
flchain,lightgbm,intel,1000,2,128,treewalker,1304,21,137.929000,136.943000,138.950000
flchain,lightgbm,intel,1000,2,128,lleaves,1304,21,274.294000,273.391000,276.819000
flchain,lightgbm,intel,1000,2,128,tl2cgen,1304,21,443.054000,428.585000,452.447000
flchain,lightgbm,intel,1000,2,128,lightgbm_native,1304,21,917.650000,907.666000,928.559000
flchain,lightgbm,intel,1000,2,128,quickscorer,1304,21,65.943000,59.025000,77.235000
flchain,xgboost,intel,1000,2,128,treewalker_fullwalk,1304,11,635.613000,634.501000,640.922000
flchain,xgboost,intel,1000,2,128,treewalker,1304,11,142.584000,142.055000,144.077000
flchain,xgboost,intel,1000,2,128,tl2cgen,1304,11,718.333000,716.295000,720.458000
flchain,xgboost,intel,1000,2,128,xgboost_native,1304,11,293.896000,288.705000,301.186000
flchain,lightgbm,intel,1000,2,16,treewalker_fullwalk,1304,21,57.396000,56.390000,60.731000
flchain,lightgbm,intel,1000,2,16,treewalker,1304,21,17.988000,16.366000,19.040000
flchain,lightgbm,intel,1000,2,16,lleaves,1304,21,39.522000,38.170000,40.623000
flchain,lightgbm,intel,1000,2,16,tl2cgen,1304,21,61.702000,57.601000,65.327000
flchain,lightgbm,intel,1000,2,16,lightgbm_native,1304,21,157.745000,152.216000,169.572000
flchain,lightgbm,intel,1000,2,16,quickscorer,1304,21,8.551000,7.746000,9.989000
flchain,xgboost,intel,1000,2,16,treewalker_fullwalk,1304,21,83.012000,72.976000,87.661000
flchain,xgboost,intel,1000,2,16,treewalker,1304,21,17.865000,16.089000,18.912000
flchain,xgboost,intel,1000,2,16,tl2cgen,1304,21,88.584000,76.942000,94.292000
flchain,xgboost,intel,1000,2,16,xgboost_native,1304,21,291.114000,278.869000,297.422000
flchain,lightgbm,intel,1000,2,2,treewalker_fullwalk,1304,21,8.688000,7.840000,9.394000
flchain,lightgbm,intel,1000,2,2,treewalker,1304,21,8.946000,7.779000,9.477000
flchain,lightgbm,intel,1000,2,2,lleaves,1304,21,6.852000,5.753000,7.390000
flchain,lightgbm,intel,1000,2,2,tl2cgen,1304,21,9.754000,8.445000,10.796000
flchain,lightgbm,intel,1000,2,2,lightgbm_native,1304,21,32.429000,27.126000,37.308000
flchain,lightgbm,intel,1000,2,2,quickscorer,1304,21,1.059000,0.864000,1.267000
flchain,xgboost,intel,1000,2,2,treewalker_fullwalk,1304,21,11.386000,9.782000,12.098000
flchain,xgboost,intel,1000,2,2,treewalker,1304,21,8.506000,7.292000,9.504000
flchain,xgboost,intel,1000,2,2,tl2cgen,1304,21,11.028000,9.576000,11.032000
flchain,xgboost,intel,1000,2,2,xgboost_native,1304,21,292.966000,288.575000,295.499000
flchain,lightgbm,intel,1000,2,32,treewalker_fullwalk,1304,21,113.281000,102.475000,115.487000
flchain,lightgbm,intel,1000,2,32,treewalker,1304,21,22.634000,22.164000,29.174000
flchain,lightgbm,intel,1000,2,32,lleaves,1304,21,72.468000,72.216000,73.634000
flchain,lightgbm,intel,1000,2,32,tl2cgen,1304,21,118.134000,116.175000,119.635000
flchain,lightgbm,intel,1000,2,32,lightgbm_native,1304,21,272.442000,262.029000,282.444000
flchain,lightgbm,intel,1000,2,32,quickscorer,1304,21,16.662000,14.113000,19.134000
flchain,xgboost,intel,1000,2,32,treewalker_fullwalk,1304,21,162.452000,160.646000,169.591000
flchain,xgboost,intel,1000,2,32,treewalker,1304,21,24.282000,22.524000,25.916000
flchain,xgboost,intel,1000,2,32,tl2cgen,1304,21,175.978000,175.862000,176.388000
flchain,xgboost,intel,1000,2,32,xgboost_native,1304,21,292.321000,287.031000,299.442000
flchain,lightgbm,intel,1000,2,4,treewalker_fullwalk,1304,21,15.832000,15.308000,16.245000
flchain,lightgbm,intel,1000,2,4,treewalker,1304,21,11.197000,9.826000,11.721000
flchain,lightgbm,intel,1000,2,4,lleaves,1304,21,11.829000,10.454000,12.851000
flchain,lightgbm,intel,1000,2,4,tl2cgen,1304,21,18.214000,17.162000,19.827000
flchain,lightgbm,intel,1000,2,4,lightgbm_native,1304,21,57.638000,55.483000,65.668000
flchain,lightgbm,intel,1000,2,4,quickscorer,1304,21,2.048000,1.731000,2.473000
flchain,xgboost,intel,1000,2,4,treewalker_fullwalk,1304,21,21.549000,18.671000,22.209000
flchain,xgboost,intel,1000,2,4,treewalker,1304,21,10.345000,9.022000,11.259000
flchain,xgboost,intel,1000,2,4,tl2cgen,1304,21,22.021000,19.125000,22.024000
flchain,xgboost,intel,1000,2,4,xgboost_native,1304,21,290.559000,276.592000,295.416000
flchain,lightgbm,intel,1000,2,64,treewalker_fullwalk,1304,21,231.402000,228.135000,235.099000
flchain,lightgbm,intel,1000,2,64,treewalker,1304,21,36.727000,31.932000,38.499000
flchain,lightgbm,intel,1000,2,64,lleaves,1304,21,139.940000,139.254000,141.231000
flchain,lightgbm,intel,1000,2,64,tl2cgen,1304,21,230.462000,225.745000,239.803000
flchain,lightgbm,intel,1000,2,64,lightgbm_native,1304,21,494.509000,482.012000,509.777000
flchain,lightgbm,intel,1000,2,64,quickscorer,1304,21,33.704000,28.717000,37.364000
flchain,xgboost,intel,1000,2,64,treewalker_fullwalk,1304,11,326.021000,324.279000,329.805000
flchain,xgboost,intel,1000,2,64,treewalker,1304,11,41.027000,40.539000,43.130000
flchain,xgboost,intel,1000,2,64,tl2cgen,1304,11,352.012000,351.912000,374.378000
flchain,xgboost,intel,1000,2,64,xgboost_native,1304,11,292.687000,282.517000,297.820000
flchain,lightgbm,intel,1000,2,8,treewalker_fullwalk,1304,21,29.691000,29.260000,31.674000
flchain,lightgbm,intel,1000,2,8,treewalker,1304,21,13.086000,12.468000,14.105000
flchain,lightgbm,intel,1000,2,8,lleaves,1304,21,21.651000,21.248000,23.148000
flchain,lightgbm,intel,1000,2,8,tl2cgen,1304,21,33.213000,32.548000,34.965000
flchain,lightgbm,intel,1000,2,8,lightgbm_native,1304,21,93.074000,88.203000,105.075000
flchain,lightgbm,intel,1000,2,8,quickscorer,1304,21,4.219000,3.858000,4.982000
flchain,xgboost,intel,1000,2,8,treewalker_fullwalk,1304,21,41.864000,41.733000,43.140000
flchain,xgboost,intel,1000,2,8,treewalker,1304,21,13.112000,12.720000,14.377000
flchain,xgboost,intel,1000,2,8,tl2cgen,1304,21,44.034000,44.002000,44.080000
flchain,xgboost,intel,1000,2,8,xgboost_native,1304,21,292.227000,289.160000,296.057000
flchain,lightgbm,intel,1000,4,1,treewalker_fullwalk,1304,21,12.898000,11.328000,13.935000
flchain,lightgbm,intel,1000,4,1,treewalker,1304,21,14.896000,13.773000,16.386000
flchain,lightgbm,intel,1000,4,1,lleaves,1304,21,6.388000,5.666000,7.182000
flchain,lightgbm,intel,1000,4,1,tl2cgen,1304,21,11.164000,10.460000,11.856000
flchain,lightgbm,intel,1000,4,1,lightgbm_native,1304,21,32.182000,31.465000,33.840000
flchain,lightgbm,intel,1000,4,1,quickscorer,1304,21,1.996000,1.440000,2.883000
flchain,xgboost,intel,1000,4,1,treewalker_fullwalk,1304,21,13.549000,12.750000,14.651000
flchain,xgboost,intel,1000,4,1,treewalker,1304,21,14.480000,13.995000,15.888000
flchain,xgboost,intel,1000,4,1,tl2cgen,1304,21,6.532000,5.673000,6.552000
flchain,xgboost,intel,1000,4,1,xgboost_native,1304,21,291.546000,288.101000,293.369000
flchain,lightgbm,intel,1000,4,128,treewalker_fullwalk,1304,21,1007.370000,1002.355000,1021.212000
flchain,lightgbm,intel,1000,4,128,treewalker,1304,21,178.565000,174.785000,181.758000
flchain,lightgbm,intel,1000,4,128,lleaves,1304,21,340.788000,339.023000,344.615000
flchain,lightgbm,intel,1000,4,128,tl2cgen,1304,21,792.301000,770.038000,821.085000
flchain,lightgbm,intel,1000,4,128,lightgbm_native,1304,21,1771.361000,1758.700000,1780.875000
flchain,lightgbm,intel,1000,4,128,quickscorer,1304,21,319.394000,286.832000,400.826000
flchain,xgboost,intel,1000,4,128,treewalker_fullwalk,1304,11,1185.607000,1176.642000,1193.848000
flchain,xgboost,intel,1000,4,128,treewalker,1304,11,187.087000,184.616000,195.829000
flchain,xgboost,intel,1000,4,128,tl2cgen,1304,11,891.820000,877.900000,902.305000
flchain,xgboost,intel,1000,4,128,xgboost_native,1304,11,292.358000,291.440000,293.851000
flchain,lightgbm,intel,1000,4,16,treewalker_fullwalk,1304,21,142.662000,138.903000,147.591000
flchain,lightgbm,intel,1000,4,16,treewalker,1304,21,41.534000,39.930000,46.886000
flchain,lightgbm,intel,1000,4,16,lleaves,1304,21,58.795000,57.005000,61.741000
flchain,lightgbm,intel,1000,4,16,tl2cgen,1304,21,131.914000,125.335000,137.488000
flchain,lightgbm,intel,1000,4,16,lightgbm_native,1304,21,324.801000,309.941000,346.276000
flchain,lightgbm,intel,1000,4,16,quickscorer,1304,21,34.190000,29.015000,50.050000
flchain,xgboost,intel,1000,4,16,treewalker_fullwalk,1304,21,162.876000,159.908000,166.790000
flchain,xgboost,intel,1000,4,16,treewalker,1304,21,40.831000,39.098000,42.577000
flchain,xgboost,intel,1000,4,16,tl2cgen,1304,21,107.933000,103.593000,108.447000
flchain,xgboost,intel,1000,4,16,xgboost_native,1304,21,292.529000,289.872000,296.725000
flchain,lightgbm,intel,1000,4,2,treewalker_fullwalk,1304,21,23.159000,19.583000,26.049000
flchain,lightgbm,intel,1000,4,2,treewalker,1304,21,19.958000,16.838000,23.658000
flchain,lightgbm,intel,1000,4,2,lleaves,1304,21,12.191000,10.611000,14.288000
flchain,lightgbm,intel,1000,4,2,tl2cgen,1304,21,24.743000,23.158000,26.760000
flchain,lightgbm,intel,1000,4,2,lightgbm_native,1304,21,61.476000,54.829000,68.255000
flchain,lightgbm,intel,1000,4,2,quickscorer,1304,21,3.699000,2.804000,5.454000
flchain,xgboost,intel,1000,4,2,treewalker_fullwalk,1304,21,25.050000,22.852000,28.454000
flchain,xgboost,intel,1000,4,2,treewalker,1304,21,19.601000,17.124000,23.214000
flchain,xgboost,intel,1000,4,2,tl2cgen,1304,21,13.600000,11.805000,13.652000
flchain,xgboost,intel,1000,4,2,xgboost_native,1304,21,292.561000,285.149000,297.016000
flchain,lightgbm,intel,1000,4,32,treewalker_fullwalk,1304,21,275.439000,271.861000,281.170000
flchain,lightgbm,intel,1000,4,32,treewalker,1304,21,54.087000,50.837000,56.577000
flchain,lightgbm,intel,1000,4,32,lleaves,1304,21,101.034000,99.794000,106.882000
flchain,lightgbm,intel,1000,4,32,tl2cgen,1304,21,239.900000,234.224000,249.804000
flchain,lightgbm,intel,1000,4,32,lightgbm_native,1304,21,546.274000,533.190000,571.060000
flchain,lightgbm,intel,1000,4,32,quickscorer,1304,21,72.489000,63.895000,94.622000
flchain,xgboost,intel,1000,4,32,treewalker_fullwalk,1304,21,313.675000,310.617000,318.285000
flchain,xgboost,intel,1000,4,32,treewalker,1304,21,52.843000,50.163000,55.991000
flchain,xgboost,intel,1000,4,32,tl2cgen,1304,21,221.056000,211.885000,225.278000
flchain,xgboost,intel,1000,4,32,xgboost_native,1304,21,291.897000,288.495000,296.575000
flchain,lightgbm,intel,1000,4,4,treewalker_fullwalk,1304,21,39.702000,36.507000,42.747000
flchain,lightgbm,intel,1000,4,4,treewalker,1304,21,24.082000,21.573000,27.172000
flchain,lightgbm,intel,1000,4,4,lleaves,1304,21,19.935000,17.958000,22.807000
flchain,lightgbm,intel,1000,4,4,tl2cgen,1304,21,41.271000,39.303000,43.141000
flchain,lightgbm,intel,1000,4,4,lightgbm_native,1304,21,100.902000,96.868000,109.534000
flchain,lightgbm,intel,1000,4,4,quickscorer,1304,21,7.454000,6.213000,10.308000
flchain,xgboost,intel,1000,4,4,treewalker_fullwalk,1304,21,47.703000,44.945000,49.271000
flchain,xgboost,intel,1000,4,4,treewalker,1304,21,27.254000,25.882000,29.297000
flchain,xgboost,intel,1000,4,4,tl2cgen,1304,21,26.599000,25.452000,26.674000
flchain,xgboost,intel,1000,4,4,xgboost_native,1304,21,291.358000,255.349000,297.743000
flchain,lightgbm,intel,1000,4,64,treewalker_fullwalk,1304,21,521.801000,518.480000,533.113000
flchain,lightgbm,intel,1000,4,64,treewalker,1304,21,70.849000,62.660000,74.459000
flchain,lightgbm,intel,1000,4,64,lleaves,1304,21,182.876000,179.750000,189.833000
flchain,lightgbm,intel,1000,4,64,tl2cgen,1304,21,432.996000,420.737000,449.714000
flchain,lightgbm,intel,1000,4,64,lightgbm_native,1304,21,987.576000,981.043000,1000.195000
flchain,lightgbm,intel,1000,4,64,quickscorer,1304,21,146.714000,126.107000,185.286000
flchain,xgboost,intel,1000,4,64,treewalker_fullwalk,1304,11,605.669000,600.503000,608.406000
flchain,xgboost,intel,1000,4,64,treewalker,1304,11,73.030000,71.810000,76.589000
flchain,xgboost,intel,1000,4,64,tl2cgen,1304,11,441.844000,435.237000,451.223000
flchain,xgboost,intel,1000,4,64,xgboost_native,1304,11,292.140000,289.379000,294.839000
flchain,lightgbm,intel,1000,4,8,treewalker_fullwalk,1304,21,77.308000,73.994000,83.802000
flchain,lightgbm,intel,1000,4,8,treewalker,1304,21,32.671000,30.269000,39.585000
flchain,lightgbm,intel,1000,4,8,lleaves,1304,21,36.399000,31.560000,40.088000
flchain,lightgbm,intel,1000,4,8,tl2cgen,1304,21,78.748000,70.232000,84.672000
flchain,lightgbm,intel,1000,4,8,lightgbm_native,1304,21,190.279000,172.552000,220.107000
flchain,lightgbm,intel,1000,4,8,quickscorer,1304,21,15.954000,13.109000,22.599000
flchain,xgboost,intel,1000,4,8,treewalker_fullwalk,1304,21,87.264000,84.322000,91.433000
flchain,xgboost,intel,1000,4,8,treewalker,1304,21,32.903000,31.437000,37.176000
flchain,xgboost,intel,1000,4,8,tl2cgen,1304,21,53.862000,51.786000,54.211000
flchain,xgboost,intel,1000,4,8,xgboost_native,1304,21,292.853000,277.283000,296.561000
flchain,lightgbm,intel,1000,8,1,treewalker_fullwalk,1304,21,30.490000,28.828000,34.305000
flchain,lightgbm,intel,1000,8,1,treewalker,1304,21,31.092000,29.585000,35.310000
flchain,lightgbm,intel,1000,8,1,lleaves,1304,21,16.379000,14.334000,22.160000
flchain,lightgbm,intel,1000,8,1,tl2cgen,1304,21,34.643000,28.266000,39.098000
flchain,lightgbm,intel,1000,8,1,lightgbm_native,1304,21,77.825000,72.850000,81.159000
flchain,lightgbm,intel,1000,8,1,quickscorer,1304,21,13.751000,10.090000,20.138000
flchain,xgboost,intel,1000,8,1,treewalker_fullwalk,1304,21,35.434000,31.977000,39.051000
flchain,xgboost,intel,1000,8,1,treewalker,1304,21,34.403000,32.901000,38.895000
flchain,xgboost,intel,1000,8,1,tl2cgen,1304,21,8.477000,7.405000,8.673000
flchain,xgboost,intel,1000,8,1,xgboost_native,1304,21,291.531000,286.111000,295.104000
flchain,lightgbm,intel,1000,8,128,treewalker_fullwalk,1304,17,2179.782000,2162.902000,2232.608000
flchain,lightgbm,intel,1000,8,128,treewalker,1304,17,330.728000,324.787000,342.068000
flchain,lightgbm,intel,1000,8,128,lleaves,1304,17,684.725000,637.208000,771.801000
flchain,lightgbm,intel,1000,8,128,tl2cgen,1304,17,2554.789000,2468.489000,2854.904000
flchain,lightgbm,intel,1000,8,128,lightgbm_native,1304,17,10503.527000,9649.207000,10745.302000
flchain,xgboost,intel,1000,8,128,treewalker_fullwalk,1304,11,2425.106000,2413.250000,2453.001000
flchain,xgboost,intel,1000,8,128,treewalker,1304,11,323.019000,320.189000,329.531000
flchain,xgboost,intel,1000,8,128,tl2cgen,1304,11,1307.155000,1239.672000,1331.389000
flchain,xgboost,intel,1000,8,128,xgboost_native,1304,11,293.843000,290.836000,300.149000
flchain,lightgbm,intel,1000,8,16,treewalker_fullwalk,1304,21,341.513000,332.777000,363.603000
flchain,lightgbm,intel,1000,8,16,treewalker,1304,21,114.403000,111.200000,128.313000
flchain,lightgbm,intel,1000,8,16,lleaves,1304,21,135.270000,119.853000,176.099000
flchain,lightgbm,intel,1000,8,16,tl2cgen,1304,21,490.692000,459.444000,523.198000
flchain,lightgbm,intel,1000,8,16,lightgbm_native,1304,21,1449.900000,1355.020000,1530.547000
flchain,xgboost,intel,1000,8,16,treewalker_fullwalk,1304,21,389.669000,381.500000,403.170000
flchain,xgboost,intel,1000,8,16,treewalker,1304,21,122.300000,118.531000,127.099000
flchain,xgboost,intel,1000,8,16,tl2cgen,1304,21,160.601000,138.757000,166.628000
flchain,xgboost,intel,1000,8,16,xgboost_native,1304,21,292.666000,288.235000,296.596000
flchain,lightgbm,intel,1000,8,2,treewalker_fullwalk,1304,21,56.657000,51.036000,63.449000
flchain,lightgbm,intel,1000,8,2,treewalker,1304,21,46.076000,41.437000,57.218000
flchain,lightgbm,intel,1000,8,2,lleaves,1304,21,28.172000,22.734000,38.917000
flchain,lightgbm,intel,1000,8,2,tl2cgen,1304,21,84.138000,78.153000,93.894000
flchain,lightgbm,intel,1000,8,2,lightgbm_native,1304,21,144.290000,127.896000,156.018000
flchain,xgboost,intel,1000,8,2,treewalker_fullwalk,1304,21,70.796000,61.156000,78.582000
flchain,xgboost,intel,1000,8,2,treewalker,1304,21,55.080000,48.807000,67.415000
flchain,xgboost,intel,1000,8,2,tl2cgen,1304,21,19.354000,17.293000,20.601000
flchain,xgboost,intel,1000,8,2,xgboost_native,1304,21,292.244000,285.492000,295.026000
flchain,lightgbm,intel,1000,8,32,treewalker_fullwalk,1304,21,623.690000,606.804000,644.693000
flchain,lightgbm,intel,1000,8,32,treewalker,1304,21,146.216000,141.309000,156.665000
flchain,lightgbm,intel,1000,8,32,lleaves,1304,21,232.590000,194.291000,264.814000
flchain,lightgbm,intel,1000,8,32,tl2cgen,1304,21,814.194000,770.311000,902.019000
flchain,lightgbm,intel,1000,8,32,lightgbm_native,1304,21,2838.680000,2624.246000,2934.883000
flchain,xgboost,intel,1000,8,32,treewalker_fullwalk,1304,21,708.808000,698.989000,716.347000
flchain,xgboost,intel,1000,8,32,treewalker,1304,21,158.886000,153.600000,166.761000
flchain,xgboost,intel,1000,8,32,tl2cgen,1304,21,346.670000,316.521000,366.188000
flchain,xgboost,intel,1000,8,32,xgboost_native,1304,21,292.750000,276.218000,298.481000
flchain,lightgbm,intel,1000,8,4,treewalker_fullwalk,1304,21,108.998000,102.859000,120.402000
flchain,lightgbm,intel,1000,8,4,treewalker,1304,21,66.800000,61.555000,75.373000
flchain,lightgbm,intel,1000,8,4,lleaves,1304,21,48.236000,44.329000,60.575000
flchain,lightgbm,intel,1000,8,4,tl2cgen,1304,21,179.409000,166.922000,188.323000
flchain,lightgbm,intel,1000,8,4,lightgbm_native,1304,21,313.604000,297.996000,335.536000
flchain,xgboost,intel,1000,8,4,treewalker_fullwalk,1304,21,130.298000,120.765000,142.973000
flchain,xgboost,intel,1000,8,4,treewalker,1304,21,75.235000,70.668000,88.247000
flchain,xgboost,intel,1000,8,4,tl2cgen,1304,21,38.786000,33.731000,40.408000
flchain,xgboost,intel,1000,8,4,xgboost_native,1304,21,291.710000,285.126000,294.783000
flchain,lightgbm,intel,1000,8,64,treewalker_fullwalk,1304,21,1144.458000,1128.405000,1201.709000
flchain,lightgbm,intel,1000,8,64,treewalker,1304,21,185.393000,179.298000,198.963000
flchain,lightgbm,intel,1000,8,64,lleaves,1304,21,385.911000,367.816000,464.674000
flchain,lightgbm,intel,1000,8,64,tl2cgen,1304,21,1507.377000,1449.982000,1670.047000
flchain,lightgbm,intel,1000,8,64,lightgbm_native,1304,21,5376.652000,5082.012000,5689.146000
flchain,xgboost,intel,1000,8,64,treewalker_fullwalk,1304,21,1288.572000,1271.535000,1309.530000
flchain,xgboost,intel,1000,8,64,treewalker,1304,21,194.059000,186.786000,198.719000
flchain,xgboost,intel,1000,8,64,tl2cgen,1304,21,673.981000,626.545000,707.402000
flchain,xgboost,intel,1000,8,64,xgboost_native,1304,21,292.895000,288.335000,296.143000
flchain,lightgbm,intel,1000,8,8,treewalker_fullwalk,1304,21,189.163000,178.373000,213.850000
flchain,lightgbm,intel,1000,8,8,treewalker,1304,21,93.311000,88.904000,109.719000
flchain,lightgbm,intel,1000,8,8,lleaves,1304,21,84.138000,72.737000,112.802000
flchain,lightgbm,intel,1000,8,8,tl2cgen,1304,21,299.146000,280.475000,315.976000
flchain,lightgbm,intel,1000,8,8,lightgbm_native,1304,21,729.556000,690.832000,761.753000
flchain,xgboost,intel,1000,8,8,treewalker_fullwalk,1304,21,225.920000,218.388000,245.565000
flchain,xgboost,intel,1000,8,8,treewalker,1304,21,100.877000,96.688000,112.972000
flchain,xgboost,intel,1000,8,8,tl2cgen,1304,21,82.503000,74.835000,86.982000
flchain,xgboost,intel,1000,8,8,xgboost_native,1304,21,292.550000,290.150000,297.872000
flchain,lightgbm,intel,2000,16,1,treewalker_fullwalk,1304,21,132.726000,122.828000,148.867000
flchain,lightgbm,intel,2000,16,1,treewalker,1304,21,126.815000,120.588000,138.497000
flchain,lightgbm,intel,2000,16,1,lleaves,1304,21,201.483000,184.318000,263.719000
flchain,lightgbm,intel,2000,16,1,tl2cgen,1304,21,345.192000,298.067000,365.993000
flchain,lightgbm,intel,2000,16,1,lightgbm_native,1304,21,364.424000,325.348000,370.881000
flchain,xgboost,intel,2000,16,1,treewalker_fullwalk,1304,21,145.217000,129.071000,149.490000
flchain,xgboost,intel,2000,16,1,treewalker,1304,21,147.476000,130.897000,150.536000
flchain,xgboost,intel,2000,16,1,tl2cgen,1304,21,39.456000,29.771000,49.497000
flchain,xgboost,intel,2000,16,1,xgboost_native,1304,21,291.814000,287.570000,296.061000
flchain,lightgbm,intel,2000,16,128,treewalker_fullwalk,1304,11,8667.267000,8479.144000,8978.864000
flchain,lightgbm,intel,2000,16,128,treewalker,1304,11,1779.948000,1651.868000,1869.315000
flchain,lightgbm,intel,2000,16,128,lleaves,1304,11,3595.115000,3402.000000,3895.234000
flchain,lightgbm,intel,2000,16,128,tl2cgen,1304,11,60119.178000,59616.998000,62167.936000
flchain,lightgbm,intel,2000,16,128,lightgbm_native,1304,11,74018.252000,70785.669000,77354.935000
flchain,xgboost,intel,2000,16,128,treewalker_fullwalk,1304,14,9150.079000,8879.765000,9237.181000
flchain,xgboost,intel,2000,16,128,treewalker,1304,14,1451.861000,1353.978000,1478.003000
flchain,xgboost,intel,2000,16,128,tl2cgen,1304,14,9127.163000,7658.903000,10134.595000
flchain,xgboost,intel,2000,16,128,xgboost_native,1304,14,293.200000,290.628000,293.646000
flchain,lightgbm,intel,2000,16,16,treewalker_fullwalk,1304,15,1496.520000,1435.727000,1566.894000
flchain,lightgbm,intel,2000,16,16,treewalker,1304,15,691.050000,649.686000,734.501000
flchain,lightgbm,intel,2000,16,16,lleaves,1304,15,1046.548000,942.814000,1161.896000
flchain,lightgbm,intel,2000,16,16,tl2cgen,1304,15,7759.932000,7651.218000,7849.378000
flchain,lightgbm,intel,2000,16,16,lightgbm_native,1304,15,8123.659000,7892.331000,8313.771000
flchain,xgboost,intel,2000,16,16,treewalker_fullwalk,1304,21,1583.340000,1497.031000,1621.928000
flchain,xgboost,intel,2000,16,16,treewalker,1304,21,636.381000,568.000000,672.454000
flchain,xgboost,intel,2000,16,16,tl2cgen,1304,21,1195.134000,908.231000,1496.830000
flchain,xgboost,intel,2000,16,16,xgboost_native,1304,21,293.199000,290.088000,295.441000
flchain,lightgbm,intel,2000,16,2,treewalker_fullwalk,1304,21,274.231000,253.300000,290.928000
flchain,lightgbm,intel,2000,16,2,treewalker,1304,21,242.517000,209.660000,287.381000
flchain,lightgbm,intel,2000,16,2,lleaves,1304,21,294.864000,244.252000,385.424000
flchain,lightgbm,intel,2000,16,2,tl2cgen,1304,21,886.549000,786.637000,909.438000
flchain,lightgbm,intel,2000,16,2,lightgbm_native,1304,21,710.635000,669.105000,747.557000
flchain,xgboost,intel,2000,16,2,treewalker_fullwalk,1304,21,302.829000,284.801000,314.464000
flchain,xgboost,intel,2000,16,2,treewalker,1304,21,254.613000,214.341000,283.671000
flchain,xgboost,intel,2000,16,2,tl2cgen,1304,21,158.792000,101.333000,211.260000
flchain,xgboost,intel,2000,16,2,xgboost_native,1304,21,292.682000,286.905000,298.476000
flchain,lightgbm,intel,2000,16,32,treewalker_fullwalk,1304,11,2571.848000,2534.051000,2709.143000
flchain,lightgbm,intel,2000,16,32,treewalker,1304,11,873.586000,827.005000,967.308000
flchain,lightgbm,intel,2000,16,32,lleaves,1304,11,1470.320000,1377.211000,1651.664000
flchain,lightgbm,intel,2000,16,32,tl2cgen,1304,11,15115.839000,15048.512000,15343.333000
flchain,lightgbm,intel,2000,16,32,lightgbm_native,1304,11,17092.055000,16742.306000,17779.488000
flchain,xgboost,intel,2000,16,32,treewalker_fullwalk,1304,21,2746.909000,2609.715000,2797.812000
flchain,xgboost,intel,2000,16,32,treewalker,1304,21,785.658000,706.062000,831.716000
flchain,xgboost,intel,2000,16,32,tl2cgen,1304,21,2373.646000,1959.215000,2949.758000
flchain,xgboost,intel,2000,16,32,xgboost_native,1304,21,293.478000,285.343000,298.992000
flchain,lightgbm,intel,2000,16,4,treewalker_fullwalk,1304,21,507.861000,483.999000,547.057000
flchain,lightgbm,intel,2000,16,4,treewalker,1304,21,384.738000,372.083000,416.868000
flchain,lightgbm,intel,2000,16,4,lleaves,1304,21,484.114000,431.095000,600.354000
flchain,lightgbm,intel,2000,16,4,tl2cgen,1304,21,1942.230000,1895.180000,2000.995000
flchain,lightgbm,intel,2000,16,4,lightgbm_native,1304,21,1562.525000,1479.302000,1631.873000
flchain,xgboost,intel,2000,16,4,treewalker_fullwalk,1304,21,541.484000,526.386000,556.981000
flchain,xgboost,intel,2000,16,4,treewalker,1304,21,351.091000,308.717000,395.028000
flchain,xgboost,intel,2000,16,4,tl2cgen,1304,21,261.287000,186.337000,364.521000
flchain,xgboost,intel,2000,16,4,xgboost_native,1304,21,292.758000,285.301000,295.588000
flchain,lightgbm,intel,2000,16,64,treewalker_fullwalk,1304,11,4667.977000,4621.377000,4833.634000
flchain,lightgbm,intel,2000,16,64,treewalker,1304,11,1142.396000,1110.624000,1230.168000
flchain,lightgbm,intel,2000,16,64,lleaves,1304,11,2203.945000,2145.170000,2417.310000
flchain,lightgbm,intel,2000,16,64,tl2cgen,1304,11,29928.736000,29580.494000,31124.220000
flchain,lightgbm,intel,2000,16,64,lightgbm_native,1304,11,35037.536000,33978.322000,35964.335000
flchain,xgboost,intel,2000,16,64,treewalker_fullwalk,1304,21,4968.655000,4760.305000,5034.830000
flchain,xgboost,intel,2000,16,64,treewalker,1304,21,998.042000,918.855000,1035.292000
flchain,xgboost,intel,2000,16,64,tl2cgen,1304,21,4740.666000,3964.538000,5929.153000
flchain,xgboost,intel,2000,16,64,xgboost_native,1304,21,292.708000,288.396000,297.551000
flchain,lightgbm,intel,2000,16,8,treewalker_fullwalk,1304,21,860.018000,822.658000,914.461000
flchain,lightgbm,intel,2000,16,8,treewalker,1304,21,511.092000,484.168000,542.606000
flchain,lightgbm,intel,2000,16,8,lleaves,1304,21,708.987000,634.990000,812.686000
flchain,lightgbm,intel,2000,16,8,tl2cgen,1304,21,3892.761000,3833.679000,3994.775000
flchain,lightgbm,intel,2000,16,8,lightgbm_native,1304,21,3630.717000,3483.344000,3813.706000
flchain,xgboost,intel,2000,16,8,treewalker_fullwalk,1304,21,941.240000,904.913000,967.478000
flchain,xgboost,intel,2000,16,8,treewalker,1304,21,488.908000,422.939000,527.763000
flchain,xgboost,intel,2000,16,8,tl2cgen,1304,21,603.639000,435.932000,779.650000
flchain,xgboost,intel,2000,16,8,xgboost_native,1304,21,292.619000,285.283000,298.483000
flchain,lightgbm,intel,2000,2,1,treewalker_fullwalk,1304,21,9.760000,9.372000,10.215000
flchain,lightgbm,intel,2000,2,1,treewalker,1304,21,14.620000,12.643000,14.935000
flchain,lightgbm,intel,2000,2,1,lleaves,1304,21,7.102000,6.786000,7.425000
flchain,lightgbm,intel,2000,2,1,tl2cgen,1304,21,13.866000,12.452000,14.346000
flchain,lightgbm,intel,2000,2,1,lightgbm_native,1304,21,43.652000,42.251000,45.286000
flchain,lightgbm,intel,2000,2,1,quickscorer,1304,21,0.881000,0.786000,1.131000
flchain,xgboost,intel,2000,2,1,treewalker_fullwalk,1304,21,12.766000,11.698000,13.347000
flchain,xgboost,intel,2000,2,1,treewalker,1304,21,14.411000,12.618000,15.264000
flchain,xgboost,intel,2000,2,1,tl2cgen,1304,21,11.020000,9.569000,11.028000
flchain,xgboost,intel,2000,2,1,xgboost_native,1304,21,292.113000,289.414000,294.734000
flchain,lightgbm,intel,2000,2,128,treewalker_fullwalk,1304,21,856.720000,853.727000,867.102000
flchain,lightgbm,intel,2000,2,128,treewalker,1304,21,269.726000,267.838000,272.084000
flchain,lightgbm,intel,2000,2,128,lleaves,1304,21,551.104000,548.479000,553.335000
flchain,lightgbm,intel,2000,2,128,tl2cgen,1304,21,1306.908000,1269.591000,1351.968000
flchain,lightgbm,intel,2000,2,128,lightgbm_native,1304,21,2320.179000,2294.674000,2356.113000
flchain,lightgbm,intel,2000,2,128,quickscorer,1304,21,114.605000,105.713000,137.315000
flchain,xgboost,intel,2000,2,128,treewalker_fullwalk,1304,11,1269.517000,1267.090000,1277.428000
flchain,xgboost,intel,2000,2,128,treewalker,1304,11,281.649000,278.655000,286.685000
flchain,xgboost,intel,2000,2,128,tl2cgen,1304,11,1456.120000,1445.560000,1472.970000
flchain,xgboost,intel,2000,2,128,xgboost_native,1304,11,293.940000,292.487000,302.676000
flchain,lightgbm,intel,2000,2,16,treewalker_fullwalk,1304,21,110.821000,109.472000,116.001000
flchain,lightgbm,intel,2000,2,16,treewalker,1304,21,34.568000,30.579000,36.519000
flchain,lightgbm,intel,2000,2,16,lleaves,1304,21,80.064000,78.976000,82.524000
flchain,lightgbm,intel,2000,2,16,tl2cgen,1304,21,184.828000,178.331000,189.117000
flchain,lightgbm,intel,2000,2,16,lightgbm_native,1304,21,442.274000,426.666000,459.005000
flchain,lightgbm,intel,2000,2,16,quickscorer,1304,21,13.868000,12.607000,16.125000
flchain,xgboost,intel,2000,2,16,treewalker_fullwalk,1304,21,164.016000,160.346000,165.711000
flchain,xgboost,intel,2000,2,16,treewalker,1304,21,33.699000,30.862000,35.026000
flchain,xgboost,intel,2000,2,16,tl2cgen,1304,21,176.109000,175.908000,187.266000
flchain,xgboost,intel,2000,2,16,xgboost_native,1304,21,292.094000,284.878000,296.928000
flchain,lightgbm,intel,2000,2,2,treewalker_fullwalk,1304,21,16.804000,16.546000,17.680000
flchain,lightgbm,intel,2000,2,2,treewalker,1304,21,17.391000,16.425000,18.661000
flchain,lightgbm,intel,2000,2,2,lleaves,1304,21,14.202000,13.699000,15.741000
flchain,lightgbm,intel,2000,2,2,tl2cgen,1304,21,29.023000,27.813000,31.235000
flchain,lightgbm,intel,2000,2,2,lightgbm_native,1304,21,85.373000,73.287000,90.944000
flchain,lightgbm,intel,2000,2,2,quickscorer,1304,21,1.645000,1.439000,2.103000
flchain,xgboost,intel,2000,2,2,treewalker_fullwalk,1304,21,22.348000,22.018000,23.396000
flchain,xgboost,intel,2000,2,2,treewalker,1304,21,15.999000,15.353000,18.016000
flchain,xgboost,intel,2000,2,2,tl2cgen,1304,21,22.000000,19.107000,22.009000
flchain,xgboost,intel,2000,2,2,xgboost_native,1304,21,292.232000,289.160000,296.741000
flchain,lightgbm,intel,2000,2,32,treewalker_fullwalk,1304,21,218.126000,214.494000,225.567000
flchain,lightgbm,intel,2000,2,32,treewalker,1304,21,43.253000,41.327000,44.608000
flchain,lightgbm,intel,2000,2,32,lleaves,1304,21,147.271000,146.239000,149.269000
flchain,lightgbm,intel,2000,2,32,tl2cgen,1304,21,368.319000,354.488000,377.927000
flchain,lightgbm,intel,2000,2,32,lightgbm_native,1304,21,680.571000,654.732000,702.804000
flchain,lightgbm,intel,2000,2,32,quickscorer,1304,21,27.490000,25.627000,33.661000
flchain,xgboost,intel,2000,2,32,treewalker_fullwalk,1304,21,322.353000,317.282000,325.279000
flchain,xgboost,intel,2000,2,32,treewalker,1304,21,47.284000,43.234000,50.242000
flchain,xgboost,intel,2000,2,32,tl2cgen,1304,21,353.435000,351.809000,374.072000
flchain,xgboost,intel,2000,2,32,xgboost_native,1304,21,293.913000,287.258000,297.252000
flchain,lightgbm,intel,2000,2,4,treewalker_fullwalk,1304,21,30.822000,30.215000,31.444000
flchain,lightgbm,intel,2000,2,4,treewalker,1304,21,22.040000,21.620000,23.434000
flchain,lightgbm,intel,2000,2,4,lleaves,1304,21,25.156000,21.931000,27.355000
flchain,lightgbm,intel,2000,2,4,tl2cgen,1304,21,55.469000,52.832000,59.544000
flchain,lightgbm,intel,2000,2,4,lightgbm_native,1304,21,148.878000,142.834000,159.128000
flchain,lightgbm,intel,2000,2,4,quickscorer,1304,21,3.385000,2.763000,4.044000
flchain,xgboost,intel,2000,2,4,treewalker_fullwalk,1304,21,42.693000,42.271000,43.613000
flchain,xgboost,intel,2000,2,4,treewalker,1304,21,20.103000,19.771000,22.147000
flchain,xgboost,intel,2000,2,4,tl2cgen,1304,21,43.958000,38.176000,43.965000
flchain,xgboost,intel,2000,2,4,xgboost_native,1304,21,293.392000,279.749000,296.287000
flchain,lightgbm,intel,2000,2,64,treewalker_fullwalk,1304,21,449.108000,443.358000,455.692000
flchain,lightgbm,intel,2000,2,64,treewalker,1304,21,71.017000,68.435000,72.939000
flchain,lightgbm,intel,2000,2,64,lleaves,1304,21,284.341000,281.316000,288.600000
flchain,lightgbm,intel,2000,2,64,tl2cgen,1304,21,685.271000,661.791000,716.646000
flchain,lightgbm,intel,2000,2,64,lightgbm_native,1304,21,1487.156000,1438.762000,1504.171000
flchain,lightgbm,intel,2000,2,64,quickscorer,1304,21,56.172000,48.793000,68.088000
flchain,xgboost,intel,2000,2,64,treewalker_fullwalk,1304,12,650.804000,647.419000,652.950000
flchain,xgboost,intel,2000,2,64,treewalker,1304,12,80.167000,78.596000,83.485000
flchain,xgboost,intel,2000,2,64,tl2cgen,1304,12,730.390000,729.338000,732.141000
flchain,xgboost,intel,2000,2,64,xgboost_native,1304,12,293.918000,290.437000,295.709000
flchain,lightgbm,intel,2000,2,8,treewalker_fullwalk,1304,21,57.185000,56.497000,59.734000
flchain,lightgbm,intel,2000,2,8,treewalker,1304,21,25.257000,23.211000,27.359000
flchain,lightgbm,intel,2000,2,8,lleaves,1304,21,44.562000,39.163000,47.049000
flchain,lightgbm,intel,2000,2,8,tl2cgen,1304,21,97.306000,94.967000,103.460000
flchain,lightgbm,intel,2000,2,8,lightgbm_native,1304,21,253.663000,239.733000,270.119000
flchain,lightgbm,intel,2000,2,8,quickscorer,1304,21,7.053000,6.431000,8.655000
flchain,xgboost,intel,2000,2,8,treewalker_fullwalk,1304,21,83.715000,78.047000,85.406000
flchain,xgboost,intel,2000,2,8,treewalker,1304,21,26.728000,24.879000,28.825000
flchain,xgboost,intel,2000,2,8,tl2cgen,1304,21,87.880000,87.850000,93.517000
flchain,xgboost,intel,2000,2,8,xgboost_native,1304,21,291.686000,286.270000,296.695000
flchain,lightgbm,intel,2000,4,1,treewalker_fullwalk,1304,21,25.631000,24.717000,27.721000
flchain,lightgbm,intel,2000,4,1,treewalker,1304,21,29.356000,27.966000,31.925000
flchain,lightgbm,intel,2000,4,1,lleaves,1304,21,15.675000,14.026000,21.138000
flchain,lightgbm,intel,2000,4,1,tl2cgen,1304,21,49.852000,45.222000,56.306000
flchain,lightgbm,intel,2000,4,1,lightgbm_native,1304,21,86.614000,83.748000,89.427000
flchain,lightgbm,intel,2000,4,1,quickscorer,1304,21,4.228000,3.207000,6.207000
flchain,xgboost,intel,2000,4,1,treewalker_fullwalk,1304,21,27.784000,26.974000,30.239000
flchain,xgboost,intel,2000,4,1,treewalker,1304,21,29.987000,28.190000,32.791000
flchain,xgboost,intel,2000,4,1,tl2cgen,1304,21,19.203000,15.967000,20.308000
flchain,xgboost,intel,2000,4,1,xgboost_native,1304,21,292.045000,289.154000,296.532000
flchain,lightgbm,intel,2000,4,128,treewalker_fullwalk,1304,18,2015.607000,1997.766000,2042.928000
flchain,lightgbm,intel,2000,4,128,treewalker,1304,18,354.588000,347.985000,363.566000
flchain,lightgbm,intel,2000,4,128,lleaves,1304,18,699.993000,693.991000,706.204000
flchain,lightgbm,intel,2000,4,128,tl2cgen,1304,18,4178.835000,4028.811000,4656.766000
flchain,lightgbm,intel,2000,4,128,lightgbm_native,1304,18,7644.275000,7579.639000,7754.058000
flchain,lightgbm,intel,2000,4,128,quickscorer,1304,18,654.799000,562.556000,771.160000
flchain,xgboost,intel,2000,4,128,treewalker_fullwalk,1304,21,2356.444000,2335.230000,2374.378000
flchain,xgboost,intel,2000,4,128,treewalker,1304,21,367.748000,361.394000,372.994000
flchain,xgboost,intel,2000,4,128,tl2cgen,1304,21,2223.405000,2094.653000,2371.451000
flchain,xgboost,intel,2000,4,128,xgboost_native,1304,21,293.690000,285.710000,296.740000
flchain,lightgbm,intel,2000,4,16,treewalker_fullwalk,1304,21,283.784000,278.052000,296.318000
flchain,lightgbm,intel,2000,4,16,treewalker,1304,21,86.076000,82.694000,95.786000
flchain,lightgbm,intel,2000,4,16,lleaves,1304,21,126.300000,118.816000,138.498000
flchain,lightgbm,intel,2000,4,16,tl2cgen,1304,21,770.616000,739.535000,816.180000
flchain,lightgbm,intel,2000,4,16,lightgbm_native,1304,21,1184.862000,1135.621000,1252.249000
flchain,lightgbm,intel,2000,4,16,quickscorer,1304,21,66.782000,59.217000,91.359000
flchain,xgboost,intel,2000,4,16,treewalker_fullwalk,1304,21,324.835000,320.234000,330.472000
flchain,xgboost,intel,2000,4,16,treewalker,1304,21,82.588000,79.872000,85.454000
flchain,xgboost,intel,2000,4,16,tl2cgen,1304,21,291.748000,261.110000,321.885000
flchain,xgboost,intel,2000,4,16,xgboost_native,1304,21,292.959000,286.691000,302.004000
flchain,lightgbm,intel,2000,4,2,treewalker_fullwalk,1304,21,45.259000,43.143000,51.698000
flchain,lightgbm,intel,2000,4,2,treewalker,1304,21,38.446000,35.777000,49.076000
flchain,lightgbm,intel,2000,4,2,lleaves,1304,21,26.301000,23.460000,34.232000
flchain,lightgbm,intel,2000,4,2,tl2cgen,1304,21,128.824000,121.279000,134.614000
flchain,lightgbm,intel,2000,4,2,lightgbm_native,1304,21,163.623000,154.718000,173.906000
flchain,lightgbm,intel,2000,4,2,quickscorer,1304,21,7.042000,5.412000,10.204000
flchain,xgboost,intel,2000,4,2,treewalker_fullwalk,1304,21,51.458000,50.062000,58.403000
flchain,xgboost,intel,2000,4,2,treewalker,1304,21,40.633000,38.023000,47.018000
flchain,xgboost,intel,2000,4,2,tl2cgen,1304,21,38.720000,33.443000,42.173000
flchain,xgboost,intel,2000,4,2,xgboost_native,1304,21,292.559000,289.261000,296.534000
flchain,lightgbm,intel,2000,4,32,treewalker_fullwalk,1304,21,542.918000,535.276000,557.508000
flchain,lightgbm,intel,2000,4,32,treewalker,1304,21,103.993000,98.711000,114.466000
flchain,lightgbm,intel,2000,4,32,lleaves,1304,21,211.027000,204.720000,222.660000
flchain,lightgbm,intel,2000,4,32,tl2cgen,1304,21,1338.681000,1256.646000,1468.774000
flchain,lightgbm,intel,2000,4,32,lightgbm_native,1304,21,2159.969000,2086.873000,2249.683000
flchain,lightgbm,intel,2000,4,32,quickscorer,1304,21,145.013000,129.293000,193.985000
flchain,xgboost,intel,2000,4,32,treewalker_fullwalk,1304,21,631.933000,623.066000,639.346000
flchain,xgboost,intel,2000,4,32,treewalker,1304,21,109.804000,102.071000,113.429000
flchain,xgboost,intel,2000,4,32,tl2cgen,1304,21,587.283000,533.432000,630.561000
flchain,xgboost,intel,2000,4,32,xgboost_native,1304,21,292.103000,287.257000,294.712000
flchain,lightgbm,intel,2000,4,4,treewalker_fullwalk,1304,21,79.507000,77.259000,86.934000
flchain,lightgbm,intel,2000,4,4,treewalker,1304,21,47.220000,45.307000,54.121000
flchain,lightgbm,intel,2000,4,4,lleaves,1304,21,41.398000,38.069000,49.754000
flchain,lightgbm,intel,2000,4,4,tl2cgen,1304,21,231.403000,218.946000,242.383000
flchain,lightgbm,intel,2000,4,4,lightgbm_native,1304,21,298.093000,283.392000,317.316000
flchain,lightgbm,intel,2000,4,4,quickscorer,1304,21,13.833000,11.048000,19.049000
flchain,xgboost,intel,2000,4,4,treewalker_fullwalk,1304,21,95.094000,92.704000,102.082000
flchain,xgboost,intel,2000,4,4,treewalker,1304,21,54.580000,51.986000,59.318000
flchain,xgboost,intel,2000,4,4,tl2cgen,1304,21,71.577000,60.452000,78.344000
flchain,xgboost,intel,2000,4,4,xgboost_native,1304,21,292.426000,291.610000,297.920000
flchain,lightgbm,intel,2000,4,64,treewalker_fullwalk,1304,21,1036.542000,1026.232000,1051.948000
flchain,lightgbm,intel,2000,4,64,treewalker,1304,21,138.949000,121.923000,145.015000
flchain,lightgbm,intel,2000,4,64,lleaves,1304,21,379.506000,371.739000,389.250000
flchain,lightgbm,intel,2000,4,64,tl2cgen,1304,21,2448.926000,2289.916000,2644.217000
flchain,lightgbm,intel,2000,4,64,lightgbm_native,1304,21,4022.773000,3929.411000,4157.788000
flchain,lightgbm,intel,2000,4,64,quickscorer,1304,21,297.026000,250.593000,391.356000
flchain,xgboost,intel,2000,4,64,treewalker_fullwalk,1304,21,1212.732000,1201.351000,1225.923000
flchain,xgboost,intel,2000,4,64,treewalker,1304,21,149.492000,143.124000,153.797000
flchain,xgboost,intel,2000,4,64,tl2cgen,1304,21,1189.290000,1086.765000,1290.113000
flchain,xgboost,intel,2000,4,64,xgboost_native,1304,21,293.506000,289.694000,298.217000
flchain,lightgbm,intel,2000,4,8,treewalker_fullwalk,1304,21,152.817000,149.062000,166.629000
flchain,lightgbm,intel,2000,4,8,treewalker,1304,21,65.820000,61.510000,77.816000
flchain,lightgbm,intel,2000,4,8,lleaves,1304,21,76.137000,70.632000,92.874000
flchain,lightgbm,intel,2000,4,8,tl2cgen,1304,21,434.942000,412.704000,458.347000
flchain,lightgbm,intel,2000,4,8,lightgbm_native,1304,21,628.306000,602.094000,679.025000
flchain,lightgbm,intel,2000,4,8,quickscorer,1304,21,32.324000,24.736000,44.205000
flchain,xgboost,intel,2000,4,8,treewalker_fullwalk,1304,21,178.497000,175.891000,186.537000
flchain,xgboost,intel,2000,4,8,treewalker,1304,21,70.082000,67.373000,75.990000
flchain,xgboost,intel,2000,4,8,tl2cgen,1304,21,146.370000,127.449000,157.607000
flchain,xgboost,intel,2000,4,8,xgboost_native,1304,21,291.027000,275.284000,296.335000
flchain,lightgbm,intel,2000,8,1,treewalker_fullwalk,1304,21,65.723000,61.030000,71.622000
flchain,lightgbm,intel,2000,8,1,treewalker,1304,21,66.160000,59.314000,73.076000
flchain,lightgbm,intel,2000,8,1,lleaves,1304,21,69.119000,52.694000,125.741000
flchain,lightgbm,intel,2000,8,1,tl2cgen,1304,21,179.900000,167.626000,191.420000
flchain,lightgbm,intel,2000,8,1,lightgbm_native,1304,21,199.147000,191.940000,204.076000
flchain,lightgbm,intel,2000,8,1,quickscorer,1304,21,33.833000,23.085000,49.387000
flchain,xgboost,intel,2000,8,1,treewalker_fullwalk,1304,21,74.844000,70.301000,81.277000
flchain,xgboost,intel,2000,8,1,treewalker,1304,21,72.681000,67.845000,82.256000
flchain,xgboost,intel,2000,8,1,tl2cgen,1304,21,36.740000,23.949000,47.388000
flchain,xgboost,intel,2000,8,1,xgboost_native,1304,21,292.055000,289.685000,295.949000
flchain,lightgbm,intel,2000,8,128,treewalker_fullwalk,1304,11,4433.111000,4402.147000,4533.893000
flchain,lightgbm,intel,2000,8,128,treewalker,1304,11,758.495000,744.506000,813.827000
flchain,lightgbm,intel,2000,8,128,lleaves,1304,11,1476.027000,1425.824000,1629.200000
flchain,lightgbm,intel,2000,8,128,tl2cgen,1304,11,27385.056000,26144.549000,29687.380000
flchain,lightgbm,intel,2000,8,128,lightgbm_native,1304,11,31662.688000,30752.530000,32399.805000
flchain,xgboost,intel,2000,8,128,treewalker_fullwalk,1304,21,4837.004000,4771.077000,4898.746000
flchain,xgboost,intel,2000,8,128,treewalker,1304,21,693.023000,685.778000,711.779000
flchain,xgboost,intel,2000,8,128,tl2cgen,1304,21,5956.981000,4436.079000,7281.784000
flchain,xgboost,intel,2000,8,128,xgboost_native,1304,21,295.156000,288.072000,297.461000
flchain,lightgbm,intel,2000,8,16,treewalker_fullwalk,1304,21,713.138000,691.332000,775.998000
flchain,lightgbm,intel,2000,8,16,treewalker,1304,21,250.986000,240.574000,281.644000
flchain,lightgbm,intel,2000,8,16,lleaves,1304,21,397.865000,359.621000,473.044000
flchain,lightgbm,intel,2000,8,16,tl2cgen,1304,21,3495.934000,3366.422000,3596.012000
flchain,lightgbm,intel,2000,8,16,lightgbm_native,1304,21,3576.386000,3438.045000,3712.872000
flchain,xgboost,intel,2000,8,16,treewalker_fullwalk,1304,21,796.124000,776.404000,818.578000
flchain,xgboost,intel,2000,8,16,treewalker,1304,21,261.241000,250.245000,291.188000
flchain,xgboost,intel,2000,8,16,tl2cgen,1304,21,724.041000,544.522000,909.523000
flchain,xgboost,intel,2000,8,16,xgboost_native,1304,21,293.067000,286.095000,298.255000
flchain,lightgbm,intel,2000,8,2,treewalker_fullwalk,1304,21,115.448000,110.792000,138.926000
flchain,lightgbm,intel,2000,8,2,treewalker,1304,21,102.476000,89.904000,126.870000
flchain,lightgbm,intel,2000,8,2,lleaves,1304,21,102.983000,77.396000,181.181000
flchain,lightgbm,intel,2000,8,2,tl2cgen,1304,21,423.039000,401.735000,436.815000
flchain,lightgbm,intel,2000,8,2,lightgbm_native,1304,21,374.348000,357.306000,395.718000
flchain,xgboost,intel,2000,8,2,treewalker_fullwalk,1304,21,144.970000,137.060000,164.274000
flchain,xgboost,intel,2000,8,2,treewalker,1304,21,117.672000,97.868000,145.872000
flchain,xgboost,intel,2000,8,2,tl2cgen,1304,21,101.225000,64.951000,137.006000
flchain,xgboost,intel,2000,8,2,xgboost_native,1304,21,291.922000,288.331000,295.200000
flchain,lightgbm,intel,2000,8,32,treewalker_fullwalk,1304,17,1295.901000,1255.282000,1338.721000
flchain,lightgbm,intel,2000,8,32,treewalker,1304,17,326.283000,301.536000,363.383000
flchain,lightgbm,intel,2000,8,32,lleaves,1304,17,604.196000,552.455000,653.319000
flchain,lightgbm,intel,2000,8,32,tl2cgen,1304,17,7017.288000,6744.270000,7396.567000
flchain,lightgbm,intel,2000,8,32,lightgbm_native,1304,17,7581.171000,7216.995000,7677.897000
flchain,xgboost,intel,2000,8,32,treewalker_fullwalk,1304,21,1443.949000,1403.449000,1453.350000
flchain,xgboost,intel,2000,8,32,treewalker,1304,21,345.144000,338.847000,358.968000
flchain,xgboost,intel,2000,8,32,tl2cgen,1304,21,1596.203000,1171.449000,1880.129000
flchain,xgboost,intel,2000,8,32,xgboost_native,1304,21,292.672000,281.360000,296.650000
flchain,lightgbm,intel,2000,8,4,treewalker_fullwalk,1304,21,223.040000,213.696000,244.506000
flchain,lightgbm,intel,2000,8,4,treewalker,1304,21,143.331000,140.746000,163.432000
flchain,lightgbm,intel,2000,8,4,lleaves,1304,21,177.908000,158.426000,238.744000
flchain,lightgbm,intel,2000,8,4,tl2cgen,1304,21,882.457000,859.250000,910.801000
flchain,lightgbm,intel,2000,8,4,lightgbm_native,1304,21,787.013000,748.145000,824.662000
flchain,xgboost,intel,2000,8,4,treewalker_fullwalk,1304,21,270.987000,255.132000,302.987000
flchain,xgboost,intel,2000,8,4,treewalker,1304,21,159.190000,152.987000,203.037000
flchain,xgboost,intel,2000,8,4,tl2cgen,1304,21,175.867000,121.571000,248.256000
flchain,xgboost,intel,2000,8,4,xgboost_native,1304,21,294.069000,291.316000,297.697000
flchain,lightgbm,intel,2000,8,64,treewalker_fullwalk,1304,11,2374.255000,2346.590000,2458.293000
flchain,lightgbm,intel,2000,8,64,treewalker,1304,11,441.020000,431.849000,484.828000
flchain,lightgbm,intel,2000,8,64,lleaves,1304,11,908.807000,893.415000,1007.996000
flchain,lightgbm,intel,2000,8,64,tl2cgen,1304,11,14503.554000,13940.468000,15408.526000
flchain,lightgbm,intel,2000,8,64,lightgbm_native,1304,11,15399.672000,14989.823000,15915.425000
flchain,xgboost,intel,2000,8,64,treewalker_fullwalk,1304,21,2606.559000,2579.442000,2637.929000
flchain,xgboost,intel,2000,8,64,treewalker,1304,21,436.798000,424.070000,446.652000
flchain,xgboost,intel,2000,8,64,tl2cgen,1304,21,3391.903000,2396.590000,4317.731000
flchain,xgboost,intel,2000,8,64,xgboost_native,1304,21,292.914000,289.076000,297.213000
flchain,lightgbm,intel,2000,8,8,treewalker_fullwalk,1304,21,399.801000,384.549000,449.326000
flchain,lightgbm,intel,2000,8,8,treewalker,1304,21,200.559000,190.992000,230.709000
flchain,lightgbm,intel,2000,8,8,lleaves,1304,21,292.420000,236.269000,360.300000
flchain,lightgbm,intel,2000,8,8,tl2cgen,1304,21,1803.101000,1749.534000,1845.899000
flchain,lightgbm,intel,2000,8,8,lightgbm_native,1304,21,1715.437000,1661.228000,1807.752000
flchain,xgboost,intel,2000,8,8,treewalker_fullwalk,1304,21,470.894000,460.676000,519.943000
flchain,xgboost,intel,2000,8,8,treewalker,1304,21,213.991000,190.782000,250.931000
flchain,xgboost,intel,2000,8,8,tl2cgen,1304,21,408.728000,275.152000,548.119000
flchain,xgboost,intel,2000,8,8,xgboost_native,1304,21,292.189000,289.069000,296.422000
flchain,lightgbm,intel,500,16,1,treewalker_fullwalk,1304,21,29.144000,26.333000,30.115000
flchain,lightgbm,intel,500,16,1,treewalker,1304,21,29.770000,28.853000,31.078000
flchain,lightgbm,intel,500,16,1,lleaves,1304,21,15.477000,14.185000,18.059000
flchain,lightgbm,intel,500,16,1,tl2cgen,1304,21,24.190000,21.156000,26.961000
flchain,lightgbm,intel,500,16,1,lightgbm_native,1304,21,69.397000,59.279000,71.138000
flchain,xgboost,intel,500,16,1,treewalker_fullwalk,1304,21,33.791000,30.545000,34.787000
flchain,xgboost,intel,500,16,1,treewalker,1304,21,34.053000,31.046000,35.389000
flchain,xgboost,intel,500,16,1,tl2cgen,1304,21,4.935000,3.924000,5.020000
flchain,xgboost,intel,500,16,1,xgboost_native,1304,21,292.484000,277.048000,294.582000
flchain,lightgbm,intel,500,16,128,treewalker_fullwalk,1304,13,2392.709000,2335.844000,2424.857000
flchain,lightgbm,intel,500,16,128,treewalker,1304,13,562.060000,528.944000,580.403000
flchain,lightgbm,intel,500,16,128,lleaves,1304,13,1221.312000,1149.314000,1314.446000
flchain,lightgbm,intel,500,16,128,tl2cgen,1304,13,3691.532000,3551.786000,3939.611000
flchain,lightgbm,intel,500,16,128,lightgbm_native,1304,13,13759.601000,13026.783000,14653.638000
flchain,xgboost,intel,500,16,128,treewalker_fullwalk,1304,21,2295.358000,2176.558000,2323.565000
flchain,xgboost,intel,500,16,128,treewalker,1304,21,321.055000,283.053000,330.516000
flchain,xgboost,intel,500,16,128,tl2cgen,1304,21,769.728000,696.729000,801.321000
flchain,xgboost,intel,500,16,128,xgboost_native,1304,21,293.375000,288.844000,296.380000
flchain,lightgbm,intel,500,16,16,treewalker_fullwalk,1304,21,384.769000,371.429000,402.463000
flchain,lightgbm,intel,500,16,16,treewalker,1304,21,168.849000,158.805000,177.660000
flchain,lightgbm,intel,500,16,16,lleaves,1304,21,246.906000,227.823000,272.117000
flchain,lightgbm,intel,500,16,16,tl2cgen,1304,21,584.778000,554.325000,614.469000
flchain,lightgbm,intel,500,16,16,lightgbm_native,1304,21,1721.794000,1560.959000,1815.314000
flchain,xgboost,intel,500,16,16,treewalker_fullwalk,1304,21,395.304000,363.519000,426.467000
flchain,xgboost,intel,500,16,16,treewalker,1304,21,147.296000,123.998000,168.976000
flchain,xgboost,intel,500,16,16,tl2cgen,1304,21,102.808000,91.332000,107.623000
flchain,xgboost,intel,500,16,16,xgboost_native,1304,21,292.628000,288.954000,299.398000
flchain,lightgbm,intel,500,16,2,treewalker_fullwalk,1304,21,56.330000,54.747000,59.477000
flchain,lightgbm,intel,500,16,2,treewalker,1304,21,47.312000,42.628000,55.316000
flchain,lightgbm,intel,500,16,2,lleaves,1304,21,28.880000,24.174000,35.398000
flchain,lightgbm,intel,500,16,2,tl2cgen,1304,21,68.948000,61.364000,79.893000
flchain,lightgbm,intel,500,16,2,lightgbm_native,1304,21,122.961000,112.300000,129.590000
flchain,xgboost,intel,500,16,2,treewalker_fullwalk,1304,21,69.688000,65.489000,73.350000
flchain,xgboost,intel,500,16,2,treewalker,1304,21,56.111000,47.071000,63.830000
flchain,xgboost,intel,500,16,2,tl2cgen,1304,21,11.643000,10.046000,11.845000
flchain,xgboost,intel,500,16,2,xgboost_native,1304,21,292.261000,287.401000,295.969000
flchain,lightgbm,intel,500,16,32,treewalker_fullwalk,1304,21,716.999000,691.966000,732.397000
flchain,lightgbm,intel,500,16,32,treewalker,1304,21,248.734000,222.057000,266.048000
flchain,lightgbm,intel,500,16,32,lleaves,1304,21,458.981000,408.128000,505.496000
flchain,lightgbm,intel,500,16,32,tl2cgen,1304,21,1077.085000,1023.741000,1129.609000
flchain,lightgbm,intel,500,16,32,lightgbm_native,1304,21,3619.903000,3365.432000,3823.911000
flchain,xgboost,intel,500,16,32,treewalker_fullwalk,1304,21,697.745000,650.961000,737.471000
flchain,xgboost,intel,500,16,32,treewalker,1304,21,181.438000,153.237000,206.873000
flchain,xgboost,intel,500,16,32,tl2cgen,1304,21,207.891000,183.555000,230.610000
flchain,xgboost,intel,500,16,32,xgboost_native,1304,21,293.452000,286.695000,295.108000
flchain,lightgbm,intel,500,16,4,treewalker_fullwalk,1304,21,116.071000,112.285000,122.014000
flchain,lightgbm,intel,500,16,4,treewalker,1304,21,77.646000,74.425000,82.786000
flchain,lightgbm,intel,500,16,4,lleaves,1304,21,64.534000,59.106000,75.359000
flchain,lightgbm,intel,500,16,4,tl2cgen,1304,21,170.987000,154.735000,181.478000
flchain,lightgbm,intel,500,16,4,lightgbm_native,1304,21,300.517000,275.926000,311.228000
flchain,xgboost,intel,500,16,4,treewalker_fullwalk,1304,21,129.963000,115.371000,142.898000
flchain,xgboost,intel,500,16,4,treewalker,1304,21,82.973000,69.911000,99.072000
flchain,xgboost,intel,500,16,4,tl2cgen,1304,21,23.226000,20.066000,24.896000
flchain,xgboost,intel,500,16,4,xgboost_native,1304,21,293.112000,290.131000,295.833000
flchain,lightgbm,intel,500,16,64,treewalker_fullwalk,1304,21,1357.333000,1337.526000,1398.111000
flchain,lightgbm,intel,500,16,64,treewalker,1304,21,403.465000,374.265000,426.934000
flchain,lightgbm,intel,500,16,64,lleaves,1304,21,819.490000,771.089000,867.261000
flchain,lightgbm,intel,500,16,64,tl2cgen,1304,21,2288.107000,2128.036000,2483.008000
flchain,lightgbm,intel,500,16,64,lightgbm_native,1304,21,7816.113000,7096.701000,8225.734000
flchain,xgboost,intel,500,16,64,treewalker_fullwalk,1304,21,1248.511000,1184.312000,1274.909000
flchain,xgboost,intel,500,16,64,treewalker,1304,21,230.604000,207.487000,241.635000
flchain,xgboost,intel,500,16,64,tl2cgen,1304,21,406.133000,369.278000,436.271000
flchain,xgboost,intel,500,16,64,xgboost_native,1304,21,292.088000,286.164000,298.445000
flchain,lightgbm,intel,500,16,8,treewalker_fullwalk,1304,21,212.624000,200.199000,224.031000
flchain,lightgbm,intel,500,16,8,treewalker,1304,21,115.602000,109.326000,124.708000
flchain,lightgbm,intel,500,16,8,lleaves,1304,21,127.430000,116.253000,137.179000
flchain,lightgbm,intel,500,16,8,tl2cgen,1304,21,304.387000,277.162000,329.654000
flchain,lightgbm,intel,500,16,8,lightgbm_native,1304,21,745.439000,695.544000,782.583000
flchain,xgboost,intel,500,16,8,treewalker_fullwalk,1304,21,231.518000,215.692000,249.574000
flchain,xgboost,intel,500,16,8,treewalker,1304,21,113.462000,93.778000,134.178000
flchain,xgboost,intel,500,16,8,tl2cgen,1304,21,49.164000,41.596000,53.487000
flchain,xgboost,intel,500,16,8,xgboost_native,1304,21,293.160000,287.608000,299.218000
flchain,lightgbm,intel,500,2,1,treewalker_fullwalk,1304,21,2.521000,2.419000,2.687000
flchain,lightgbm,intel,500,2,1,treewalker,1304,21,3.726000,3.531000,3.880000
flchain,lightgbm,intel,500,2,1,lleaves,1304,21,1.595000,1.573000,1.712000
flchain,lightgbm,intel,500,2,1,tl2cgen,1304,21,2.247000,2.146000,2.473000
flchain,lightgbm,intel,500,2,1,lightgbm_native,1304,21,10.478000,9.956000,11.286000
flchain,lightgbm,intel,500,2,1,quickscorer,1304,21,0.360000,0.321000,0.417000
flchain,xgboost,intel,500,2,1,treewalker_fullwalk,1304,21,3.495000,3.408000,3.649000
flchain,xgboost,intel,500,2,1,treewalker,1304,21,4.150000,3.983000,4.333000
flchain,xgboost,intel,500,2,1,tl2cgen,1304,21,2.796000,2.795000,2.811000
flchain,xgboost,intel,500,2,1,xgboost_native,1304,21,292.005000,286.249000,293.528000
flchain,lightgbm,intel,500,2,128,treewalker_fullwalk,1304,21,226.219000,223.246000,230.071000
flchain,lightgbm,intel,500,2,128,treewalker,1304,21,72.362000,71.722000,73.638000
flchain,lightgbm,intel,500,2,128,lleaves,1304,21,138.009000,136.255000,139.895000
flchain,lightgbm,intel,500,2,128,tl2cgen,1304,21,203.843000,190.758000,205.209000
flchain,lightgbm,intel,500,2,128,lightgbm_native,1304,21,470.217000,462.461000,475.198000
flchain,lightgbm,intel,500,2,128,quickscorer,1304,21,40.418000,33.877000,46.493000
flchain,xgboost,intel,500,2,128,treewalker_fullwalk,1304,21,321.070000,318.106000,325.525000
flchain,xgboost,intel,500,2,128,treewalker,1304,21,73.475000,72.656000,75.180000
flchain,xgboost,intel,500,2,128,tl2cgen,1304,21,353.601000,353.102000,360.826000
flchain,xgboost,intel,500,2,128,xgboost_native,1304,21,294.129000,289.234000,298.269000
flchain,lightgbm,intel,500,2,16,treewalker_fullwalk,1304,21,29.799000,26.921000,31.040000
flchain,lightgbm,intel,500,2,16,treewalker,1304,21,9.411000,8.622000,10.351000
flchain,lightgbm,intel,500,2,16,lleaves,1304,21,19.427000,19.183000,20.268000
flchain,lightgbm,intel,500,2,16,tl2cgen,1304,21,29.133000,28.707000,30.313000
flchain,lightgbm,intel,500,2,16,lightgbm_native,1304,21,75.764000,72.118000,82.018000
flchain,lightgbm,intel,500,2,16,quickscorer,1304,21,5.180000,4.516000,6.037000
flchain,xgboost,intel,500,2,16,treewalker_fullwalk,1304,20,41.788000,41.513000,42.374000
flchain,xgboost,intel,500,2,16,treewalker,1304,20,9.233000,9.035000,9.772000
flchain,xgboost,intel,500,2,16,tl2cgen,1304,20,44.180000,44.171000,44.186000
flchain,xgboost,intel,500,2,16,xgboost_native,1304,20,293.019000,270.969000,298.019000
flchain,lightgbm,intel,500,2,2,treewalker_fullwalk,1304,21,4.445000,4.286000,4.623000
flchain,lightgbm,intel,500,2,2,treewalker,1304,21,4.757000,4.430000,5.053000
flchain,lightgbm,intel,500,2,2,lleaves,1304,21,3.325000,3.183000,3.616000
flchain,lightgbm,intel,500,2,2,tl2cgen,1304,21,4.788000,4.107000,5.271000
flchain,lightgbm,intel,500,2,2,lightgbm_native,1304,21,16.845000,13.340000,19.162000
flchain,lightgbm,intel,500,2,2,quickscorer,1304,21,0.659000,0.557000,0.774000
flchain,xgboost,intel,500,2,2,treewalker_fullwalk,1304,21,5.902000,5.816000,6.189000
flchain,xgboost,intel,500,2,2,treewalker,1304,21,4.662000,4.374000,5.213000
flchain,xgboost,intel,500,2,2,tl2cgen,1304,21,5.554000,5.553000,5.912000
flchain,xgboost,intel,500,2,2,xgboost_native,1304,21,293.294000,290.824000,298.844000
flchain,lightgbm,intel,500,2,32,treewalker_fullwalk,1304,21,59.502000,58.550000,62.818000
flchain,lightgbm,intel,500,2,32,treewalker,1304,21,12.284000,11.835000,15.830000
flchain,lightgbm,intel,500,2,32,lleaves,1304,21,36.290000,36.038000,38.775000
flchain,lightgbm,intel,500,2,32,tl2cgen,1304,21,56.047000,55.081000,59.182000
flchain,lightgbm,intel,500,2,32,lightgbm_native,1304,21,135.210000,131.017000,140.806000
flchain,lightgbm,intel,500,2,32,quickscorer,1304,21,10.471000,9.360000,11.948000
flchain,xgboost,intel,500,2,32,treewalker_fullwalk,1304,21,82.362000,81.899000,86.685000
flchain,xgboost,intel,500,2,32,treewalker,1304,21,12.930000,12.373000,14.144000
flchain,xgboost,intel,500,2,32,tl2cgen,1304,21,88.325000,88.315000,93.963000
flchain,xgboost,intel,500,2,32,xgboost_native,1304,21,292.739000,288.551000,295.108000
flchain,lightgbm,intel,500,2,4,treewalker_fullwalk,1304,21,8.150000,7.945000,8.461000
flchain,lightgbm,intel,500,2,4,treewalker,1304,21,5.901000,5.674000,6.164000
flchain,lightgbm,intel,500,2,4,lleaves,1304,21,5.701000,5.525000,6.213000
flchain,lightgbm,intel,500,2,4,tl2cgen,1304,21,8.460000,8.225000,9.650000
flchain,lightgbm,intel,500,2,4,lightgbm_native,1304,21,26.212000,24.780000,31.740000
flchain,lightgbm,intel,500,2,4,quickscorer,1304,21,1.322000,1.179000,1.519000
flchain,xgboost,intel,500,2,4,treewalker_fullwalk,1304,21,11.017000,10.901000,11.322000
flchain,xgboost,intel,500,2,4,treewalker,1304,21,5.576000,5.263000,6.040000
flchain,xgboost,intel,500,2,4,tl2cgen,1304,21,11.070000,11.066000,11.787000
flchain,xgboost,intel,500,2,4,xgboost_native,1304,21,292.112000,287.743000,295.670000
flchain,lightgbm,intel,500,2,64,treewalker_fullwalk,1304,21,119.195000,117.788000,119.935000
flchain,lightgbm,intel,500,2,64,treewalker,1304,21,19.927000,19.572000,20.807000
flchain,lightgbm,intel,500,2,64,lleaves,1304,21,70.310000,70.021000,71.046000
flchain,lightgbm,intel,500,2,64,tl2cgen,1304,21,106.450000,104.649000,111.467000
flchain,lightgbm,intel,500,2,64,lightgbm_native,1304,21,247.389000,240.610000,255.158000
flchain,lightgbm,intel,500,2,64,quickscorer,1304,21,20.081000,18.113000,23.236000
flchain,xgboost,intel,500,2,64,treewalker_fullwalk,1304,11,164.623000,163.428000,172.706000
flchain,xgboost,intel,500,2,64,treewalker,1304,11,21.769000,21.057000,22.513000
flchain,xgboost,intel,500,2,64,tl2cgen,1304,11,176.624000,176.606000,187.562000
flchain,xgboost,intel,500,2,64,xgboost_native,1304,11,293.175000,290.875000,297.892000
flchain,lightgbm,intel,500,2,8,treewalker_fullwalk,1304,21,15.656000,15.124000,16.343000
flchain,lightgbm,intel,500,2,8,treewalker,1304,21,6.913000,6.479000,7.436000
flchain,lightgbm,intel,500,2,8,lleaves,1304,21,10.600000,10.468000,11.418000
flchain,lightgbm,intel,500,2,8,tl2cgen,1304,21,15.825000,15.341000,17.198000
flchain,lightgbm,intel,500,2,8,lightgbm_native,1304,21,44.240000,41.237000,50.784000
flchain,lightgbm,intel,500,2,8,quickscorer,1304,21,2.610000,2.345000,2.983000
flchain,xgboost,intel,500,2,8,treewalker_fullwalk,1304,21,21.388000,21.312000,22.010000
flchain,xgboost,intel,500,2,8,treewalker,1304,21,6.814000,6.515000,7.474000
flchain,xgboost,intel,500,2,8,tl2cgen,1304,21,22.111000,22.094000,22.163000
flchain,xgboost,intel,500,2,8,xgboost_native,1304,21,292.909000,285.270000,297.075000
flchain,lightgbm,intel,500,4,1,treewalker_fullwalk,1304,21,6.908000,6.649000,7.560000
flchain,lightgbm,intel,500,4,1,treewalker,1304,21,8.056000,7.525000,9.055000
flchain,lightgbm,intel,500,4,1,lleaves,1304,21,3.166000,3.079000,3.547000
flchain,lightgbm,intel,500,4,1,tl2cgen,1304,21,4.798000,4.551000,5.061000
flchain,lightgbm,intel,500,4,1,lightgbm_native,1304,21,18.047000,16.834000,19.093000
flchain,lightgbm,intel,500,4,1,quickscorer,1304,21,1.052000,0.870000,1.454000
flchain,xgboost,intel,500,4,1,treewalker_fullwalk,1304,21,7.117000,6.713000,7.685000
flchain,xgboost,intel,500,4,1,treewalker,1304,21,7.621000,7.041000,8.726000
flchain,xgboost,intel,500,4,1,tl2cgen,1304,21,3.237000,3.100000,3.245000
flchain,xgboost,intel,500,4,1,xgboost_native,1304,21,291.813000,290.604000,297.050000
flchain,lightgbm,intel,500,4,128,treewalker_fullwalk,1304,21,513.472000,508.362000,523.736000
flchain,lightgbm,intel,500,4,128,treewalker,1304,21,92.221000,90.908000,94.817000
flchain,lightgbm,intel,500,4,128,lleaves,1304,21,170.044000,156.893000,171.736000
flchain,lightgbm,intel,500,4,128,tl2cgen,1304,21,382.677000,376.562000,394.071000
flchain,lightgbm,intel,500,4,128,lightgbm_native,1304,21,882.639000,879.315000,886.633000
flchain,lightgbm,intel,500,4,128,quickscorer,1304,21,178.559000,163.479000,220.549000
flchain,xgboost,intel,500,4,128,treewalker_fullwalk,1304,11,596.498000,592.715000,601.881000
flchain,xgboost,intel,500,4,128,treewalker,1304,11,94.437000,93.564000,100.323000
flchain,xgboost,intel,500,4,128,tl2cgen,1304,11,439.045000,433.543000,444.668000
flchain,xgboost,intel,500,4,128,xgboost_native,1304,11,293.511000,292.115000,300.519000
flchain,lightgbm,intel,500,4,16,treewalker_fullwalk,1304,21,72.126000,71.115000,74.031000
flchain,lightgbm,intel,500,4,16,treewalker,1304,21,21.040000,20.177000,23.316000
flchain,lightgbm,intel,500,4,16,lleaves,1304,21,29.713000,26.489000,30.933000
flchain,lightgbm,intel,500,4,16,tl2cgen,1304,21,56.224000,54.310000,58.094000
flchain,lightgbm,intel,500,4,16,lightgbm_native,1304,21,152.179000,148.771000,162.593000
flchain,lightgbm,intel,500,4,16,quickscorer,1304,21,18.837000,17.209000,24.300000
flchain,xgboost,intel,500,4,16,treewalker_fullwalk,1304,21,80.960000,79.945000,81.755000
flchain,xgboost,intel,500,4,16,treewalker,1304,21,18.968000,17.634000,19.806000
flchain,xgboost,intel,500,4,16,tl2cgen,1304,21,53.593000,50.985000,54.030000
flchain,xgboost,intel,500,4,16,xgboost_native,1304,21,292.918000,288.309000,295.182000
flchain,lightgbm,intel,500,4,2,treewalker_fullwalk,1304,21,11.678000,11.093000,13.384000
flchain,lightgbm,intel,500,4,2,treewalker,1304,21,10.028000,8.546000,12.074000
flchain,lightgbm,intel,500,4,2,lleaves,1304,21,5.904000,5.317000,6.875000
flchain,lightgbm,intel,500,4,2,tl2cgen,1304,21,9.387000,8.126000,10.845000
flchain,lightgbm,intel,500,4,2,lightgbm_native,1304,21,30.027000,24.797000,34.158000
flchain,lightgbm,intel,500,4,2,quickscorer,1304,21,2.114000,1.846000,2.990000
flchain,xgboost,intel,500,4,2,treewalker_fullwalk,1304,21,13.046000,11.242000,14.525000
flchain,xgboost,intel,500,4,2,treewalker,1304,21,10.466000,9.134000,12.256000
flchain,xgboost,intel,500,4,2,tl2cgen,1304,21,6.727000,6.016000,6.944000
flchain,xgboost,intel,500,4,2,xgboost_native,1304,21,292.069000,287.665000,296.036000
flchain,lightgbm,intel,500,4,32,treewalker_fullwalk,1304,21,139.087000,136.302000,142.355000
flchain,lightgbm,intel,500,4,32,treewalker,1304,21,27.058000,25.664000,29.937000
flchain,lightgbm,intel,500,4,32,lleaves,1304,21,50.753000,45.227000,52.035000
flchain,lightgbm,intel,500,4,32,tl2cgen,1304,21,103.735000,89.928000,108.100000
flchain,lightgbm,intel,500,4,32,lightgbm_native,1304,21,262.058000,254.111000,272.398000
flchain,lightgbm,intel,500,4,32,quickscorer,1304,21,37.557000,33.607000,47.424000
flchain,xgboost,intel,500,4,32,treewalker_fullwalk,1304,21,159.009000,145.023000,167.017000
flchain,xgboost,intel,500,4,32,treewalker,1304,21,25.684000,23.750000,27.697000
flchain,xgboost,intel,500,4,32,tl2cgen,1304,21,111.598000,106.153000,115.930000
flchain,xgboost,intel,500,4,32,xgboost_native,1304,21,292.993000,289.349000,294.879000
flchain,lightgbm,intel,500,4,4,treewalker_fullwalk,1304,21,20.447000,19.949000,22.048000
flchain,lightgbm,intel,500,4,4,treewalker,1304,21,12.561000,11.661000,14.401000
flchain,lightgbm,intel,500,4,4,lleaves,1304,21,10.298000,9.967000,11.256000
flchain,lightgbm,intel,500,4,4,tl2cgen,1304,21,16.807000,16.359000,18.045000
flchain,lightgbm,intel,500,4,4,lightgbm_native,1304,21,50.493000,48.286000,56.480000
flchain,lightgbm,intel,500,4,4,quickscorer,1304,21,4.682000,4.086000,5.878000
flchain,xgboost,intel,500,4,4,treewalker_fullwalk,1304,21,23.307000,22.507000,25.086000
flchain,xgboost,intel,500,4,4,treewalker,1304,21,13.089000,11.098000,14.992000
flchain,xgboost,intel,500,4,4,tl2cgen,1304,21,13.107000,11.674000,13.134000
flchain,xgboost,intel,500,4,4,xgboost_native,1304,21,291.837000,287.307000,296.195000
flchain,lightgbm,intel,500,4,64,treewalker_fullwalk,1304,21,265.105000,260.966000,271.589000
flchain,lightgbm,intel,500,4,64,treewalker,1304,21,36.223000,32.736000,39.611000
flchain,lightgbm,intel,500,4,64,lleaves,1304,21,91.307000,90.344000,93.083000
flchain,lightgbm,intel,500,4,64,tl2cgen,1304,21,201.999000,198.715000,207.165000
flchain,lightgbm,intel,500,4,64,lightgbm_native,1304,21,478.163000,469.912000,490.270000
flchain,lightgbm,intel,500,4,64,quickscorer,1304,21,79.946000,70.294000,99.744000
flchain,xgboost,intel,500,4,64,treewalker_fullwalk,1304,21,303.593000,300.099000,307.680000
flchain,xgboost,intel,500,4,64,treewalker,1304,21,37.160000,35.814000,40.126000
flchain,xgboost,intel,500,4,64,tl2cgen,1304,21,218.154000,215.429000,225.016000
flchain,xgboost,intel,500,4,64,xgboost_native,1304,21,292.468000,278.825000,295.162000
flchain,lightgbm,intel,500,4,8,treewalker_fullwalk,1304,21,39.451000,38.426000,43.024000
flchain,lightgbm,intel,500,4,8,treewalker,1304,21,16.631000,15.349000,19.662000
flchain,lightgbm,intel,500,4,8,lleaves,1304,21,18.593000,17.871000,20.185000
flchain,lightgbm,intel,500,4,8,tl2cgen,1304,21,31.835000,31.082000,34.283000
flchain,lightgbm,intel,500,4,8,lightgbm_native,1304,21,92.749000,86.993000,104.571000
flchain,lightgbm,intel,500,4,8,quickscorer,1304,21,10.278000,8.260000,15.226000
flchain,xgboost,intel,500,4,8,treewalker_fullwalk,1304,21,43.632000,38.069000,46.032000
flchain,xgboost,intel,500,4,8,treewalker,1304,21,15.527000,14.754000,18.017000
flchain,xgboost,intel,500,4,8,tl2cgen,1304,21,26.574000,25.728000,27.213000
flchain,xgboost,intel,500,4,8,xgboost_native,1304,21,292.324000,288.841000,301.327000
flchain,lightgbm,intel,500,8,1,treewalker_fullwalk,1304,21,15.631000,14.762000,17.843000
flchain,lightgbm,intel,500,8,1,treewalker,1304,21,15.597000,14.963000,18.018000
flchain,lightgbm,intel,500,8,1,lleaves,1304,21,6.795000,6.603000,8.071000
flchain,lightgbm,intel,500,8,1,tl2cgen,1304,21,10.439000,9.240000,11.509000
flchain,lightgbm,intel,500,8,1,lightgbm_native,1304,21,31.586000,30.732000,33.943000
flchain,lightgbm,intel,500,8,1,quickscorer,1304,21,7.948000,5.679000,12.772000
flchain,xgboost,intel,500,8,1,treewalker_fullwalk,1304,21,17.441000,16.851000,20.453000
flchain,xgboost,intel,500,8,1,treewalker,1304,21,17.486000,16.448000,20.278000
flchain,xgboost,intel,500,8,1,tl2cgen,1304,21,4.302000,3.796000,4.316000
flchain,xgboost,intel,500,8,1,xgboost_native,1304,21,291.547000,285.332000,297.483000
flchain,lightgbm,intel,500,8,128,treewalker_fullwalk,1304,21,1099.159000,1077.069000,1130.508000
flchain,lightgbm,intel,500,8,128,treewalker,1304,21,157.620000,149.003000,161.824000
flchain,lightgbm,intel,500,8,128,lleaves,1304,21,307.541000,283.732000,325.806000
flchain,lightgbm,intel,500,8,128,tl2cgen,1304,21,910.992000,885.246000,971.501000
flchain,lightgbm,intel,500,8,128,lightgbm_native,1304,21,2036.956000,1986.024000,2083.128000
flchain,xgboost,intel,500,8,128,treewalker_fullwalk,1304,11,1211.913000,1205.525000,1217.982000
flchain,xgboost,intel,500,8,128,treewalker,1304,11,155.785000,151.909000,159.620000
flchain,xgboost,intel,500,8,128,tl2cgen,1304,11,585.004000,559.274000,593.961000
flchain,xgboost,intel,500,8,128,xgboost_native,1304,11,293.571000,290.740000,298.136000
flchain,lightgbm,intel,500,8,16,treewalker_fullwalk,1304,21,174.483000,170.025000,184.064000
flchain,lightgbm,intel,500,8,16,treewalker,1304,21,59.581000,57.031000,63.144000
flchain,lightgbm,intel,500,8,16,lleaves,1304,21,59.854000,58.754000,64.377000
flchain,lightgbm,intel,500,8,16,tl2cgen,1304,21,138.500000,122.662000,147.614000
flchain,lightgbm,intel,500,8,16,lightgbm_native,1304,21,383.350000,365.315000,396.511000
flchain,xgboost,intel,500,8,16,treewalker_fullwalk,1304,21,195.826000,192.487000,202.974000
flchain,xgboost,intel,500,8,16,treewalker,1304,21,60.365000,52.108000,63.983000
flchain,xgboost,intel,500,8,16,tl2cgen,1304,21,74.025000,67.179000,76.675000
flchain,xgboost,intel,500,8,16,xgboost_native,1304,21,292.262000,288.819000,294.491000
flchain,lightgbm,intel,500,8,2,treewalker_fullwalk,1304,21,29.328000,27.550000,33.016000
flchain,lightgbm,intel,500,8,2,treewalker,1304,21,23.519000,21.189000,29.441000
flchain,lightgbm,intel,500,8,2,lleaves,1304,21,12.247000,10.514000,15.356000
flchain,lightgbm,intel,500,8,2,tl2cgen,1304,21,22.087000,19.146000,25.790000
flchain,lightgbm,intel,500,8,2,lightgbm_native,1304,21,58.049000,51.738000,63.504000
flchain,xgboost,intel,500,8,2,treewalker_fullwalk,1304,21,36.818000,32.866000,40.179000
flchain,xgboost,intel,500,8,2,treewalker,1304,21,28.272000,25.589000,32.840000
flchain,xgboost,intel,500,8,2,tl2cgen,1304,21,9.596000,8.412000,9.713000
flchain,xgboost,intel,500,8,2,xgboost_native,1304,21,291.991000,261.057000,298.359000
flchain,lightgbm,intel,500,8,32,treewalker_fullwalk,1304,21,323.356000,315.267000,334.133000
flchain,lightgbm,intel,500,8,32,treewalker,1304,21,78.278000,77.010000,84.519000
flchain,lightgbm,intel,500,8,32,lleaves,1304,21,103.735000,98.760000,110.591000
flchain,lightgbm,intel,500,8,32,tl2cgen,1304,21,272.540000,256.620000,294.802000
flchain,lightgbm,intel,500,8,32,lightgbm_native,1304,21,692.406000,655.741000,724.954000
flchain,xgboost,intel,500,8,32,treewalker_fullwalk,1304,21,355.261000,347.983000,369.291000
flchain,xgboost,intel,500,8,32,treewalker,1304,21,76.232000,72.436000,81.116000
flchain,xgboost,intel,500,8,32,tl2cgen,1304,21,159.340000,147.728000,162.880000
flchain,xgboost,intel,500,8,32,xgboost_native,1304,21,292.469000,287.915000,296.376000
flchain,lightgbm,intel,500,8,4,treewalker_fullwalk,1304,21,54.006000,51.005000,58.914000
flchain,lightgbm,intel,500,8,4,treewalker,1304,21,33.333000,32.212000,38.364000
flchain,lightgbm,intel,500,8,4,lleaves,1304,21,21.818000,19.813000,24.573000
flchain,lightgbm,intel,500,8,4,tl2cgen,1304,21,41.743000,37.528000,43.954000
flchain,lightgbm,intel,500,8,4,lightgbm_native,1304,21,108.106000,101.315000,119.876000
flchain,xgboost,intel,500,8,4,treewalker_fullwalk,1304,21,67.296000,61.849000,73.023000
flchain,xgboost,intel,500,8,4,treewalker,1304,21,39.001000,36.107000,45.600000
flchain,xgboost,intel,500,8,4,tl2cgen,1304,21,19.716000,17.147000,19.998000
flchain,xgboost,intel,500,8,4,xgboost_native,1304,21,293.764000,287.510000,295.994000
flchain,lightgbm,intel,500,8,64,treewalker_fullwalk,1304,21,582.112000,571.112000,606.155000
flchain,lightgbm,intel,500,8,64,treewalker,1304,21,93.151000,89.402000,99.051000
flchain,lightgbm,intel,500,8,64,lleaves,1304,21,171.694000,165.934000,183.727000
flchain,lightgbm,intel,500,8,64,tl2cgen,1304,21,488.948000,479.600000,519.486000
flchain,lightgbm,intel,500,8,64,lightgbm_native,1304,21,1158.699000,1110.674000,1195.390000
flchain,xgboost,intel,500,8,64,treewalker_fullwalk,1304,21,648.552000,640.685000,654.569000
flchain,xgboost,intel,500,8,64,treewalker,1304,21,96.799000,93.794000,99.174000
flchain,xgboost,intel,500,8,64,tl2cgen,1304,21,314.822000,286.417000,324.061000
flchain,xgboost,intel,500,8,64,xgboost_native,1304,21,293.916000,287.840000,296.873000
flchain,lightgbm,intel,500,8,8,treewalker_fullwalk,1304,21,98.231000,89.418000,107.430000
flchain,lightgbm,intel,500,8,8,treewalker,1304,21,46.757000,42.942000,50.739000
flchain,lightgbm,intel,500,8,8,lleaves,1304,21,36.807000,34.968000,40.253000
flchain,lightgbm,intel,500,8,8,tl2cgen,1304,21,78.721000,74.184000,80.992000
flchain,lightgbm,intel,500,8,8,lightgbm_native,1304,21,215.533000,202.725000,235.728000
flchain,xgboost,intel,500,8,8,treewalker_fullwalk,1304,21,113.696000,108.815000,123.681000
flchain,xgboost,intel,500,8,8,treewalker,1304,21,49.033000,47.834000,55.929000
flchain,xgboost,intel,500,8,8,tl2cgen,1304,21,39.895000,35.643000,40.400000
flchain,xgboost,intel,500,8,8,xgboost_native,1304,21,292.888000,285.365000,294.959000
flchain,lightgbm,intel,50,16,1,treewalker_fullwalk,1304,21,2.997000,2.359000,3.205000
flchain,lightgbm,intel,50,16,1,treewalker,1304,21,3.036000,2.460000,3.221000
flchain,lightgbm,intel,50,16,1,lleaves,1304,21,1.294000,1.072000,1.591000
flchain,lightgbm,intel,50,16,1,tl2cgen,1304,21,1.706000,1.510000,2.125000
flchain,lightgbm,intel,50,16,1,lightgbm_native,1304,21,8.904000,7.492000,9.355000
flchain,xgboost,intel,50,16,1,treewalker_fullwalk,1304,21,3.617000,2.723000,3.988000
flchain,xgboost,intel,50,16,1,treewalker,1304,21,3.635000,2.770000,4.127000
flchain,xgboost,intel,50,16,1,tl2cgen,1304,21,0.344000,0.338000,0.347000
flchain,xgboost,intel,50,16,1,xgboost_native,1304,21,292.923000,283.357000,294.784000
flchain,lightgbm,intel,50,16,128,treewalker_fullwalk,1304,21,246.652000,229.457000,265.739000
flchain,lightgbm,intel,50,16,128,treewalker,1304,21,53.462000,43.327000,63.723000
flchain,lightgbm,intel,50,16,128,lleaves,1304,21,121.326000,96.944000,137.862000
flchain,lightgbm,intel,50,16,128,tl2cgen,1304,21,194.467000,185.648000,204.314000
flchain,lightgbm,intel,50,16,128,lightgbm_native,1304,21,498.752000,474.940000,529.990000
flchain,xgboost,intel,50,16,128,treewalker_fullwalk,1304,21,215.506000,191.184000,232.499000
flchain,xgboost,intel,50,16,128,treewalker,1304,21,34.180000,24.583000,37.652000
flchain,xgboost,intel,50,16,128,tl2cgen,1304,21,38.267000,34.657000,39.647000
flchain,xgboost,intel,50,16,128,xgboost_native,1304,21,292.221000,287.907000,297.698000
flchain,lightgbm,intel,50,16,16,treewalker_fullwalk,1304,21,42.461000,38.116000,46.751000
flchain,lightgbm,intel,50,16,16,treewalker,1304,21,19.660000,17.307000,20.943000
flchain,lightgbm,intel,50,16,16,lleaves,1304,21,20.899000,17.079000,22.670000
flchain,lightgbm,intel,50,16,16,tl2cgen,1304,21,30.803000,26.967000,33.270000
flchain,lightgbm,intel,50,16,16,lightgbm_native,1304,21,86.191000,78.387000,88.400000
flchain,xgboost,intel,50,16,16,treewalker_fullwalk,1304,21,40.904000,29.605000,47.754000
flchain,xgboost,intel,50,16,16,treewalker,1304,21,15.737000,8.994000,17.944000
flchain,xgboost,intel,50,16,16,tl2cgen,1304,21,4.901000,4.225000,5.221000
flchain,xgboost,intel,50,16,16,xgboost_native,1304,21,292.292000,286.650000,293.873000
flchain,lightgbm,intel,50,16,2,treewalker_fullwalk,1304,21,6.568000,5.552000,7.373000
flchain,lightgbm,intel,50,16,2,treewalker,1304,21,5.763000,4.337000,6.119000
flchain,lightgbm,intel,50,16,2,lleaves,1304,21,3.036000,2.213000,3.486000
flchain,lightgbm,intel,50,16,2,tl2cgen,1304,21,4.037000,3.171000,4.622000
flchain,lightgbm,intel,50,16,2,lightgbm_native,1304,21,14.533000,12.334000,16.089000
flchain,xgboost,intel,50,16,2,treewalker_fullwalk,1304,21,7.570000,5.358000,8.813000
flchain,xgboost,intel,50,16,2,treewalker,1304,21,6.579000,3.377000,7.648000
flchain,xgboost,intel,50,16,2,tl2cgen,1304,21,0.782000,0.641000,0.797000
flchain,xgboost,intel,50,16,2,xgboost_native,1304,21,293.531000,287.445000,296.545000
flchain,lightgbm,intel,50,16,32,treewalker_fullwalk,1304,21,74.870000,69.225000,79.763000
flchain,lightgbm,intel,50,16,32,treewalker,1304,21,27.478000,23.129000,29.435000
flchain,lightgbm,intel,50,16,32,lleaves,1304,21,37.961000,30.372000,41.974000
flchain,lightgbm,intel,50,16,32,tl2cgen,1304,21,54.867000,50.159000,57.373000
flchain,lightgbm,intel,50,16,32,lightgbm_native,1304,21,155.794000,144.318000,159.775000
flchain,xgboost,intel,50,16,32,treewalker_fullwalk,1304,21,68.787000,54.813000,78.210000
flchain,xgboost,intel,50,16,32,treewalker,1304,21,18.484000,11.447000,22.528000
flchain,xgboost,intel,50,16,32,tl2cgen,1304,21,10.081000,9.245000,10.799000
flchain,xgboost,intel,50,16,32,xgboost_native,1304,21,292.142000,288.195000,297.805000
flchain,lightgbm,intel,50,16,4,treewalker_fullwalk,1304,21,13.232000,11.858000,13.821000
flchain,lightgbm,intel,50,16,4,treewalker,1304,21,9.423000,7.820000,9.587000
flchain,lightgbm,intel,50,16,4,lleaves,1304,21,6.455000,5.231000,7.223000
flchain,lightgbm,intel,50,16,4,tl2cgen,1304,21,8.563000,7.225000,9.540000
flchain,lightgbm,intel,50,16,4,lightgbm_native,1304,21,25.949000,24.334000,27.044000
flchain,xgboost,intel,50,16,4,treewalker_fullwalk,1304,21,15.158000,9.243000,16.608000
flchain,xgboost,intel,50,16,4,treewalker,1304,21,10.255000,5.160000,11.610000
flchain,xgboost,intel,50,16,4,tl2cgen,1304,21,1.328000,1.241000,1.401000
flchain,xgboost,intel,50,16,4,xgboost_native,1304,21,293.963000,290.621000,299.024000
flchain,lightgbm,intel,50,16,64,treewalker_fullwalk,1304,21,136.775000,127.369000,144.248000
flchain,lightgbm,intel,50,16,64,treewalker,1304,21,36.449000,27.840000,39.608000
flchain,lightgbm,intel,50,16,64,lleaves,1304,21,68.549000,56.261000,77.635000
flchain,lightgbm,intel,50,16,64,tl2cgen,1304,21,105.092000,96.108000,110.793000
flchain,lightgbm,intel,50,16,64,lightgbm_native,1304,21,270.706000,248.677000,287.887000
flchain,xgboost,intel,50,16,64,treewalker_fullwalk,1304,21,121.479000,100.992000,131.617000
flchain,xgboost,intel,50,16,64,treewalker,1304,21,24.526000,15.280000,27.260000
flchain,xgboost,intel,50,16,64,tl2cgen,1304,21,19.780000,18.108000,20.202000
flchain,xgboost,intel,50,16,64,xgboost_native,1304,21,292.960000,275.944000,297.156000
flchain,lightgbm,intel,50,16,8,treewalker_fullwalk,1304,21,23.915000,22.943000,25.921000
flchain,lightgbm,intel,50,16,8,treewalker,1304,21,14.050000,12.471000,14.469000
flchain,lightgbm,intel,50,16,8,lleaves,1304,21,12.281000,10.469000,13.271000
flchain,lightgbm,intel,50,16,8,tl2cgen,1304,21,16.299000,15.253000,16.959000
flchain,lightgbm,intel,50,16,8,lightgbm_native,1304,21,47.782000,43.356000,49.220000
flchain,xgboost,intel,50,16,8,treewalker_fullwalk,1304,21,25.821000,17.212000,29.173000
flchain,xgboost,intel,50,16,8,treewalker,1304,21,12.627000,6.909000,14.829000
flchain,xgboost,intel,50,16,8,tl2cgen,1304,21,2.634000,2.426000,2.855000
flchain,xgboost,intel,50,16,8,xgboost_native,1304,21,292.981000,290.492000,297.715000
flchain,lightgbm,intel,50,2,1,treewalker_fullwalk,1304,21,0.313000,0.250000,0.346000
flchain,lightgbm,intel,50,2,1,treewalker,1304,21,0.454000,0.407000,0.488000
flchain,lightgbm,intel,50,2,1,lleaves,1304,21,0.166000,0.159000,0.171000
flchain,lightgbm,intel,50,2,1,tl2cgen,1304,21,0.227000,0.213000,0.242000
flchain,lightgbm,intel,50,2,1,lightgbm_native,1304,21,4.728000,4.654000,4.784000
flchain,lightgbm,intel,50,2,1,quickscorer,1304,21,0.093000,0.052000,0.125000
flchain,xgboost,intel,50,2,1,treewalker_fullwalk,1304,21,0.386000,0.315000,0.413000
flchain,xgboost,intel,50,2,1,treewalker,1304,21,0.491000,0.415000,0.539000
flchain,xgboost,intel,50,2,1,tl2cgen,1304,21,0.332000,0.288000,0.333000
flchain,xgboost,intel,50,2,1,xgboost_native,1304,21,292.421000,287.864000,294.772000
flchain,lightgbm,intel,50,2,128,treewalker_fullwalk,1304,21,26.301000,23.163000,28.281000
flchain,lightgbm,intel,50,2,128,treewalker,1304,21,8.736000,8.323000,9.383000
flchain,lightgbm,intel,50,2,128,lleaves,1304,21,14.647000,14.251000,14.740000
flchain,lightgbm,intel,50,2,128,tl2cgen,1304,21,19.812000,18.796000,20.582000
flchain,lightgbm,intel,50,2,128,lightgbm_native,1304,21,54.647000,49.067000,57.121000
flchain,lightgbm,intel,50,2,128,quickscorer,1304,21,5.718000,2.694000,8.639000
flchain,xgboost,intel,50,2,128,treewalker_fullwalk,1304,21,33.531000,30.201000,34.638000
flchain,xgboost,intel,50,2,128,treewalker,1304,21,9.425000,8.142000,10.539000
flchain,xgboost,intel,50,2,128,tl2cgen,1304,21,37.876000,32.907000,37.883000
flchain,xgboost,intel,50,2,128,xgboost_native,1304,21,292.989000,287.282000,298.759000
flchain,lightgbm,intel,50,2,16,treewalker_fullwalk,1304,21,3.263000,2.883000,3.818000
flchain,lightgbm,intel,50,2,16,treewalker,1304,21,1.122000,1.056000,1.290000
flchain,lightgbm,intel,50,2,16,lleaves,1304,21,1.907000,1.666000,1.956000
flchain,lightgbm,intel,50,2,16,tl2cgen,1304,21,2.751000,2.430000,3.059000
flchain,lightgbm,intel,50,2,16,lightgbm_native,1304,21,10.619000,8.885000,11.638000
flchain,lightgbm,intel,50,2,16,quickscorer,1304,21,0.942000,0.382000,1.407000
flchain,xgboost,intel,50,2,16,treewalker_fullwalk,1304,21,4.546000,4.402000,4.658000
flchain,xgboost,intel,50,2,16,treewalker,1304,21,1.172000,1.097000,1.309000
flchain,xgboost,intel,50,2,16,tl2cgen,1304,21,4.768000,4.766000,5.075000
flchain,xgboost,intel,50,2,16,xgboost_native,1304,21,292.136000,285.581000,297.106000
flchain,lightgbm,intel,50,2,2,treewalker_fullwalk,1304,21,0.524000,0.463000,0.551000
flchain,lightgbm,intel,50,2,2,treewalker,1304,21,0.610000,0.517000,0.672000
flchain,lightgbm,intel,50,2,2,lleaves,1304,21,0.287000,0.277000,0.297000
flchain,lightgbm,intel,50,2,2,tl2cgen,1304,21,0.428000,0.393000,0.460000
flchain,lightgbm,intel,50,2,2,lightgbm_native,1304,21,5.215000,5.073000,5.338000
flchain,lightgbm,intel,50,2,2,quickscorer,1304,21,0.151000,0.064000,0.219000
flchain,xgboost,intel,50,2,2,treewalker_fullwalk,1304,21,0.629000,0.598000,0.689000
flchain,xgboost,intel,50,2,2,treewalker,1304,21,0.610000,0.502000,0.698000
flchain,xgboost,intel,50,2,2,tl2cgen,1304,21,0.629000,0.628000,0.632000
flchain,xgboost,intel,50,2,2,xgboost_native,1304,21,292.886000,285.260000,300.746000
flchain,lightgbm,intel,50,2,32,treewalker_fullwalk,1304,21,7.117000,6.038000,7.692000
flchain,lightgbm,intel,50,2,32,treewalker,1304,21,1.746000,1.480000,2.022000
flchain,lightgbm,intel,50,2,32,lleaves,1304,21,3.736000,3.710000,3.986000
flchain,lightgbm,intel,50,2,32,tl2cgen,1304,21,5.444000,5.073000,5.621000
flchain,lightgbm,intel,50,2,32,lightgbm_native,1304,21,17.990000,16.253000,18.631000
flchain,lightgbm,intel,50,2,32,quickscorer,1304,21,1.621000,0.795000,2.454000
flchain,xgboost,intel,50,2,32,treewalker_fullwalk,1304,21,8.854000,7.694000,9.162000
flchain,xgboost,intel,50,2,32,treewalker,1304,21,1.633000,1.389000,1.849000
flchain,xgboost,intel,50,2,32,tl2cgen,1304,21,9.500000,8.256000,10.116000
flchain,xgboost,intel,50,2,32,xgboost_native,1304,21,293.065000,289.423000,295.098000
flchain,lightgbm,intel,50,2,4,treewalker_fullwalk,1304,21,0.902000,0.776000,1.001000
flchain,lightgbm,intel,50,2,4,treewalker,1304,21,0.746000,0.665000,0.811000
flchain,lightgbm,intel,50,2,4,lleaves,1304,21,0.526000,0.505000,0.541000
flchain,lightgbm,intel,50,2,4,tl2cgen,1304,21,0.792000,0.713000,0.861000
flchain,lightgbm,intel,50,2,4,lightgbm_native,1304,21,6.197000,5.855000,6.373000
flchain,lightgbm,intel,50,2,4,quickscorer,1304,21,0.237000,0.122000,0.417000
flchain,xgboost,intel,50,2,4,treewalker_fullwalk,1304,21,1.140000,0.989000,1.199000
flchain,xgboost,intel,50,2,4,treewalker,1304,21,0.688000,0.640000,0.808000
flchain,xgboost,intel,50,2,4,tl2cgen,1304,21,1.221000,1.061000,1.223000
flchain,xgboost,intel,50,2,4,xgboost_native,1304,21,292.101000,284.433000,295.012000
flchain,lightgbm,intel,50,2,64,treewalker_fullwalk,1304,21,13.119000,12.071000,14.575000
flchain,lightgbm,intel,50,2,64,treewalker,1304,21,2.658000,2.302000,2.871000
flchain,lightgbm,intel,50,2,64,lleaves,1304,21,7.392000,7.247000,7.637000
flchain,lightgbm,intel,50,2,64,tl2cgen,1304,21,10.154000,9.845000,10.604000
flchain,lightgbm,intel,50,2,64,lightgbm_native,1304,21,30.256000,27.528000,31.482000
flchain,lightgbm,intel,50,2,64,quickscorer,1304,21,3.006000,1.388000,4.682000
flchain,xgboost,intel,50,2,64,treewalker_fullwalk,1304,21,17.448000,15.386000,18.232000
flchain,xgboost,intel,50,2,64,treewalker,1304,21,3.031000,2.869000,3.638000
flchain,xgboost,intel,50,2,64,tl2cgen,1304,21,18.945000,16.454000,18.956000
flchain,xgboost,intel,50,2,64,xgboost_native,1304,21,293.082000,290.390000,295.559000
flchain,lightgbm,intel,50,2,8,treewalker_fullwalk,1304,21,1.819000,1.490000,1.938000
flchain,lightgbm,intel,50,2,8,treewalker,1304,21,0.894000,0.807000,0.972000
flchain,lightgbm,intel,50,2,8,lleaves,1304,21,0.987000,0.973000,1.013000
flchain,lightgbm,intel,50,2,8,tl2cgen,1304,21,1.550000,1.351000,1.666000
flchain,lightgbm,intel,50,2,8,lightgbm_native,1304,21,7.920000,7.378000,8.332000
flchain,lightgbm,intel,50,2,8,quickscorer,1304,21,0.465000,0.226000,0.713000
flchain,xgboost,intel,50,2,8,treewalker_fullwalk,1304,21,2.283000,2.244000,2.358000
flchain,xgboost,intel,50,2,8,treewalker,1304,21,0.853000,0.773000,0.968000
flchain,xgboost,intel,50,2,8,tl2cgen,1304,21,2.401000,2.089000,2.406000
flchain,xgboost,intel,50,2,8,xgboost_native,1304,21,291.950000,287.252000,296.462000
flchain,lightgbm,intel,50,4,1,treewalker_fullwalk,1304,21,0.643000,0.552000,0.796000
flchain,lightgbm,intel,50,4,1,treewalker,1304,21,0.741000,0.648000,0.926000
flchain,lightgbm,intel,50,4,1,lleaves,1304,21,0.206000,0.189000,0.245000
flchain,lightgbm,intel,50,4,1,tl2cgen,1304,21,0.388000,0.335000,0.451000
flchain,lightgbm,intel,50,4,1,lightgbm_native,1304,21,5.274000,5.134000,5.421000
flchain,lightgbm,intel,50,4,1,quickscorer,1304,21,0.284000,0.254000,0.329000
flchain,xgboost,intel,50,4,1,treewalker_fullwalk,1304,21,0.725000,0.670000,0.902000
flchain,xgboost,intel,50,4,1,treewalker,1304,21,0.763000,0.699000,0.968000
flchain,xgboost,intel,50,4,1,tl2cgen,1304,21,0.335000,0.294000,0.357000
flchain,xgboost,intel,50,4,1,xgboost_native,1304,21,291.100000,284.393000,293.092000
flchain,lightgbm,intel,50,4,128,treewalker_fullwalk,1304,21,54.230000,51.125000,56.441000
flchain,lightgbm,intel,50,4,128,treewalker,1304,21,12.578000,12.275000,13.628000
flchain,lightgbm,intel,50,4,128,lleaves,1304,21,17.033000,16.633000,18.113000
flchain,lightgbm,intel,50,4,128,tl2cgen,1304,21,31.471000,30.441000,33.369000
flchain,lightgbm,intel,50,4,128,lightgbm_native,1304,21,103.124000,97.622000,105.791000
flchain,lightgbm,intel,50,4,128,quickscorer,1304,21,29.271000,25.127000,35.604000
flchain,xgboost,intel,50,4,128,treewalker_fullwalk,1304,21,62.187000,60.657000,63.573000
flchain,xgboost,intel,50,4,128,treewalker,1304,21,13.007000,12.609000,14.343000
flchain,xgboost,intel,50,4,128,tl2cgen,1304,21,37.900000,37.866000,37.911000
flchain,xgboost,intel,50,4,128,xgboost_native,1304,21,293.347000,290.701000,297.536000
flchain,lightgbm,intel,50,4,16,treewalker_fullwalk,1304,21,7.201000,6.868000,7.697000
flchain,lightgbm,intel,50,4,16,treewalker,1304,21,2.169000,1.988000,2.425000
flchain,lightgbm,intel,50,4,16,lleaves,1304,21,2.487000,2.206000,2.769000
flchain,lightgbm,intel,50,4,16,tl2cgen,1304,21,4.654000,4.297000,5.205000
flchain,lightgbm,intel,50,4,16,lightgbm_native,1304,21,18.062000,16.216000,19.203000
flchain,lightgbm,intel,50,4,16,quickscorer,1304,21,3.822000,3.115000,4.723000
flchain,xgboost,intel,50,4,16,treewalker_fullwalk,1304,21,8.228000,8.076000,8.666000
flchain,xgboost,intel,50,4,16,treewalker,1304,21,1.960000,1.811000,2.258000
flchain,xgboost,intel,50,4,16,tl2cgen,1304,21,4.776000,4.774000,4.789000
flchain,xgboost,intel,50,4,16,xgboost_native,1304,21,291.871000,283.637000,295.136000
flchain,lightgbm,intel,50,4,2,treewalker_fullwalk,1304,21,1.129000,0.956000,1.357000
flchain,lightgbm,intel,50,4,2,treewalker,1304,21,1.085000,0.794000,1.331000
flchain,lightgbm,intel,50,4,2,lleaves,1304,21,0.389000,0.330000,0.446000
flchain,lightgbm,intel,50,4,2,tl2cgen,1304,21,0.760000,0.628000,0.858000
flchain,lightgbm,intel,50,4,2,lightgbm_native,1304,21,6.254000,5.965000,6.584000
flchain,lightgbm,intel,50,4,2,quickscorer,1304,21,0.528000,0.452000,0.623000
flchain,xgboost,intel,50,4,2,treewalker_fullwalk,1304,21,1.236000,1.122000,1.418000
flchain,xgboost,intel,50,4,2,treewalker,1304,21,1.083000,0.806000,1.299000
flchain,xgboost,intel,50,4,2,tl2cgen,1304,21,0.631000,0.630000,0.633000
flchain,xgboost,intel,50,4,2,xgboost_native,1304,21,292.258000,280.821000,294.560000
flchain,lightgbm,intel,50,4,32,treewalker_fullwalk,1304,21,14.557000,14.081000,15.095000
flchain,lightgbm,intel,50,4,32,treewalker,1304,21,3.001000,2.632000,3.506000
flchain,lightgbm,intel,50,4,32,lleaves,1304,21,4.665000,4.248000,5.007000
flchain,lightgbm,intel,50,4,32,tl2cgen,1304,21,8.612000,8.404000,9.089000
flchain,lightgbm,intel,50,4,32,lightgbm_native,1304,21,30.381000,28.191000,31.522000
flchain,lightgbm,intel,50,4,32,quickscorer,1304,21,7.773000,7.019000,9.444000
flchain,xgboost,intel,50,4,32,treewalker_fullwalk,1304,21,16.313000,16.087000,16.720000
flchain,xgboost,intel,50,4,32,treewalker,1304,21,2.949000,2.740000,3.349000
flchain,xgboost,intel,50,4,32,tl2cgen,1304,21,9.505000,9.503000,9.509000
flchain,xgboost,intel,50,4,32,xgboost_native,1304,21,292.395000,289.914000,295.219000
flchain,lightgbm,intel,50,4,4,treewalker_fullwalk,1304,21,1.912000,1.736000,2.207000
flchain,lightgbm,intel,50,4,4,treewalker,1304,21,1.209000,1.020000,1.479000
flchain,lightgbm,intel,50,4,4,lleaves,1304,21,0.770000,0.602000,0.886000
flchain,lightgbm,intel,50,4,4,tl2cgen,1304,21,1.397000,1.213000,1.638000
flchain,lightgbm,intel,50,4,4,lightgbm_native,1304,21,8.079000,7.542000,8.691000
flchain,lightgbm,intel,50,4,4,quickscorer,1304,21,0.967000,0.773000,1.163000
flchain,xgboost,intel,50,4,4,treewalker_fullwalk,1304,21,2.253000,2.112000,2.501000
flchain,xgboost,intel,50,4,4,treewalker,1304,21,1.314000,1.033000,1.557000
flchain,xgboost,intel,50,4,4,tl2cgen,1304,21,1.226000,1.224000,1.304000
flchain,xgboost,intel,50,4,4,xgboost_native,1304,21,292.871000,290.531000,294.997000
flchain,lightgbm,intel,50,4,64,treewalker_fullwalk,1304,21,27.698000,26.709000,29.391000
flchain,lightgbm,intel,50,4,64,treewalker,1304,21,4.567000,4.435000,5.352000
flchain,lightgbm,intel,50,4,64,lleaves,1304,21,8.612000,8.298000,9.147000
flchain,lightgbm,intel,50,4,64,tl2cgen,1304,21,16.109000,15.678000,16.421000
flchain,lightgbm,intel,50,4,64,lightgbm_native,1304,21,54.920000,51.998000,56.853000
flchain,lightgbm,intel,50,4,64,quickscorer,1304,21,15.964000,13.940000,18.621000
flchain,xgboost,intel,50,4,64,treewalker_fullwalk,1304,21,32.008000,31.282000,33.888000
flchain,xgboost,intel,50,4,64,treewalker,1304,21,5.159000,4.868000,6.042000
flchain,xgboost,intel,50,4,64,tl2cgen,1304,21,18.982000,18.971000,19.003000
flchain,xgboost,intel,50,4,64,xgboost_native,1304,21,291.804000,290.170000,294.258000
flchain,lightgbm,intel,50,4,8,treewalker_fullwalk,1304,21,3.624000,3.520000,4.091000
flchain,lightgbm,intel,50,4,8,treewalker,1304,21,1.549000,1.475000,1.894000
flchain,lightgbm,intel,50,4,8,lleaves,1304,21,1.339000,1.177000,1.590000
flchain,lightgbm,intel,50,4,8,tl2cgen,1304,21,2.535000,2.353000,3.038000
flchain,lightgbm,intel,50,4,8,lightgbm_native,1304,21,11.604000,10.766000,12.833000
flchain,lightgbm,intel,50,4,8,quickscorer,1304,21,1.982000,1.662000,2.431000
flchain,xgboost,intel,50,4,8,treewalker_fullwalk,1304,21,4.278000,3.935000,4.569000
flchain,xgboost,intel,50,4,8,treewalker,1304,21,1.557000,1.393000,1.824000
flchain,xgboost,intel,50,4,8,tl2cgen,1304,21,2.407000,2.092000,2.409000
flchain,xgboost,intel,50,4,8,xgboost_native,1304,21,291.683000,289.334000,294.358000
flchain,lightgbm,intel,50,8,1,treewalker_fullwalk,1304,21,1.841000,1.607000,2.049000
flchain,lightgbm,intel,50,8,1,treewalker,1304,21,1.788000,1.578000,2.145000
flchain,lightgbm,intel,50,8,1,lleaves,1304,21,0.686000,0.509000,0.780000
flchain,lightgbm,intel,50,8,1,tl2cgen,1304,21,1.066000,0.905000,1.191000
flchain,lightgbm,intel,50,8,1,lightgbm_native,1304,21,7.167000,6.775000,7.690000
flchain,lightgbm,intel,50,8,1,quickscorer,1304,21,1.449000,1.075000,2.484000
flchain,xgboost,intel,50,8,1,treewalker_fullwalk,1304,21,2.072000,1.760000,2.187000
flchain,xgboost,intel,50,8,1,treewalker,1304,21,2.027000,1.846000,2.246000
flchain,xgboost,intel,50,8,1,tl2cgen,1304,21,0.346000,0.338000,0.353000
flchain,xgboost,intel,50,8,1,xgboost_native,1304,21,292.251000,289.662000,295.020000
flchain,lightgbm,intel,50,8,128,treewalker_fullwalk,1304,21,114.720000,108.211000,121.077000
flchain,lightgbm,intel,50,8,128,treewalker,1304,21,19.522000,19.155000,21.438000
flchain,lightgbm,intel,50,8,128,lleaves,1304,21,29.820000,24.892000,34.419000
flchain,lightgbm,intel,50,8,128,tl2cgen,1304,21,55.179000,52.398000,56.449000
flchain,lightgbm,intel,50,8,128,lightgbm_native,1304,21,200.518000,194.691000,211.307000
flchain,xgboost,intel,50,8,128,treewalker_fullwalk,1304,21,129.233000,124.486000,132.982000
flchain,xgboost,intel,50,8,128,treewalker,1304,21,19.842000,17.569000,21.451000
flchain,xgboost,intel,50,8,128,tl2cgen,1304,21,39.119000,37.971000,41.379000
flchain,xgboost,intel,50,8,128,xgboost_native,1304,21,293.144000,291.009000,298.210000
flchain,lightgbm,intel,50,8,16,treewalker_fullwalk,1304,21,18.817000,14.760000,20.310000
flchain,lightgbm,intel,50,8,16,treewalker,1304,21,6.303000,5.752000,7.270000
flchain,lightgbm,intel,50,8,16,lleaves,1304,21,5.894000,4.617000,7.190000
flchain,lightgbm,intel,50,8,16,tl2cgen,1304,21,9.585000,8.690000,10.825000
flchain,lightgbm,intel,50,8,16,lightgbm_native,1304,21,35.806000,33.071000,38.966000
flchain,xgboost,intel,50,8,16,treewalker_fullwalk,1304,21,22.361000,19.147000,23.870000
flchain,xgboost,intel,50,8,16,treewalker,1304,21,6.571000,5.299000,7.101000
flchain,xgboost,intel,50,8,16,tl2cgen,1304,21,4.924000,4.796000,4.968000
flchain,xgboost,intel,50,8,16,xgboost_native,1304,21,292.916000,290.226000,296.801000
flchain,lightgbm,intel,50,8,2,treewalker_fullwalk,1304,21,3.413000,2.422000,3.965000
flchain,lightgbm,intel,50,8,2,treewalker,1304,21,3.009000,1.686000,3.583000
flchain,lightgbm,intel,50,8,2,lleaves,1304,21,1.258000,0.680000,1.580000
flchain,lightgbm,intel,50,8,2,tl2cgen,1304,21,2.007000,1.240000,2.428000
flchain,lightgbm,intel,50,8,2,lightgbm_native,1304,21,9.852000,7.904000,10.409000
flchain,xgboost,intel,50,8,2,treewalker_fullwalk,1304,21,4.111000,3.725000,4.713000
flchain,xgboost,intel,50,8,2,treewalker,1304,21,3.496000,1.972000,3.949000
flchain,xgboost,intel,50,8,2,tl2cgen,1304,21,0.674000,0.645000,0.694000
flchain,xgboost,intel,50,8,2,xgboost_native,1304,21,292.656000,286.880000,295.796000
flchain,lightgbm,intel,50,8,32,treewalker_fullwalk,1304,21,32.367000,30.572000,35.244000
flchain,lightgbm,intel,50,8,32,treewalker,1304,21,7.897000,6.857000,8.643000
flchain,lightgbm,intel,50,8,32,lleaves,1304,21,9.407000,7.873000,11.276000
flchain,lightgbm,intel,50,8,32,tl2cgen,1304,21,16.705000,15.712000,17.944000
flchain,lightgbm,intel,50,8,32,lightgbm_native,1304,21,60.635000,56.290000,64.295000
flchain,xgboost,intel,50,8,32,treewalker_fullwalk,1304,21,38.945000,34.222000,40.821000
flchain,xgboost,intel,50,8,32,treewalker,1304,21,8.280000,6.174000,9.206000
flchain,xgboost,intel,50,8,32,tl2cgen,1304,21,9.623000,8.420000,9.894000
flchain,xgboost,intel,50,8,32,xgboost_native,1304,21,292.437000,288.137000,295.001000
flchain,lightgbm,intel,50,8,4,treewalker_fullwalk,1304,21,5.827000,4.916000,6.936000
flchain,lightgbm,intel,50,8,4,treewalker,1304,21,4.107000,2.863000,5.023000
flchain,lightgbm,intel,50,8,4,lleaves,1304,21,2.227000,1.566000,2.538000
flchain,lightgbm,intel,50,8,4,tl2cgen,1304,21,3.495000,2.649000,3.927000
flchain,lightgbm,intel,50,8,4,lightgbm_native,1304,21,14.921000,12.378000,15.685000
flchain,xgboost,intel,50,8,4,treewalker_fullwalk,1304,21,7.553000,5.192000,9.118000
flchain,xgboost,intel,50,8,4,treewalker,1304,21,4.398000,2.734000,5.529000
flchain,xgboost,intel,50,8,4,tl2cgen,1304,21,1.274000,1.116000,1.300000
flchain,xgboost,intel,50,8,4,xgboost_native,1304,21,292.683000,288.653000,296.752000
flchain,lightgbm,intel,50,8,64,treewalker_fullwalk,1304,21,58.916000,55.107000,63.881000
flchain,lightgbm,intel,50,8,64,treewalker,1304,21,10.621000,8.773000,11.647000
flchain,lightgbm,intel,50,8,64,lleaves,1304,21,17.645000,13.940000,20.893000
flchain,lightgbm,intel,50,8,64,tl2cgen,1304,21,31.074000,30.204000,32.074000
flchain,lightgbm,intel,50,8,64,lightgbm_native,1304,21,112.095000,103.912000,115.245000
flchain,xgboost,intel,50,8,64,treewalker_fullwalk,1304,21,68.329000,62.076000,72.243000
flchain,xgboost,intel,50,8,64,treewalker,1304,21,11.117000,9.398000,11.845000
flchain,xgboost,intel,50,8,64,tl2cgen,1304,21,19.146000,16.988000,20.242000
flchain,xgboost,intel,50,8,64,xgboost_native,1304,21,292.005000,286.742000,296.568000
flchain,lightgbm,intel,50,8,8,treewalker_fullwalk,1304,21,9.872000,8.756000,12.413000
flchain,lightgbm,intel,50,8,8,treewalker,1304,21,4.956000,3.912000,6.270000
flchain,lightgbm,intel,50,8,8,lleaves,1304,21,3.683000,2.692000,4.739000
flchain,lightgbm,intel,50,8,8,tl2cgen,1304,21,5.816000,4.850000,7.116000
flchain,lightgbm,intel,50,8,8,lightgbm_native,1304,21,22.585000,19.657000,25.729000
flchain,xgboost,intel,50,8,8,treewalker_fullwalk,1304,21,13.229000,10.694000,14.854000
flchain,xgboost,intel,50,8,8,treewalker,1304,21,5.806000,4.235000,6.589000
flchain,xgboost,intel,50,8,8,tl2cgen,1304,21,2.489000,2.431000,2.527000
flchain,xgboost,intel,50,8,8,xgboost_native,1304,21,293.116000,281.462000,297.999000
support,lightgbm,intel,1000,16,1,treewalker_fullwalk,1774,21,76.834000,69.803000,78.914000
support,lightgbm,intel,1000,16,1,treewalker,1774,21,76.860000,70.778000,77.873000
support,lightgbm,intel,1000,16,1,lleaves,1774,21,119.827000,110.704000,124.596000
support,lightgbm,intel,1000,16,1,tl2cgen,1774,21,178.884000,169.262000,184.088000
support,lightgbm,intel,1000,16,1,lightgbm_native,1774,21,246.814000,239.213000,251.488000
support,xgboost,intel,1000,16,1,treewalker_fullwalk,1774,21,79.202000,72.820000,81.226000
support,xgboost,intel,1000,16,1,treewalker,1774,21,79.774000,74.519000,81.043000
support,xgboost,intel,1000,16,1,tl2cgen,1774,21,10.144000,8.776000,10.325000
support,xgboost,intel,1000,16,1,xgboost_native,1774,21,290.667000,284.990000,293.814000
support,lightgbm,intel,1000,16,128,treewalker_fullwalk,1774,11,4445.150000,4411.088000,4501.145000
support,lightgbm,intel,1000,16,128,treewalker,1774,11,1231.477000,1220.418000,1289.535000
support,lightgbm,intel,1000,16,128,lleaves,1774,11,2856.641000,2816.605000,2930.099000
support,lightgbm,intel,1000,16,128,tl2cgen,1774,11,22758.123000,22414.325000,22869.697000
support,lightgbm,intel,1000,16,128,lightgbm_native,1774,11,43908.248000,43549.919000,44413.783000
support,xgboost,intel,1000,16,128,treewalker_fullwalk,1774,11,4155.213000,4147.660000,4176.606000
support,xgboost,intel,1000,16,128,treewalker,1774,11,844.081000,838.715000,859.171000
support,xgboost,intel,1000,16,128,tl2cgen,1774,11,2146.569000,2130.696000,2191.071000
support,xgboost,intel,1000,16,128,xgboost_native,1774,11,293.687000,291.959000,296.127000
support,lightgbm,intel,1000,16,16,treewalker_fullwalk,1774,11,1044.729000,1041.486000,1058.392000
support,lightgbm,intel,1000,16,16,treewalker,1774,11,572.535000,562.526000,589.502000
support,lightgbm,intel,1000,16,16,lleaves,1774,11,1038.104000,1027.127000,1060.277000
support,lightgbm,intel,1000,16,16,tl2cgen,1774,11,4399.086000,4365.548000,4456.722000
support,lightgbm,intel,1000,16,16,lightgbm_native,1774,11,6344.201000,6309.256000,6421.252000
support,xgboost,intel,1000,16,16,treewalker_fullwalk,1774,13,968.217000,957.630000,981.037000
support,xgboost,intel,1000,16,16,treewalker,1774,13,462.967000,456.514000,469.911000
support,xgboost,intel,1000,16,16,tl2cgen,1774,13,337.140000,326.605000,342.770000
support,xgboost,intel,1000,16,16,xgboost_native,1774,13,291.790000,290.941000,296.492000
support,lightgbm,intel,1000,16,2,treewalker_fullwalk,1774,11,169.506000,167.065000,174.397000
support,lightgbm,intel,1000,16,2,treewalker,1774,11,167.165000,164.260000,176.361000
support,lightgbm,intel,1000,16,2,lleaves,1774,11,290.053000,287.004000,302.819000
support,lightgbm,intel,1000,16,2,tl2cgen,1774,11,449.546000,443.234000,456.123000
support,lightgbm,intel,1000,16,2,lightgbm_native,1774,11,523.336000,513.567000,531.212000
support,xgboost,intel,1000,16,2,treewalker_fullwalk,1774,11,183.796000,179.877000,187.652000
support,xgboost,intel,1000,16,2,treewalker,1774,11,178.022000,175.758000,181.741000
support,xgboost,intel,1000,16,2,tl2cgen,1774,11,29.871000,29.655000,30.301000
support,xgboost,intel,1000,16,2,xgboost_native,1774,11,291.659000,287.154000,294.001000
support,lightgbm,intel,1000,16,32,treewalker_fullwalk,1774,11,1758.025000,1743.533000,1771.691000
support,lightgbm,intel,1000,16,32,treewalker,1774,11,758.215000,747.231000,793.906000
support,lightgbm,intel,1000,16,32,lleaves,1774,11,1442.968000,1421.587000,1478.486000
support,lightgbm,intel,1000,16,32,tl2cgen,1774,11,8865.907000,8744.570000,8974.308000
support,lightgbm,intel,1000,16,32,lightgbm_native,1774,11,13481.518000,13424.157000,13540.473000
support,xgboost,intel,1000,16,32,treewalker_fullwalk,1774,21,1608.829000,1593.630000,1625.031000
support,xgboost,intel,1000,16,32,treewalker,1774,21,560.857000,552.476000,574.029000
support,xgboost,intel,1000,16,32,tl2cgen,1774,21,693.002000,659.730000,737.902000
support,xgboost,intel,1000,16,32,xgboost_native,1774,21,292.054000,288.374000,293.935000
support,lightgbm,intel,1000,16,4,treewalker_fullwalk,1774,11,350.929000,341.883000,358.830000
support,lightgbm,intel,1000,16,4,treewalker,1774,11,288.919000,278.854000,293.221000
support,lightgbm,intel,1000,16,4,lleaves,1774,11,501.611000,492.767000,521.312000
support,lightgbm,intel,1000,16,4,tl2cgen,1774,11,951.402000,947.020000,962.129000
support,lightgbm,intel,1000,16,4,lightgbm_native,1774,11,1221.402000,1213.751000,1234.005000
support,xgboost,intel,1000,16,4,treewalker_fullwalk,1774,21,362.147000,343.118000,369.699000
support,xgboost,intel,1000,16,4,treewalker,1774,21,283.992000,273.350000,288.272000
support,xgboost,intel,1000,16,4,tl2cgen,1774,21,69.044000,60.108000,70.699000
support,xgboost,intel,1000,16,4,xgboost_native,1774,21,290.869000,266.063000,294.959000
support,lightgbm,intel,1000,16,64,treewalker_fullwalk,1774,11,2771.374000,2752.537000,2787.516000
support,lightgbm,intel,1000,16,64,treewalker,1774,11,926.430000,915.935000,958.749000
support,lightgbm,intel,1000,16,64,lleaves,1774,11,2028.907000,2003.979000,2075.545000
support,lightgbm,intel,1000,16,64,tl2cgen,1774,11,14995.430000,14798.218000,15331.393000
support,lightgbm,intel,1000,16,64,lightgbm_native,1774,11,24715.925000,24686.061000,25087.634000
support,xgboost,intel,1000,16,64,treewalker_fullwalk,1774,21,2530.527000,2516.200000,2550.699000
support,xgboost,intel,1000,16,64,treewalker,1774,21,636.762000,628.311000,646.448000
support,xgboost,intel,1000,16,64,tl2cgen,1774,21,1203.156000,1072.799000,1212.730000
support,xgboost,intel,1000,16,64,xgboost_native,1774,21,293.556000,288.547000,298.329000
support,lightgbm,intel,1000,16,8,treewalker_fullwalk,1774,11,635.560000,625.731000,646.194000
support,lightgbm,intel,1000,16,8,treewalker,1774,11,425.419000,418.443000,436.668000
support,lightgbm,intel,1000,16,8,lleaves,1774,11,733.396000,715.631000,751.026000
support,lightgbm,intel,1000,16,8,tl2cgen,1774,11,2136.856000,2117.567000,2156.516000
support,lightgbm,intel,1000,16,8,lightgbm_native,1774,11,2831.209000,2799.657000,2854.636000
support,xgboost,intel,1000,16,8,treewalker_fullwalk,1774,21,605.693000,598.653000,611.643000
support,xgboost,intel,1000,16,8,treewalker,1774,21,381.563000,373.650000,390.948000
support,xgboost,intel,1000,16,8,tl2cgen,1774,21,152.083000,134.548000,157.338000
support,xgboost,intel,1000,16,8,xgboost_native,1774,21,292.128000,286.972000,294.837000
support,lightgbm,intel,1000,2,1,treewalker_fullwalk,1774,11,5.341000,5.297000,5.410000
support,lightgbm,intel,1000,2,1,treewalker,1774,11,7.688000,7.549000,7.880000
support,lightgbm,intel,1000,2,1,lleaves,1774,11,4.955000,4.907000,5.093000
support,lightgbm,intel,1000,2,1,tl2cgen,1774,11,5.952000,5.833000,6.102000
support,lightgbm,intel,1000,2,1,lightgbm_native,1774,11,23.075000,22.703000,23.859000
support,lightgbm,intel,1000,2,1,quickscorer,1774,11,0.743000,0.726000,0.758000
support,xgboost,intel,1000,2,1,treewalker_fullwalk,1774,11,7.128000,7.072000,7.584000
support,xgboost,intel,1000,2,1,treewalker,1774,11,8.669000,8.557000,9.193000
support,xgboost,intel,1000,2,1,tl2cgen,1774,11,5.538000,5.537000,5.895000
support,xgboost,intel,1000,2,1,xgboost_native,1774,11,292.171000,290.471000,295.755000
support,lightgbm,intel,1000,2,128,treewalker_fullwalk,1774,11,363.690000,362.347000,367.318000
support,lightgbm,intel,1000,2,128,treewalker,1774,11,115.940000,115.640000,116.562000
support,lightgbm,intel,1000,2,128,lleaves,1774,11,278.234000,277.833000,279.811000
support,lightgbm,intel,1000,2,128,tl2cgen,1774,11,351.794000,349.756000,355.042000
support,lightgbm,intel,1000,2,128,lightgbm_native,1774,11,809.214000,806.036000,813.762000
support,lightgbm,intel,1000,2,128,quickscorer,1774,11,68.524000,67.720000,69.066000
support,xgboost,intel,1000,2,128,treewalker_fullwalk,1774,11,529.468000,528.710000,530.390000
support,xgboost,intel,1000,2,128,treewalker,1774,11,121.050000,120.759000,128.161000
support,xgboost,intel,1000,2,128,tl2cgen,1774,11,582.491000,582.023000,583.055000
support,xgboost,intel,1000,2,128,xgboost_native,1774,11,293.982000,292.249000,297.356000
support,lightgbm,intel,1000,2,16,treewalker_fullwalk,1774,21,58.906000,57.979000,59.759000
support,lightgbm,intel,1000,2,16,treewalker,1774,21,19.180000,18.014000,19.949000
support,lightgbm,intel,1000,2,16,lleaves,1774,21,54.368000,54.047000,54.726000
support,lightgbm,intel,1000,2,16,tl2cgen,1774,21,65.544000,65.073000,67.796000
support,lightgbm,intel,1000,2,16,lightgbm_native,1774,21,189.918000,184.348000,193.932000
support,lightgbm,intel,1000,2,16,quickscorer,1774,21,10.728000,9.807000,10.802000
support,xgboost,intel,1000,2,16,treewalker_fullwalk,1774,21,85.080000,84.337000,89.846000
support,xgboost,intel,1000,2,16,treewalker,1774,21,20.088000,17.427000,20.544000
support,xgboost,intel,1000,2,16,tl2cgen,1774,21,87.952000,87.933000,93.615000
support,xgboost,intel,1000,2,16,xgboost_native,1774,21,292.508000,287.924000,294.379000
support,lightgbm,intel,1000,2,2,treewalker_fullwalk,1774,11,8.793000,8.700000,9.163000
support,lightgbm,intel,1000,2,2,treewalker,1774,11,9.716000,9.580000,10.194000
support,lightgbm,intel,1000,2,2,lleaves,1774,11,10.527000,10.446000,10.744000
support,lightgbm,intel,1000,2,2,tl2cgen,1774,11,12.184000,12.080000,13.011000
support,lightgbm,intel,1000,2,2,lightgbm_native,1774,11,43.059000,42.528000,44.976000
support,lightgbm,intel,1000,2,2,quickscorer,1774,11,1.381000,1.361000,1.412000
support,xgboost,intel,1000,2,2,treewalker_fullwalk,1774,21,11.967000,11.868000,12.226000
support,xgboost,intel,1000,2,2,treewalker,1774,21,9.864000,8.787000,10.397000
support,xgboost,intel,1000,2,2,tl2cgen,1774,21,11.111000,9.652000,11.826000
support,xgboost,intel,1000,2,2,xgboost_native,1774,21,290.837000,281.641000,294.508000
support,lightgbm,intel,1000,2,32,treewalker_fullwalk,1774,21,115.141000,100.971000,120.026000
support,lightgbm,intel,1000,2,32,treewalker,1774,21,25.022000,21.904000,25.966000
support,lightgbm,intel,1000,2,32,lleaves,1774,21,97.842000,85.614000,98.164000
support,lightgbm,intel,1000,2,32,tl2cgen,1774,21,119.766000,118.567000,120.931000
support,lightgbm,intel,1000,2,32,lightgbm_native,1774,21,322.534000,316.817000,325.909000
support,lightgbm,intel,1000,2,32,quickscorer,1774,21,21.340000,20.800000,22.033000
support,xgboost,intel,1000,2,32,treewalker_fullwalk,1774,21,166.441000,163.878000,168.782000
support,xgboost,intel,1000,2,32,treewalker,1774,21,27.934000,24.488000,28.247000
support,xgboost,intel,1000,2,32,tl2cgen,1774,21,175.906000,175.872000,175.913000
support,xgboost,intel,1000,2,32,xgboost_native,1774,21,293.246000,283.758000,294.955000
support,lightgbm,intel,1000,2,4,treewalker_fullwalk,1774,21,16.016000,15.389000,16.582000
support,lightgbm,intel,1000,2,4,treewalker,1774,21,12.130000,10.571000,12.786000
support,lightgbm,intel,1000,2,4,lleaves,1774,21,17.882000,17.749000,18.102000
support,lightgbm,intel,1000,2,4,tl2cgen,1774,21,21.012000,18.213000,21.286000
support,lightgbm,intel,1000,2,4,lightgbm_native,1774,21,70.354000,67.880000,71.637000
support,lightgbm,intel,1000,2,4,quickscorer,1774,21,2.722000,2.663000,2.773000
support,xgboost,intel,1000,2,4,treewalker_fullwalk,1774,11,22.344000,22.270000,22.583000
support,xgboost,intel,1000,2,4,treewalker,1774,11,11.750000,11.611000,12.578000
support,xgboost,intel,1000,2,4,tl2cgen,1774,11,22.026000,22.024000,23.448000
support,xgboost,intel,1000,2,4,xgboost_native,1774,11,294.431000,291.751000,304.406000
support,lightgbm,intel,1000,2,64,treewalker_fullwalk,1774,21,211.125000,208.313000,212.504000
support,lightgbm,intel,1000,2,64,treewalker,1774,21,35.897000,34.078000,36.436000
support,lightgbm,intel,1000,2,64,lleaves,1774,21,162.679000,162.404000,167.012000
support,lightgbm,intel,1000,2,64,tl2cgen,1774,21,200.777000,198.537000,207.831000
support,lightgbm,intel,1000,2,64,lightgbm_native,1774,21,498.946000,495.220000,510.917000
support,lightgbm,intel,1000,2,64,quickscorer,1774,21,39.331000,35.795000,40.220000
support,xgboost,intel,1000,2,64,treewalker_fullwalk,1774,21,301.540000,299.544000,303.217000
support,xgboost,intel,1000,2,64,treewalker,1774,21,41.229000,37.053000,42.234000
support,xgboost,intel,1000,2,64,tl2cgen,1774,21,318.756000,318.687000,331.311000
support,xgboost,intel,1000,2,64,xgboost_native,1774,21,293.128000,288.541000,297.318000
support,lightgbm,intel,1000,2,8,treewalker_fullwalk,1774,21,30.186000,26.386000,32.163000
support,lightgbm,intel,1000,2,8,treewalker,1774,21,14.640000,12.736000,15.464000
support,lightgbm,intel,1000,2,8,lleaves,1774,21,31.210000,27.545000,33.103000
support,lightgbm,intel,1000,2,8,tl2cgen,1774,21,36.492000,33.063000,38.686000
support,lightgbm,intel,1000,2,8,lightgbm_native,1774,21,115.656000,112.687000,117.997000
support,lightgbm,intel,1000,2,8,quickscorer,1774,21,5.319000,5.178000,5.700000
support,xgboost,intel,1000,2,8,treewalker_fullwalk,1774,21,43.320000,37.724000,43.744000
support,xgboost,intel,1000,2,8,treewalker,1774,21,14.809000,12.814000,14.972000
support,xgboost,intel,1000,2,8,tl2cgen,1774,21,43.998000,38.226000,44.001000
support,xgboost,intel,1000,2,8,xgboost_native,1774,21,291.098000,287.333000,294.902000
support,lightgbm,intel,1000,4,1,treewalker_fullwalk,1774,21,14.851000,14.599000,15.286000
support,lightgbm,intel,1000,4,1,treewalker,1774,21,17.462000,16.885000,17.986000
support,lightgbm,intel,1000,4,1,lleaves,1774,21,9.788000,9.532000,10.058000
support,lightgbm,intel,1000,4,1,tl2cgen,1774,21,17.014000,15.489000,18.359000
support,lightgbm,intel,1000,4,1,lightgbm_native,1774,21,42.438000,40.159000,43.431000
support,lightgbm,intel,1000,4,1,quickscorer,1774,21,2.592000,2.405000,2.657000
support,xgboost,intel,1000,4,1,treewalker_fullwalk,1774,16,15.173000,14.854000,15.491000
support,xgboost,intel,1000,4,1,treewalker,1774,16,16.856000,16.408000,17.818000
support,xgboost,intel,1000,4,1,tl2cgen,1774,16,6.204000,6.200000,6.601000
support,xgboost,intel,1000,4,1,xgboost_native,1774,16,293.184000,289.143000,295.786000
support,lightgbm,intel,1000,4,128,treewalker_fullwalk,1774,11,836.179000,834.162000,837.689000
support,lightgbm,intel,1000,4,128,treewalker,1774,11,148.450000,147.607000,149.699000
support,lightgbm,intel,1000,4,128,lleaves,1774,11,344.702000,342.283000,348.589000
support,lightgbm,intel,1000,4,128,tl2cgen,1774,11,680.752000,665.853000,692.814000
support,lightgbm,intel,1000,4,128,lightgbm_native,1774,11,1560.870000,1554.685000,1568.205000
support,lightgbm,intel,1000,4,128,quickscorer,1774,11,283.737000,272.724000,292.168000
support,xgboost,intel,1000,4,128,treewalker_fullwalk,1774,11,959.734000,957.655000,965.367000
support,xgboost,intel,1000,4,128,treewalker,1774,11,146.711000,144.251000,149.375000
support,xgboost,intel,1000,4,128,tl2cgen,1774,11,681.127000,676.105000,682.806000
support,xgboost,intel,1000,4,128,xgboost_native,1774,11,293.901000,292.719000,301.336000
support,lightgbm,intel,1000,4,16,treewalker_fullwalk,1774,21,145.399000,131.688000,147.536000
support,lightgbm,intel,1000,4,16,treewalker,1774,21,45.175000,39.978000,47.058000
support,lightgbm,intel,1000,4,16,lleaves,1774,21,74.130000,71.996000,74.614000
support,lightgbm,intel,1000,4,16,tl2cgen,1774,21,138.557000,136.160000,144.000000
support,lightgbm,intel,1000,4,16,lightgbm_native,1774,21,348.332000,343.379000,352.372000
support,lightgbm,intel,1000,4,16,quickscorer,1774,21,40.260000,36.989000,41.244000
support,xgboost,intel,1000,4,16,treewalker_fullwalk,1774,21,163.783000,160.889000,166.823000
support,xgboost,intel,1000,4,16,treewalker,1774,21,43.442000,39.591000,43.932000
support,xgboost,intel,1000,4,16,tl2cgen,1774,21,101.718000,99.779000,102.262000
support,xgboost,intel,1000,4,16,xgboost_native,1774,21,293.062000,285.040000,296.360000
support,lightgbm,intel,1000,4,2,treewalker_fullwalk,1774,21,27.443000,26.925000,27.898000
support,lightgbm,intel,1000,4,2,treewalker,1774,21,25.650000,24.371000,26.392000
support,lightgbm,intel,1000,4,2,lleaves,1774,21,18.395000,17.300000,18.900000
support,lightgbm,intel,1000,4,2,tl2cgen,1774,21,33.779000,29.397000,35.077000
support,lightgbm,intel,1000,4,2,lightgbm_native,1774,21,79.264000,77.431000,81.632000
support,lightgbm,intel,1000,4,2,quickscorer,1774,21,4.861000,4.554000,4.943000
support,xgboost,intel,1000,4,2,treewalker_fullwalk,1774,11,28.505000,28.150000,29.205000
support,xgboost,intel,1000,4,2,treewalker,1774,11,25.352000,25.229000,26.369000
support,xgboost,intel,1000,4,2,tl2cgen,1774,11,12.366000,12.362000,13.162000
support,xgboost,intel,1000,4,2,xgboost_native,1774,11,292.609000,288.858000,295.446000
support,lightgbm,intel,1000,4,32,treewalker_fullwalk,1774,11,277.221000,275.994000,282.417000
support,lightgbm,intel,1000,4,32,treewalker,1774,11,56.625000,54.664000,58.000000
support,lightgbm,intel,1000,4,32,lleaves,1774,11,126.318000,125.037000,132.414000
support,lightgbm,intel,1000,4,32,tl2cgen,1774,11,237.551000,235.779000,241.706000
support,lightgbm,intel,1000,4,32,lightgbm_native,1774,11,590.141000,585.920000,600.412000
support,lightgbm,intel,1000,4,32,quickscorer,1774,11,87.847000,84.803000,90.991000
support,xgboost,intel,1000,4,32,treewalker_fullwalk,1774,21,317.618000,315.465000,320.707000
support,xgboost,intel,1000,4,32,treewalker,1774,21,56.345000,51.621000,59.633000
support,xgboost,intel,1000,4,32,tl2cgen,1774,21,207.209000,185.951000,207.699000
support,xgboost,intel,1000,4,32,xgboost_native,1774,21,292.128000,287.418000,295.247000
support,lightgbm,intel,1000,4,4,treewalker_fullwalk,1774,21,46.781000,46.003000,47.622000
support,lightgbm,intel,1000,4,4,treewalker,1774,21,32.250000,31.679000,33.096000
support,lightgbm,intel,1000,4,4,lleaves,1774,21,29.015000,27.992000,30.270000
support,lightgbm,intel,1000,4,4,tl2cgen,1774,21,51.874000,46.360000,53.633000
support,lightgbm,intel,1000,4,4,lightgbm_native,1774,21,136.546000,134.263000,138.439000
support,lightgbm,intel,1000,4,4,quickscorer,1774,21,10.006000,9.088000,10.187000
support,xgboost,intel,1000,4,4,treewalker_fullwalk,1774,21,50.198000,48.451000,52.188000
support,xgboost,intel,1000,4,4,treewalker,1774,21,30.272000,27.280000,31.089000
support,xgboost,intel,1000,4,4,tl2cgen,1774,21,25.411000,22.087000,25.431000
support,xgboost,intel,1000,4,4,xgboost_native,1774,21,290.931000,284.119000,295.118000
support,lightgbm,intel,1000,4,64,treewalker_fullwalk,1774,21,480.372000,476.146000,484.401000
support,lightgbm,intel,1000,4,64,treewalker,1774,21,71.453000,69.340000,74.133000
support,lightgbm,intel,1000,4,64,lleaves,1774,21,209.298000,207.773000,212.442000
support,lightgbm,intel,1000,4,64,tl2cgen,1774,21,396.443000,387.162000,400.720000
support,lightgbm,intel,1000,4,64,lightgbm_native,1774,21,958.792000,951.241000,967.007000
support,lightgbm,intel,1000,4,64,quickscorer,1774,21,172.297000,161.487000,177.650000
support,xgboost,intel,1000,4,64,treewalker_fullwalk,1774,21,551.518000,549.373000,555.327000
support,xgboost,intel,1000,4,64,treewalker,1774,21,71.008000,68.895000,72.856000
support,xgboost,intel,1000,4,64,tl2cgen,1774,21,376.363000,375.740000,382.506000
support,xgboost,intel,1000,4,64,xgboost_native,1774,21,292.691000,288.174000,297.278000
support,lightgbm,intel,1000,4,8,treewalker_fullwalk,1774,21,81.938000,77.243000,83.423000
support,lightgbm,intel,1000,4,8,treewalker,1774,21,37.224000,36.513000,38.384000
support,lightgbm,intel,1000,4,8,lleaves,1774,21,46.031000,41.582000,46.938000
support,lightgbm,intel,1000,4,8,tl2cgen,1774,21,79.557000,78.018000,83.034000
support,lightgbm,intel,1000,4,8,lightgbm_native,1774,21,224.574000,218.371000,229.029000
support,lightgbm,intel,1000,4,8,quickscorer,1774,21,19.528000,16.946000,19.950000
support,xgboost,intel,1000,4,8,treewalker_fullwalk,1774,11,92.002000,91.198000,97.679000
support,xgboost,intel,1000,4,8,treewalker,1774,11,36.529000,36.332000,37.403000
support,xgboost,intel,1000,4,8,tl2cgen,1774,11,50.625000,50.614000,53.043000
support,xgboost,intel,1000,4,8,xgboost_native,1774,11,292.030000,285.364000,296.515000
support,lightgbm,intel,1000,8,1,treewalker_fullwalk,1774,21,36.696000,34.049000,38.038000
support,lightgbm,intel,1000,8,1,treewalker,1774,21,36.762000,32.143000,37.834000
support,lightgbm,intel,1000,8,1,lleaves,1774,21,28.206000,27.162000,29.247000
support,lightgbm,intel,1000,8,1,tl2cgen,1774,21,60.602000,55.355000,63.248000
support,lightgbm,intel,1000,8,1,lightgbm_native,1774,21,114.121000,110.895000,116.349000
support,xgboost,intel,1000,8,1,treewalker_fullwalk,1774,21,42.862000,39.068000,43.983000
support,xgboost,intel,1000,8,1,treewalker,1774,21,41.573000,40.627000,44.835000
support,xgboost,intel,1000,8,1,tl2cgen,1774,21,9.047000,7.915000,9.088000
support,xgboost,intel,1000,8,1,xgboost_native,1774,21,293.182000,288.816000,304.064000
support,lightgbm,intel,1000,8,128,treewalker_fullwalk,1774,11,1804.845000,1790.083000,1821.478000
support,lightgbm,intel,1000,8,128,treewalker,1774,11,280.426000,269.852000,286.222000
support,lightgbm,intel,1000,8,128,lleaves,1774,11,729.149000,715.539000,736.015000
support,lightgbm,intel,1000,8,128,tl2cgen,1774,11,2588.906000,2531.910000,2685.168000
support,lightgbm,intel,1000,8,128,lightgbm_native,1774,11,11533.339000,11462.440000,11577.740000
support,xgboost,intel,1000,8,128,treewalker_fullwalk,1774,11,1967.671000,1957.513000,1978.864000
support,xgboost,intel,1000,8,128,treewalker,1774,11,278.582000,276.093000,287.235000
support,xgboost,intel,1000,8,128,tl2cgen,1774,11,1100.006000,1097.589000,1101.954000
support,xgboost,intel,1000,8,128,xgboost_native,1774,11,293.239000,291.327000,297.633000
support,lightgbm,intel,1000,8,16,treewalker_fullwalk,1774,11,380.856000,371.906000,387.450000
support,lightgbm,intel,1000,8,16,treewalker,1774,11,139.147000,135.107000,142.199000
support,lightgbm,intel,1000,8,16,lleaves,1774,11,233.185000,226.222000,239.360000
support,lightgbm,intel,1000,8,16,tl2cgen,1774,11,726.267000,720.147000,739.584000
support,lightgbm,intel,1000,8,16,lightgbm_native,1774,11,1961.210000,1936.811000,1968.430000
support,xgboost,intel,1000,8,16,treewalker_fullwalk,1774,11,402.303000,395.356000,407.134000
support,xgboost,intel,1000,8,16,treewalker,1774,11,132.058000,125.714000,137.385000
support,xgboost,intel,1000,8,16,tl2cgen,1774,11,164.035000,162.789000,164.970000
support,xgboost,intel,1000,8,16,xgboost_native,1774,11,291.873000,288.271000,297.066000
support,lightgbm,intel,1000,8,2,treewalker_fullwalk,1774,21,69.795000,65.024000,71.590000
support,lightgbm,intel,1000,8,2,treewalker,1774,21,67.731000,64.260000,69.300000
support,lightgbm,intel,1000,8,2,lleaves,1774,21,58.771000,52.469000,61.849000
support,lightgbm,intel,1000,8,2,tl2cgen,1774,21,136.506000,131.663000,141.414000
support,lightgbm,intel,1000,8,2,lightgbm_native,1774,21,214.493000,210.569000,218.026000
support,xgboost,intel,1000,8,2,treewalker_fullwalk,1774,21,81.418000,73.662000,83.869000
support,xgboost,intel,1000,8,2,treewalker,1774,21,76.802000,74.935000,77.925000
support,xgboost,intel,1000,8,2,tl2cgen,1774,21,20.354000,17.747000,20.504000
support,xgboost,intel,1000,8,2,xgboost_native,1774,21,292.247000,286.827000,295.679000
support,lightgbm,intel,1000,8,32,treewalker_fullwalk,1774,11,662.912000,654.625000,668.871000
support,lightgbm,intel,1000,8,32,treewalker,1774,11,165.269000,163.092000,168.840000
support,lightgbm,intel,1000,8,32,lleaves,1774,11,347.790000,339.135000,354.995000
support,lightgbm,intel,1000,8,32,tl2cgen,1774,11,1101.134000,1084.711000,1124.461000
support,lightgbm,intel,1000,8,32,lightgbm_native,1774,11,3872.232000,3859.282000,3917.630000
support,xgboost,intel,1000,8,32,treewalker_fullwalk,1774,15,708.558000,696.875000,719.286000
support,xgboost,intel,1000,8,32,treewalker,1774,15,159.894000,157.051000,161.794000
support,xgboost,intel,1000,8,32,tl2cgen,1774,15,345.220000,341.800000,350.732000
support,xgboost,intel,1000,8,32,xgboost_native,1774,15,291.924000,287.333000,295.543000
support,lightgbm,intel,1000,8,4,treewalker_fullwalk,1774,11,130.069000,129.240000,135.166000
support,lightgbm,intel,1000,8,4,treewalker,1774,11,94.251000,93.220000,99.716000
support,lightgbm,intel,1000,8,4,lleaves,1774,11,105.307000,100.220000,109.069000
support,lightgbm,intel,1000,8,4,tl2cgen,1774,11,252.653000,249.609000,257.690000
support,lightgbm,intel,1000,8,4,lightgbm_native,1774,11,473.806000,471.618000,478.905000
support,xgboost,intel,1000,8,4,treewalker_fullwalk,1774,21,146.070000,140.405000,150.454000
support,xgboost,intel,1000,8,4,treewalker,1774,21,98.295000,92.701000,100.875000
support,xgboost,intel,1000,8,4,tl2cgen,1774,21,39.743000,39.183000,40.165000
support,xgboost,intel,1000,8,4,xgboost_native,1774,21,291.466000,286.668000,295.519000
support,lightgbm,intel,1000,8,64,treewalker_fullwalk,1774,11,1078.952000,1065.550000,1088.532000
support,lightgbm,intel,1000,8,64,treewalker,1774,11,178.883000,175.955000,183.343000
support,lightgbm,intel,1000,8,64,lleaves,1774,11,485.907000,479.644000,491.624000
support,lightgbm,intel,1000,8,64,tl2cgen,1774,11,1637.325000,1603.770000,1669.875000
support,lightgbm,intel,1000,8,64,lightgbm_native,1774,11,6674.737000,6629.748000,6691.236000
support,xgboost,intel,1000,8,64,treewalker_fullwalk,1774,11,1171.965000,1166.493000,1185.153000
support,xgboost,intel,1000,8,64,treewalker,1774,11,188.364000,184.774000,194.897000
support,xgboost,intel,1000,8,64,tl2cgen,1774,11,623.835000,617.195000,627.623000
support,xgboost,intel,1000,8,64,xgboost_native,1774,11,293.318000,291.182000,296.408000
support,lightgbm,intel,1000,8,8,treewalker_fullwalk,1774,21,231.071000,223.356000,236.447000
support,lightgbm,intel,1000,8,8,treewalker,1774,21,119.809000,111.697000,122.441000
support,lightgbm,intel,1000,8,8,lleaves,1774,21,172.855000,163.051000,179.065000
support,lightgbm,intel,1000,8,8,tl2cgen,1774,21,449.706000,439.464000,465.973000
support,lightgbm,intel,1000,8,8,lightgbm_native,1774,21,964.316000,953.812000,977.118000
support,xgboost,intel,1000,8,8,treewalker_fullwalk,1774,12,242.815000,241.307000,246.703000
support,xgboost,intel,1000,8,8,treewalker,1774,12,115.377000,111.760000,120.946000
support,xgboost,intel,1000,8,8,tl2cgen,1774,12,83.250000,82.674000,84.492000
support,xgboost,intel,1000,8,8,xgboost_native,1774,12,292.803000,290.710000,296.841000
support,lightgbm,intel,2000,16,1,treewalker_fullwalk,1774,11,173.979000,169.150000,178.809000
support,lightgbm,intel,2000,16,1,treewalker,1774,11,170.036000,165.557000,173.616000
support,lightgbm,intel,2000,16,1,lleaves,1774,11,287.856000,279.619000,296.368000
support,lightgbm,intel,2000,16,1,tl2cgen,1774,11,430.181000,425.492000,435.860000
support,lightgbm,intel,2000,16,1,lightgbm_native,1774,11,473.774000,467.140000,479.909000
support,xgboost,intel,2000,16,1,treewalker_fullwalk,1774,21,152.732000,147.636000,155.003000
support,xgboost,intel,2000,16,1,treewalker,1774,21,154.477000,146.481000,157.784000
support,xgboost,intel,2000,16,1,tl2cgen,1774,21,29.040000,25.579000,29.630000
support,xgboost,intel,2000,16,1,xgboost_native,1774,21,292.972000,288.524000,298.024000
support,lightgbm,intel,2000,16,128,treewalker_fullwalk,1774,11,8209.484000,8161.515000,8250.170000
support,lightgbm,intel,2000,16,128,treewalker,1774,11,2005.369000,1990.137000,2068.821000
support,lightgbm,intel,2000,16,128,lleaves,1774,11,4658.229000,4563.711000,4771.816000
support,lightgbm,intel,2000,16,128,tl2cgen,1774,11,61129.524000,60949.692000,61769.001000
support,lightgbm,intel,2000,16,128,lightgbm_native,1774,11,76097.942000,75427.048000,76758.603000
support,xgboost,intel,2000,16,128,treewalker_fullwalk,1774,11,8172.713000,8151.673000,8201.669000
support,xgboost,intel,2000,16,128,treewalker,1774,11,1562.880000,1540.504000,1598.645000
support,xgboost,intel,2000,16,128,tl2cgen,1774,11,7345.274000,7245.242000,7478.120000
support,xgboost,intel,2000,16,128,xgboost_native,1774,11,293.675000,290.591000,302.451000
support,lightgbm,intel,2000,16,16,treewalker_fullwalk,1774,11,1920.741000,1898.713000,1942.137000
support,lightgbm,intel,2000,16,16,treewalker,1774,11,993.972000,982.942000,1019.406000
support,lightgbm,intel,2000,16,16,lleaves,1774,11,1765.382000,1744.351000,1816.834000
support,lightgbm,intel,2000,16,16,tl2cgen,1774,11,9700.233000,9653.697000,9759.554000
support,lightgbm,intel,2000,16,16,lightgbm_native,1774,11,11272.995000,11222.741000,11374.857000
support,xgboost,intel,2000,16,16,treewalker_fullwalk,1774,11,1804.120000,1793.322000,1818.707000
support,xgboost,intel,2000,16,16,treewalker,1774,11,826.651000,820.987000,838.663000
support,xgboost,intel,2000,16,16,tl2cgen,1774,11,952.284000,943.842000,956.849000
support,xgboost,intel,2000,16,16,xgboost_native,1774,11,292.952000,291.016000,295.486000
support,lightgbm,intel,2000,16,2,treewalker_fullwalk,1774,11,393.863000,389.676000,401.851000
support,lightgbm,intel,2000,16,2,treewalker,1774,11,396.603000,393.083000,404.109000
support,lightgbm,intel,2000,16,2,lleaves,1774,11,601.963000,592.490000,621.126000
support,lightgbm,intel,2000,16,2,tl2cgen,1774,11,1037.321000,1030.638000,1041.868000
support,lightgbm,intel,2000,16,2,lightgbm_native,1774,11,1025.516000,1020.474000,1037.007000
support,xgboost,intel,2000,16,2,treewalker_fullwalk,1774,11,361.202000,357.717000,366.516000
support,xgboost,intel,2000,16,2,treewalker,1774,11,355.401000,348.494000,359.430000
support,xgboost,intel,2000,16,2,tl2cgen,1774,11,101.522000,100.938000,107.608000
support,xgboost,intel,2000,16,2,xgboost_native,1774,11,292.355000,288.961000,294.516000
support,lightgbm,intel,2000,16,32,treewalker_fullwalk,1774,11,3198.930000,3168.821000,3243.171000
support,lightgbm,intel,2000,16,32,treewalker,1774,11,1271.276000,1250.828000,1292.680000
support,lightgbm,intel,2000,16,32,lleaves,1774,11,2393.208000,2364.368000,2428.332000
support,lightgbm,intel,2000,16,32,tl2cgen,1774,11,19558.345000,19470.676000,19819.147000
support,lightgbm,intel,2000,16,32,lightgbm_native,1774,11,23367.964000,23189.711000,23534.663000
support,xgboost,intel,2000,16,32,treewalker_fullwalk,1774,11,3094.243000,3082.293000,3107.932000
support,xgboost,intel,2000,16,32,treewalker,1774,11,1027.433000,1020.282000,1035.219000
support,xgboost,intel,2000,16,32,tl2cgen,1774,11,2042.286000,2005.281000,2066.164000
support,xgboost,intel,2000,16,32,xgboost_native,1774,11,293.353000,291.786000,296.558000
support,lightgbm,intel,2000,16,4,treewalker_fullwalk,1774,11,708.856000,700.543000,723.938000
support,lightgbm,intel,2000,16,4,treewalker,1774,11,607.119000,599.989000,614.666000
support,lightgbm,intel,2000,16,4,lleaves,1774,11,996.455000,989.812000,1041.928000
support,lightgbm,intel,2000,16,4,tl2cgen,1774,11,2201.890000,2189.459000,2231.663000
support,lightgbm,intel,2000,16,4,lightgbm_native,1774,11,2408.675000,2384.431000,2431.564000
support,xgboost,intel,2000,16,4,treewalker_fullwalk,1774,11,673.571000,667.739000,679.843000
support,xgboost,intel,2000,16,4,treewalker,1774,11,523.783000,513.472000,526.778000
support,xgboost,intel,2000,16,4,tl2cgen,1774,11,208.830000,207.520000,215.494000
support,xgboost,intel,2000,16,4,xgboost_native,1774,11,290.775000,287.637000,295.764000
support,lightgbm,intel,2000,16,64,treewalker_fullwalk,1774,11,5108.218000,5089.681000,5149.638000
support,lightgbm,intel,2000,16,64,treewalker,1774,11,1544.204000,1516.701000,1558.334000
support,lightgbm,intel,2000,16,64,lleaves,1774,11,3289.527000,3248.398000,3371.762000
support,lightgbm,intel,2000,16,64,tl2cgen,1774,11,35828.795000,35648.654000,36253.503000
support,lightgbm,intel,2000,16,64,lightgbm_native,1774,11,42710.514000,42304.871000,43328.707000
support,xgboost,intel,2000,16,64,treewalker_fullwalk,1774,11,4948.522000,4924.259000,4966.240000
support,xgboost,intel,2000,16,64,treewalker,1774,11,1178.396000,1152.633000,1204.086000
support,xgboost,intel,2000,16,64,tl2cgen,1774,11,3604.094000,3582.482000,3648.701000
support,xgboost,intel,2000,16,64,xgboost_native,1774,11,293.627000,292.925000,303.412000
support,lightgbm,intel,2000,16,8,treewalker_fullwalk,1774,11,1183.959000,1168.281000,1198.823000
support,lightgbm,intel,2000,16,8,treewalker,1774,11,790.364000,784.139000,800.088000
support,lightgbm,intel,2000,16,8,lleaves,1774,11,1366.271000,1349.348000,1409.942000
support,lightgbm,intel,2000,16,8,tl2cgen,1774,11,4767.788000,4753.559000,4791.163000
support,lightgbm,intel,2000,16,8,lightgbm_native,1774,11,5327.605000,5307.990000,5356.196000
support,xgboost,intel,2000,16,8,treewalker_fullwalk,1774,11,1105.721000,1101.103000,1119.996000
support,xgboost,intel,2000,16,8,treewalker,1774,11,676.498000,668.311000,682.876000
support,xgboost,intel,2000,16,8,tl2cgen,1774,11,439.729000,430.439000,449.090000
support,xgboost,intel,2000,16,8,xgboost_native,1774,11,291.703000,289.268000,292.927000
support,lightgbm,intel,2000,2,1,treewalker_fullwalk,1774,21,9.923000,9.775000,10.183000
support,lightgbm,intel,2000,2,1,treewalker,1774,21,14.691000,14.356000,15.401000
support,lightgbm,intel,2000,2,1,lleaves,1774,21,10.013000,9.913000,10.294000
support,lightgbm,intel,2000,2,1,tl2cgen,1774,21,16.350000,15.962000,17.200000
support,lightgbm,intel,2000,2,1,lightgbm_native,1774,21,49.178000,45.416000,50.219000
support,lightgbm,intel,2000,2,1,quickscorer,1774,21,1.098000,1.070000,1.119000
support,xgboost,intel,2000,2,1,treewalker_fullwalk,1774,21,13.572000,13.147000,13.783000
support,xgboost,intel,2000,2,1,treewalker,1774,21,16.227000,15.686000,16.734000
support,xgboost,intel,2000,2,1,tl2cgen,1774,21,11.049000,9.595000,11.056000
support,xgboost,intel,2000,2,1,xgboost_native,1774,21,291.131000,289.408000,296.789000
support,lightgbm,intel,2000,2,128,treewalker_fullwalk,1774,11,697.953000,695.527000,702.849000
support,lightgbm,intel,2000,2,128,treewalker,1774,11,223.479000,222.531000,225.955000
support,lightgbm,intel,2000,2,128,lleaves,1774,11,554.538000,553.734000,556.229000
support,lightgbm,intel,2000,2,128,tl2cgen,1774,11,1034.182000,1024.656000,1049.685000
support,lightgbm,intel,2000,2,128,lightgbm_native,1774,11,2151.449000,2146.430000,2163.495000
support,lightgbm,intel,2000,2,128,quickscorer,1774,11,110.382000,107.927000,111.695000
support,xgboost,intel,2000,2,128,treewalker_fullwalk,1774,11,1042.725000,1042.072000,1044.457000
support,xgboost,intel,2000,2,128,treewalker,1774,11,233.224000,232.645000,235.637000
support,xgboost,intel,2000,2,128,tl2cgen,1774,11,1166.857000,1166.644000,1167.082000
support,xgboost,intel,2000,2,128,xgboost_native,1774,11,293.895000,291.718000,295.684000
support,lightgbm,intel,2000,2,16,treewalker_fullwalk,1774,21,111.448000,100.982000,113.080000
support,lightgbm,intel,2000,2,16,treewalker,1774,21,35.298000,31.024000,36.764000
support,lightgbm,intel,2000,2,16,lleaves,1774,21,106.473000,106.198000,108.680000
support,lightgbm,intel,2000,2,16,tl2cgen,1774,21,190.164000,185.939000,196.366000
support,lightgbm,intel,2000,2,16,lightgbm_native,1774,21,486.252000,482.836000,493.799000
support,lightgbm,intel,2000,2,16,quickscorer,1774,21,16.958000,15.687000,17.182000
support,xgboost,intel,2000,2,16,treewalker_fullwalk,1774,11,166.969000,166.015000,176.180000
support,xgboost,intel,2000,2,16,treewalker,1774,11,38.119000,37.653000,40.191000
support,xgboost,intel,2000,2,16,tl2cgen,1774,11,176.085000,175.775000,176.147000
support,xgboost,intel,2000,2,16,xgboost_native,1774,11,292.409000,289.613000,294.094000
support,lightgbm,intel,2000,2,2,treewalker_fullwalk,1774,11,16.953000,16.766000,17.109000
support,lightgbm,intel,2000,2,2,treewalker,1774,11,18.527000,18.219000,18.787000
support,lightgbm,intel,2000,2,2,lleaves,1774,11,20.878000,20.587000,22.256000
support,lightgbm,intel,2000,2,2,tl2cgen,1774,11,34.669000,33.904000,35.961000
support,lightgbm,intel,2000,2,2,lightgbm_native,1774,11,97.397000,96.669000,98.532000
support,lightgbm,intel,2000,2,2,quickscorer,1774,11,2.109000,2.076000,2.271000
support,xgboost,intel,2000,2,2,treewalker_fullwalk,1774,21,23.231000,22.702000,24.254000
support,xgboost,intel,2000,2,2,treewalker,1774,21,18.916000,17.260000,20.185000
support,xgboost,intel,2000,2,2,tl2cgen,1774,21,22.048000,19.148000,23.476000
support,xgboost,intel,2000,2,2,xgboost_native,1774,21,292.167000,290.206000,298.647000
support,lightgbm,intel,2000,2,32,treewalker_fullwalk,1774,21,218.822000,213.414000,222.469000
support,lightgbm,intel,2000,2,32,treewalker,1774,21,46.454000,43.995000,53.055000
support,lightgbm,intel,2000,2,32,lleaves,1774,21,192.597000,191.234000,197.232000
support,lightgbm,intel,2000,2,32,tl2cgen,1774,21,353.593000,343.461000,365.257000
support,lightgbm,intel,2000,2,32,lightgbm_native,1774,21,906.534000,900.816000,918.360000
support,lightgbm,intel,2000,2,32,quickscorer,1774,21,34.017000,31.710000,34.497000
support,xgboost,intel,2000,2,32,treewalker_fullwalk,1774,21,327.900000,326.340000,331.118000
support,xgboost,intel,2000,2,32,treewalker,1774,21,53.322000,47.441000,54.193000
support,xgboost,intel,2000,2,32,tl2cgen,1774,21,351.909000,351.723000,374.300000
support,xgboost,intel,2000,2,32,xgboost_native,1774,21,292.898000,287.863000,296.275000
support,lightgbm,intel,2000,2,4,treewalker_fullwalk,1774,21,30.587000,30.140000,31.107000
support,lightgbm,intel,2000,2,4,treewalker,1774,21,23.337000,20.568000,23.946000
support,lightgbm,intel,2000,2,4,lleaves,1774,21,35.600000,31.505000,38.072000
support,lightgbm,intel,2000,2,4,tl2cgen,1774,21,57.591000,56.801000,59.581000
support,lightgbm,intel,2000,2,4,lightgbm_native,1774,21,171.096000,164.958000,174.228000
support,lightgbm,intel,2000,2,4,quickscorer,1774,21,4.232000,3.743000,4.294000
support,xgboost,intel,2000,2,4,treewalker_fullwalk,1774,11,43.376000,43.035000,46.072000
support,xgboost,intel,2000,2,4,treewalker,1774,11,21.872000,21.591000,22.464000
support,xgboost,intel,2000,2,4,tl2cgen,1774,11,43.943000,43.942000,46.769000
support,xgboost,intel,2000,2,4,xgboost_native,1774,11,292.274000,291.316000,295.794000
support,lightgbm,intel,2000,2,64,treewalker_fullwalk,1774,11,407.141000,406.000000,409.238000
support,lightgbm,intel,2000,2,64,treewalker,1774,11,66.992000,66.822000,71.150000
support,lightgbm,intel,2000,2,64,lleaves,1774,11,323.564000,323.237000,327.274000
support,lightgbm,intel,2000,2,64,tl2cgen,1774,11,611.746000,606.824000,622.699000
support,lightgbm,intel,2000,2,64,lightgbm_native,1774,11,1526.098000,1520.434000,1530.735000
support,lightgbm,intel,2000,2,64,quickscorer,1774,11,64.557000,63.025000,67.658000
support,xgboost,intel,2000,2,64,treewalker_fullwalk,1774,11,595.733000,593.743000,598.310000
support,xgboost,intel,2000,2,64,treewalker,1774,11,76.026000,74.443000,77.361000
support,xgboost,intel,2000,2,64,tl2cgen,1774,11,664.417000,664.177000,664.729000
support,xgboost,intel,2000,2,64,xgboost_native,1774,11,292.616000,291.014000,297.747000
support,lightgbm,intel,2000,2,8,treewalker_fullwalk,1774,21,57.767000,56.287000,60.341000
support,lightgbm,intel,2000,2,8,treewalker,1774,21,26.909000,23.384000,27.673000
support,lightgbm,intel,2000,2,8,lleaves,1774,21,61.517000,53.588000,61.960000
support,lightgbm,intel,2000,2,8,tl2cgen,1774,21,100.907000,94.019000,103.748000
support,lightgbm,intel,2000,2,8,lightgbm_native,1774,21,290.163000,272.948000,294.363000
support,lightgbm,intel,2000,2,8,quickscorer,1774,21,8.427000,8.172000,8.544000
support,xgboost,intel,2000,2,8,treewalker_fullwalk,1774,21,84.088000,74.138000,84.465000
support,xgboost,intel,2000,2,8,treewalker,1774,21,27.871000,24.786000,28.349000
support,xgboost,intel,2000,2,8,tl2cgen,1774,21,87.854000,87.820000,87.863000
support,xgboost,intel,2000,2,8,xgboost_native,1774,21,292.338000,285.848000,296.124000
support,lightgbm,intel,2000,4,1,treewalker_fullwalk,1774,21,28.416000,25.756000,28.971000
support,lightgbm,intel,2000,4,1,treewalker,1774,21,33.360000,32.386000,34.088000
support,lightgbm,intel,2000,4,1,lleaves,1774,21,22.969000,20.735000,24.260000
support,lightgbm,intel,2000,4,1,tl2cgen,1774,21,68.753000,62.884000,72.373000
support,lightgbm,intel,2000,4,1,lightgbm_native,1774,21,104.580000,98.473000,107.325000
support,lightgbm,intel,2000,4,1,quickscorer,1774,21,4.502000,3.963000,4.714000
support,xgboost,intel,2000,4,1,treewalker_fullwalk,1774,21,29.924000,29.374000,30.799000
support,xgboost,intel,2000,4,1,treewalker,1774,21,33.215000,29.329000,34.189000
support,xgboost,intel,2000,4,1,tl2cgen,1774,21,14.979000,13.033000,15.061000
support,xgboost,intel,2000,4,1,xgboost_native,1774,21,292.144000,285.599000,295.803000
support,lightgbm,intel,2000,4,128,treewalker_fullwalk,1774,11,1628.940000,1622.298000,1633.866000
support,lightgbm,intel,2000,4,128,treewalker,1774,11,291.974000,291.295000,293.373000
support,lightgbm,intel,2000,4,128,lleaves,1774,11,699.102000,697.190000,703.582000
support,lightgbm,intel,2000,4,128,tl2cgen,1774,11,3607.877000,3546.220000,3695.402000
support,lightgbm,intel,2000,4,128,lightgbm_native,1774,11,6977.322000,6926.293000,7089.536000
support,lightgbm,intel,2000,4,128,quickscorer,1774,11,537.086000,515.184000,547.452000
support,xgboost,intel,2000,4,128,treewalker_fullwalk,1774,11,1901.322000,1899.544000,1911.481000
support,xgboost,intel,2000,4,128,treewalker,1774,11,291.480000,285.834000,300.209000
support,xgboost,intel,2000,4,128,tl2cgen,1774,11,1648.843000,1627.656000,1660.134000
support,xgboost,intel,2000,4,128,xgboost_native,1774,11,293.858000,292.187000,303.003000
support,lightgbm,intel,2000,4,16,treewalker_fullwalk,1774,11,282.709000,280.440000,286.956000
support,lightgbm,intel,2000,4,16,treewalker,1774,11,85.995000,84.669000,89.711000
support,lightgbm,intel,2000,4,16,lleaves,1774,11,153.933000,148.940000,158.272000
support,lightgbm,intel,2000,4,16,tl2cgen,1774,11,692.190000,681.446000,705.288000
support,lightgbm,intel,2000,4,16,lightgbm_native,1774,11,1298.468000,1296.544000,1314.880000
support,lightgbm,intel,2000,4,16,quickscorer,1774,11,82.391000,79.213000,84.000000
support,xgboost,intel,2000,4,16,treewalker_fullwalk,1774,15,322.542000,321.298000,328.380000
support,xgboost,intel,2000,4,16,treewalker,1774,15,83.190000,81.989000,84.247000
support,xgboost,intel,2000,4,16,tl2cgen,1774,15,244.506000,242.591000,245.648000
support,xgboost,intel,2000,4,16,xgboost_native,1774,15,292.107000,287.617000,293.878000
support,lightgbm,intel,2000,4,2,treewalker_fullwalk,1774,21,52.122000,51.138000,52.865000
support,lightgbm,intel,2000,4,2,treewalker,1774,21,49.933000,46.576000,50.959000
support,lightgbm,intel,2000,4,2,lleaves,1774,21,43.650000,39.488000,44.960000
support,lightgbm,intel,2000,4,2,tl2cgen,1774,21,140.240000,132.270000,144.776000
support,lightgbm,intel,2000,4,2,lightgbm_native,1774,21,202.087000,200.719000,206.112000
support,lightgbm,intel,2000,4,2,quickscorer,1774,21,8.929000,8.474000,9.197000
support,xgboost,intel,2000,4,2,treewalker_fullwalk,1774,11,55.610000,54.421000,56.194000
support,xgboost,intel,2000,4,2,treewalker,1774,11,49.084000,48.619000,50.091000
support,xgboost,intel,2000,4,2,tl2cgen,1774,11,29.904000,29.844000,30.018000
support,xgboost,intel,2000,4,2,xgboost_native,1774,11,293.146000,289.742000,296.074000
support,lightgbm,intel,2000,4,32,treewalker_fullwalk,1774,11,542.286000,540.370000,552.558000
support,lightgbm,intel,2000,4,32,treewalker,1774,11,107.329000,105.281000,109.957000
support,lightgbm,intel,2000,4,32,lleaves,1774,11,259.990000,258.971000,266.854000
support,lightgbm,intel,2000,4,32,tl2cgen,1774,11,1220.902000,1203.158000,1242.996000
support,lightgbm,intel,2000,4,32,lightgbm_native,1774,11,2406.602000,2391.840000,2423.934000
support,lightgbm,intel,2000,4,32,quickscorer,1774,11,167.649000,162.573000,170.701000
support,xgboost,intel,2000,4,32,treewalker_fullwalk,1774,11,623.669000,622.963000,627.255000
support,xgboost,intel,2000,4,32,treewalker,1774,11,103.223000,97.946000,108.231000
support,xgboost,intel,2000,4,32,tl2cgen,1774,11,497.570000,490.061000,504.390000
support,xgboost,intel,2000,4,32,xgboost_native,1774,11,291.547000,288.605000,294.269000
support,lightgbm,intel,2000,4,4,treewalker_fullwalk,1774,21,90.678000,89.885000,91.835000
support,lightgbm,intel,2000,4,4,treewalker,1774,21,62.317000,61.319000,63.229000
support,lightgbm,intel,2000,4,4,lleaves,1774,21,67.596000,65.711000,68.443000
support,lightgbm,intel,2000,4,4,tl2cgen,1774,21,244.189000,235.972000,248.154000
support,lightgbm,intel,2000,4,4,lightgbm_native,1774,21,387.511000,383.697000,390.863000
support,lightgbm,intel,2000,4,4,quickscorer,1774,21,18.581000,17.303000,19.934000
support,xgboost,intel,2000,4,4,treewalker_fullwalk,1774,11,99.180000,97.941000,100.462000
support,xgboost,intel,2000,4,4,treewalker,1774,11,58.628000,58.265000,59.772000
support,xgboost,intel,2000,4,4,tl2cgen,1774,11,60.572000,60.208000,60.772000
support,xgboost,intel,2000,4,4,xgboost_native,1774,11,292.103000,290.541000,295.419000
support,lightgbm,intel,2000,4,64,treewalker_fullwalk,1774,11,936.618000,931.882000,945.833000
support,lightgbm,intel,2000,4,64,treewalker,1774,11,132.633000,131.830000,137.949000
support,lightgbm,intel,2000,4,64,lleaves,1774,11,427.629000,425.464000,429.133000
support,lightgbm,intel,2000,4,64,tl2cgen,1774,11,1919.917000,1899.398000,1980.815000
support,lightgbm,intel,2000,4,64,lightgbm_native,1774,11,4118.738000,4105.884000,4132.903000
support,lightgbm,intel,2000,4,64,quickscorer,1774,11,301.449000,297.054000,312.006000
support,xgboost,intel,2000,4,64,treewalker_fullwalk,1774,11,1087.576000,1085.841000,1095.130000
support,xgboost,intel,2000,4,64,treewalker,1774,11,133.344000,130.631000,136.459000
support,xgboost,intel,2000,4,64,tl2cgen,1774,11,899.279000,893.714000,901.575000
support,xgboost,intel,2000,4,64,xgboost_native,1774,11,293.025000,290.578000,296.682000
support,lightgbm,intel,2000,4,8,treewalker_fullwalk,1774,11,161.612000,157.988000,171.682000
support,lightgbm,intel,2000,4,8,treewalker,1774,11,74.297000,73.125000,75.376000
support,lightgbm,intel,2000,4,8,lleaves,1774,11,100.905000,99.562000,108.434000
support,lightgbm,intel,2000,4,8,tl2cgen,1774,11,424.991000,420.968000,437.387000
support,lightgbm,intel,2000,4,8,lightgbm_native,1774,11,730.531000,728.162000,747.918000
support,lightgbm,intel,2000,4,8,quickscorer,1774,11,40.296000,39.432000,42.374000
support,xgboost,intel,2000,4,8,treewalker_fullwalk,1774,11,179.925000,178.550000,185.928000
support,xgboost,intel,2000,4,8,treewalker,1774,11,69.958000,69.159000,73.281000
support,xgboost,intel,2000,4,8,tl2cgen,1774,11,117.481000,115.879000,124.214000
support,xgboost,intel,2000,4,8,xgboost_native,1774,11,291.550000,289.621000,295.563000
support,lightgbm,intel,2000,8,1,treewalker_fullwalk,1774,21,79.366000,78.166000,80.787000
support,lightgbm,intel,2000,8,1,treewalker,1774,21,79.909000,75.056000,81.788000
support,lightgbm,intel,2000,8,1,lleaves,1774,21,137.226000,127.680000,140.394000
support,lightgbm,intel,2000,8,1,tl2cgen,1774,21,232.535000,227.708000,238.102000
support,lightgbm,intel,2000,8,1,lightgbm_native,1774,21,259.127000,256.089000,262.465000
support,xgboost,intel,2000,8,1,treewalker_fullwalk,1774,21,90.361000,83.954000,92.203000
support,xgboost,intel,2000,8,1,treewalker,1774,21,88.491000,85.725000,91.246000
support,xgboost,intel,2000,8,1,tl2cgen,1774,21,26.103000,25.621000,27.745000
support,xgboost,intel,2000,8,1,xgboost_native,1774,21,292.052000,289.270000,294.117000
support,lightgbm,intel,2000,8,128,treewalker_fullwalk,1774,11,3683.037000,3653.629000,3720.915000
support,lightgbm,intel,2000,8,128,treewalker,1774,11,654.610000,643.165000,666.210000
support,lightgbm,intel,2000,8,128,lleaves,1774,11,1561.160000,1544.455000,1588.336000
support,lightgbm,intel,2000,8,128,tl2cgen,1774,11,24188.632000,23864.964000,24517.273000
support,lightgbm,intel,2000,8,128,lightgbm_native,1774,11,29116.492000,29070.063000,29278.387000
support,xgboost,intel,2000,8,128,treewalker_fullwalk,1774,11,3971.602000,3956.833000,4021.602000
support,xgboost,intel,2000,8,128,treewalker,1774,11,606.112000,596.539000,625.509000
support,xgboost,intel,2000,8,128,tl2cgen,1774,11,5142.852000,5111.123000,5360.533000
support,xgboost,intel,2000,8,128,xgboost_native,1774,11,292.870000,290.265000,295.554000
support,lightgbm,intel,2000,8,16,treewalker_fullwalk,1774,11,805.918000,801.325000,815.861000
support,lightgbm,intel,2000,8,16,treewalker,1774,11,320.268000,315.310000,328.660000
support,lightgbm,intel,2000,8,16,lleaves,1774,11,584.339000,576.990000,596.160000
support,lightgbm,intel,2000,8,16,tl2cgen,1774,11,4184.788000,4145.749000,4222.960000
support,lightgbm,intel,2000,8,16,lightgbm_native,1774,11,4459.146000,4421.157000,4511.864000
support,xgboost,intel,2000,8,16,treewalker_fullwalk,1774,11,848.319000,831.778000,863.518000
support,xgboost,intel,2000,8,16,treewalker,1774,11,307.418000,293.380000,314.749000
support,xgboost,intel,2000,8,16,tl2cgen,1774,11,730.180000,704.408000,751.336000
support,xgboost,intel,2000,8,16,xgboost_native,1774,11,291.374000,287.898000,294.478000
support,lightgbm,intel,2000,8,2,treewalker_fullwalk,1774,11,162.333000,157.475000,168.579000
support,lightgbm,intel,2000,8,2,treewalker,1774,11,157.490000,151.150000,159.637000
support,lightgbm,intel,2000,8,2,lleaves,1774,11,242.438000,237.044000,252.132000
support,lightgbm,intel,2000,8,2,tl2cgen,1774,11,511.257000,503.648000,526.475000
support,lightgbm,intel,2000,8,2,lightgbm_native,1774,11,486.237000,482.629000,490.254000
support,xgboost,intel,2000,8,2,treewalker_fullwalk,1774,11,190.751000,188.338000,199.748000
support,xgboost,intel,2000,8,2,treewalker,1774,11,174.012000,172.159000,179.255000
support,xgboost,intel,2000,8,2,tl2cgen,1774,11,91.284000,90.585000,97.861000
support,xgboost,intel,2000,8,2,xgboost_native,1774,11,291.757000,290.114000,300.441000
support,lightgbm,intel,2000,8,32,treewalker_fullwalk,1774,11,1379.641000,1370.892000,1389.554000
support,lightgbm,intel,2000,8,32,treewalker,1774,11,388.679000,383.260000,406.990000
support,lightgbm,intel,2000,8,32,lleaves,1774,11,798.509000,782.741000,803.933000
support,lightgbm,intel,2000,8,32,tl2cgen,1774,11,8306.488000,8183.723000,8423.183000
support,lightgbm,intel,2000,8,32,lightgbm_native,1774,11,9195.180000,9138.151000,9263.988000
support,xgboost,intel,2000,8,32,treewalker_fullwalk,1774,11,1461.929000,1446.573000,1479.507000
support,xgboost,intel,2000,8,32,treewalker,1774,11,370.131000,359.740000,385.399000
support,xgboost,intel,2000,8,32,tl2cgen,1774,11,1568.319000,1524.816000,1639.502000
support,xgboost,intel,2000,8,32,xgboost_native,1774,11,292.522000,287.740000,294.594000
support,lightgbm,intel,2000,8,4,treewalker_fullwalk,1774,11,293.111000,280.841000,303.222000
support,lightgbm,intel,2000,8,4,treewalker,1774,11,214.880000,210.321000,219.759000
support,lightgbm,intel,2000,8,4,lleaves,1774,11,345.389000,340.333000,355.383000
support,lightgbm,intel,2000,8,4,tl2cgen,1774,11,1012.242000,1003.266000,1038.930000
support,lightgbm,intel,2000,8,4,lightgbm_native,1774,11,1037.776000,1036.060000,1045.250000
support,xgboost,intel,2000,8,4,treewalker_fullwalk,1774,11,323.520000,316.289000,335.873000
support,xgboost,intel,2000,8,4,treewalker,1774,11,227.951000,222.472000,232.064000
support,xgboost,intel,2000,8,4,tl2cgen,1774,11,170.392000,167.610000,172.078000
support,xgboost,intel,2000,8,4,xgboost_native,1774,11,289.068000,282.231000,293.223000
support,lightgbm,intel,2000,8,64,treewalker_fullwalk,1774,11,2222.214000,2215.091000,2239.883000
support,lightgbm,intel,2000,8,64,treewalker,1774,11,434.091000,425.928000,444.664000
support,lightgbm,intel,2000,8,64,lleaves,1774,11,1072.555000,1065.138000,1094.811000
support,lightgbm,intel,2000,8,64,tl2cgen,1774,11,14282.924000,14100.864000,14635.934000
support,lightgbm,intel,2000,8,64,lightgbm_native,1774,11,16545.352000,16462.491000,16574.174000
support,xgboost,intel,2000,8,64,treewalker_fullwalk,1774,11,2387.522000,2374.132000,2410.065000
support,xgboost,intel,2000,8,64,treewalker,1774,11,428.282000,418.371000,441.194000
support,xgboost,intel,2000,8,64,tl2cgen,1774,11,2890.440000,2820.632000,2971.818000
support,xgboost,intel,2000,8,64,xgboost_native,1774,11,294.034000,292.513000,296.545000
support,lightgbm,intel,2000,8,8,treewalker_fullwalk,1774,11,506.185000,493.497000,513.289000
support,lightgbm,intel,2000,8,8,treewalker,1774,11,278.606000,270.548000,280.670000
support,lightgbm,intel,2000,8,8,lleaves,1774,11,458.784000,445.049000,466.220000
support,lightgbm,intel,2000,8,8,tl2cgen,1774,11,2117.801000,2082.922000,2135.332000
support,lightgbm,intel,2000,8,8,lightgbm_native,1774,11,2189.292000,2168.674000,2209.930000
support,xgboost,intel,2000,8,8,treewalker_fullwalk,1774,11,530.922000,524.796000,545.649000
support,xgboost,intel,2000,8,8,treewalker,1774,11,264.508000,261.597000,275.938000
support,xgboost,intel,2000,8,8,tl2cgen,1774,11,379.039000,377.559000,399.799000
support,xgboost,intel,2000,8,8,xgboost_native,1774,11,291.276000,288.405000,293.987000
support,lightgbm,intel,500,16,1,treewalker_fullwalk,1774,21,35.357000,31.339000,36.061000
support,lightgbm,intel,500,16,1,treewalker,1774,21,34.367000,31.695000,34.692000
support,lightgbm,intel,500,16,1,lleaves,1774,21,30.663000,29.330000,32.570000
support,lightgbm,intel,500,16,1,tl2cgen,1774,21,53.058000,49.775000,55.668000
support,lightgbm,intel,500,16,1,lightgbm_native,1774,21,98.534000,89.746000,100.574000
support,xgboost,intel,500,16,1,treewalker_fullwalk,1774,21,40.551000,37.698000,40.955000
support,xgboost,intel,500,16,1,treewalker,1774,21,40.360000,36.154000,40.956000
support,xgboost,intel,500,16,1,tl2cgen,1774,21,5.026000,4.976000,5.072000
support,xgboost,intel,500,16,1,xgboost_native,1774,21,292.249000,289.561000,295.843000
support,lightgbm,intel,500,16,128,treewalker_fullwalk,1774,11,2222.737000,2212.511000,2255.980000
support,lightgbm,intel,500,16,128,treewalker,1774,11,634.794000,620.928000,647.666000
support,lightgbm,intel,500,16,128,lleaves,1774,11,1493.179000,1479.122000,1545.620000
support,lightgbm,intel,500,16,128,tl2cgen,1774,11,4073.142000,3948.359000,4149.587000
support,lightgbm,intel,500,16,128,lightgbm_native,1774,11,16499.190000,16428.406000,16743.072000
support,xgboost,intel,500,16,128,treewalker_fullwalk,1774,11,2093.851000,2088.571000,2118.436000
support,xgboost,intel,500,16,128,treewalker,1774,11,437.286000,433.446000,442.870000
support,xgboost,intel,500,16,128,tl2cgen,1774,11,719.792000,708.889000,727.824000
support,xgboost,intel,500,16,128,xgboost_native,1774,11,294.605000,291.760000,302.397000
support,lightgbm,intel,500,16,16,treewalker_fullwalk,1774,13,498.023000,489.311000,505.117000
support,lightgbm,intel,500,16,16,treewalker,1774,13,258.152000,248.301000,263.337000
support,lightgbm,intel,500,16,16,lleaves,1774,13,491.488000,479.158000,500.104000
support,lightgbm,intel,500,16,16,tl2cgen,1774,13,1053.292000,1030.864000,1064.473000
support,lightgbm,intel,500,16,16,lightgbm_native,1774,13,2726.865000,2686.656000,2752.247000
support,xgboost,intel,500,16,16,treewalker_fullwalk,1774,21,493.927000,479.407000,501.969000
support,xgboost,intel,500,16,16,treewalker,1774,21,238.722000,232.187000,244.198000
support,xgboost,intel,500,16,16,tl2cgen,1774,21,102.015000,90.059000,104.280000
support,xgboost,intel,500,16,16,xgboost_native,1774,21,293.155000,290.562000,295.394000
support,lightgbm,intel,500,16,2,treewalker_fullwalk,1774,21,74.310000,67.870000,75.307000
support,lightgbm,intel,500,16,2,treewalker,1774,21,74.812000,71.065000,78.675000
support,lightgbm,intel,500,16,2,lleaves,1774,21,89.255000,81.773000,94.680000
support,lightgbm,intel,500,16,2,tl2cgen,1774,21,140.297000,134.853000,143.701000
support,lightgbm,intel,500,16,2,lightgbm_native,1774,21,210.651000,204.286000,214.897000
support,xgboost,intel,500,16,2,treewalker_fullwalk,1774,21,90.518000,85.718000,94.049000
support,xgboost,intel,500,16,2,treewalker,1774,21,89.780000,86.725000,93.060000
support,xgboost,intel,500,16,2,tl2cgen,1774,21,11.736000,11.629000,12.514000
support,xgboost,intel,500,16,2,xgboost_native,1774,21,291.215000,284.647000,294.701000
support,lightgbm,intel,500,16,32,treewalker_fullwalk,1774,11,878.386000,870.135000,888.360000
support,lightgbm,intel,500,16,32,treewalker,1774,11,371.928000,367.146000,390.403000
support,lightgbm,intel,500,16,32,lleaves,1774,11,734.312000,721.434000,744.786000
support,lightgbm,intel,500,16,32,tl2cgen,1774,11,1803.274000,1779.823000,1860.508000
support,lightgbm,intel,500,16,32,lightgbm_native,1774,11,5687.889000,5631.109000,5731.703000
support,xgboost,intel,500,16,32,treewalker_fullwalk,1774,11,813.942000,802.833000,821.381000
support,xgboost,intel,500,16,32,treewalker,1774,11,278.596000,270.994000,283.869000
support,xgboost,intel,500,16,32,tl2cgen,1774,11,213.594000,207.672000,216.405000
support,xgboost,intel,500,16,32,xgboost_native,1774,11,292.563000,290.823000,296.320000
support,lightgbm,intel,500,16,4,treewalker_fullwalk,1774,11,149.502000,146.688000,153.549000
support,lightgbm,intel,500,16,4,treewalker,1774,11,119.893000,116.432000,125.559000
support,lightgbm,intel,500,16,4,lleaves,1774,11,186.266000,177.992000,192.889000
support,lightgbm,intel,500,16,4,tl2cgen,1774,11,285.625000,275.723000,291.435000
support,lightgbm,intel,500,16,4,lightgbm_native,1774,11,534.005000,525.200000,545.446000
support,xgboost,intel,500,16,4,treewalker_fullwalk,1774,11,177.430000,174.375000,181.153000
support,xgboost,intel,500,16,4,treewalker,1774,11,140.181000,137.623000,142.995000
support,xgboost,intel,500,16,4,tl2cgen,1774,11,24.189000,24.106000,24.407000
support,xgboost,intel,500,16,4,xgboost_native,1774,11,292.285000,291.212000,298.638000
support,lightgbm,intel,500,16,64,treewalker_fullwalk,1774,11,1385.238000,1362.714000,1398.441000
support,lightgbm,intel,500,16,64,treewalker,1774,11,455.610000,446.315000,477.583000
support,lightgbm,intel,500,16,64,lleaves,1774,11,1028.484000,1003.018000,1067.076000
support,lightgbm,intel,500,16,64,tl2cgen,1774,11,2642.165000,2612.632000,2724.355000
support,lightgbm,intel,500,16,64,lightgbm_native,1774,11,9989.522000,9891.418000,10129.691000
support,xgboost,intel,500,16,64,treewalker_fullwalk,1774,11,1261.693000,1260.824000,1272.960000
support,xgboost,intel,500,16,64,treewalker,1774,11,316.556000,308.959000,319.440000
support,xgboost,intel,500,16,64,tl2cgen,1774,11,347.680000,342.949000,351.079000
support,xgboost,intel,500,16,64,xgboost_native,1774,11,293.093000,289.191000,309.209000
support,lightgbm,intel,500,16,8,treewalker_fullwalk,1774,11,286.137000,277.624000,294.991000
support,lightgbm,intel,500,16,8,treewalker,1774,11,181.808000,177.780000,189.886000
support,lightgbm,intel,500,16,8,lleaves,1774,11,323.511000,318.009000,343.791000
support,lightgbm,intel,500,16,8,tl2cgen,1774,11,600.581000,594.071000,607.661000
support,lightgbm,intel,500,16,8,lightgbm_native,1774,11,1257.832000,1229.993000,1269.219000
support,xgboost,intel,500,16,8,treewalker_fullwalk,1774,11,304.331000,301.554000,314.646000
support,xgboost,intel,500,16,8,treewalker,1774,11,188.708000,186.493000,193.704000
support,xgboost,intel,500,16,8,tl2cgen,1774,11,48.087000,47.660000,50.945000
support,xgboost,intel,500,16,8,xgboost_native,1774,11,290.920000,286.843000,296.791000
support,lightgbm,intel,500,2,1,treewalker_fullwalk,1774,11,2.828000,2.790000,2.873000
support,lightgbm,intel,500,2,1,treewalker,1774,11,4.196000,4.133000,4.277000
support,lightgbm,intel,500,2,1,lleaves,1774,11,2.475000,2.462000,2.526000
support,lightgbm,intel,500,2,1,tl2cgen,1774,11,3.000000,2.939000,3.078000
support,lightgbm,intel,500,2,1,lightgbm_native,1774,11,13.590000,13.253000,13.902000
support,lightgbm,intel,500,2,1,quickscorer,1774,11,0.526000,0.521000,0.532000
support,xgboost,intel,500,2,1,treewalker_fullwalk,1774,21,3.836000,3.794000,4.116000
support,xgboost,intel,500,2,1,treewalker,1774,21,4.711000,4.492000,4.953000
support,xgboost,intel,500,2,1,tl2cgen,1774,21,2.801000,2.800000,2.982000
support,xgboost,intel,500,2,1,xgboost_native,1774,21,291.671000,287.935000,295.031000
support,lightgbm,intel,500,2,128,treewalker_fullwalk,1774,21,189.367000,186.454000,191.951000
support,lightgbm,intel,500,2,128,treewalker,1774,21,61.494000,61.102000,65.866000
support,lightgbm,intel,500,2,128,lleaves,1774,21,140.740000,138.285000,141.455000
support,lightgbm,intel,500,2,128,tl2cgen,1774,21,168.248000,165.783000,169.851000
support,lightgbm,intel,500,2,128,lightgbm_native,1774,21,424.880000,422.401000,428.435000
support,lightgbm,intel,500,2,128,quickscorer,1774,21,43.158000,41.768000,43.607000
support,xgboost,intel,500,2,128,treewalker_fullwalk,1774,11,268.594000,266.523000,270.675000
support,xgboost,intel,500,2,128,treewalker,1774,11,64.287000,64.028000,65.321000
support,xgboost,intel,500,2,128,tl2cgen,1774,11,286.943000,286.911000,286.986000
support,xgboost,intel,500,2,128,xgboost_native,1774,11,293.245000,287.337000,294.841000
support,lightgbm,intel,500,2,16,treewalker_fullwalk,1774,21,31.337000,29.938000,31.717000
support,lightgbm,intel,500,2,16,treewalker,1774,21,10.763000,10.039000,10.985000
support,lightgbm,intel,500,2,16,lleaves,1774,21,26.975000,26.873000,27.031000
support,lightgbm,intel,500,2,16,tl2cgen,1774,21,32.296000,32.112000,33.791000
support,lightgbm,intel,500,2,16,lightgbm_native,1774,21,92.766000,90.662000,95.900000
support,lightgbm,intel,500,2,16,quickscorer,1774,21,6.836000,6.689000,6.892000
support,xgboost,intel,500,2,16,treewalker_fullwalk,1774,21,44.057000,38.829000,46.013000
support,xgboost,intel,500,2,16,treewalker,1774,21,10.978000,10.798000,11.432000
support,xgboost,intel,500,2,16,tl2cgen,1774,21,44.161000,44.152000,47.009000
support,xgboost,intel,500,2,16,xgboost_native,1774,21,291.825000,289.432000,295.097000
support,lightgbm,intel,500,2,2,treewalker_fullwalk,1774,21,4.562000,3.907000,4.719000
support,lightgbm,intel,500,2,2,treewalker,1774,21,5.080000,4.511000,5.182000
support,lightgbm,intel,500,2,2,lleaves,1774,21,5.091000,4.405000,5.139000
support,lightgbm,intel,500,2,2,tl2cgen,1774,21,6.006000,5.211000,6.089000
support,lightgbm,intel,500,2,2,lightgbm_native,1774,21,22.451000,19.409000,22.748000
support,lightgbm,intel,500,2,2,quickscorer,1774,21,0.986000,0.856000,1.002000
support,xgboost,intel,500,2,2,treewalker_fullwalk,1774,21,6.429000,6.352000,6.828000
support,xgboost,intel,500,2,2,treewalker,1774,21,5.549000,5.322000,5.932000
support,xgboost,intel,500,2,2,tl2cgen,1774,21,5.561000,5.560000,5.920000
support,xgboost,intel,500,2,2,xgboost_native,1774,21,292.614000,287.466000,296.433000
support,lightgbm,intel,500,2,32,treewalker_fullwalk,1774,21,59.993000,58.641000,63.169000
support,lightgbm,intel,500,2,32,treewalker,1774,21,13.808000,13.340000,15.004000
support,lightgbm,intel,500,2,32,lleaves,1774,21,48.868000,48.332000,49.243000
support,lightgbm,intel,500,2,32,tl2cgen,1774,21,58.748000,57.914000,59.173000
support,lightgbm,intel,500,2,32,lightgbm_native,1774,21,159.732000,157.594000,162.756000
support,lightgbm,intel,500,2,32,quickscorer,1774,21,13.340000,13.037000,13.496000
support,xgboost,intel,500,2,32,treewalker_fullwalk,1774,21,85.951000,85.460000,90.433000
support,xgboost,intel,500,2,32,treewalker,1774,21,15.644000,15.415000,16.353000
support,xgboost,intel,500,2,32,tl2cgen,1774,21,88.309000,88.287000,88.315000
support,xgboost,intel,500,2,32,xgboost_native,1774,21,292.953000,287.817000,295.460000
support,lightgbm,intel,500,2,4,treewalker_fullwalk,1774,21,8.485000,7.283000,8.975000
support,lightgbm,intel,500,2,4,treewalker,1774,21,6.465000,5.570000,6.898000
support,lightgbm,intel,500,2,4,lleaves,1774,21,8.690000,7.611000,9.154000
support,lightgbm,intel,500,2,4,tl2cgen,1774,21,10.436000,9.638000,11.097000
support,lightgbm,intel,500,2,4,lightgbm_native,1774,21,35.343000,31.444000,37.041000
support,lightgbm,intel,500,2,4,quickscorer,1774,21,1.847000,1.612000,2.026000
support,xgboost,intel,500,2,4,treewalker_fullwalk,1774,11,11.590000,11.532000,12.378000
support,xgboost,intel,500,2,4,treewalker,1774,11,6.384000,6.213000,6.737000
support,xgboost,intel,500,2,4,tl2cgen,1774,11,11.077000,11.076000,11.794000
support,xgboost,intel,500,2,4,xgboost_native,1774,11,292.133000,288.590000,303.160000
support,lightgbm,intel,500,2,64,treewalker_fullwalk,1774,21,108.867000,98.511000,112.274000
support,lightgbm,intel,500,2,64,treewalker,1774,21,19.813000,17.270000,20.488000
support,lightgbm,intel,500,2,64,lleaves,1774,21,81.539000,81.315000,81.721000
support,lightgbm,intel,500,2,64,tl2cgen,1774,21,97.284000,95.208000,97.797000
support,lightgbm,intel,500,2,64,lightgbm_native,1774,21,254.234000,251.042000,259.089000
support,lightgbm,intel,500,2,64,quickscorer,1774,21,24.362000,21.453000,24.913000
support,xgboost,intel,500,2,64,treewalker_fullwalk,1774,11,154.205000,153.932000,155.802000
support,xgboost,intel,500,2,64,treewalker,1774,11,23.245000,22.659000,25.080000
support,xgboost,intel,500,2,64,tl2cgen,1774,11,160.001000,159.987000,167.479000
support,xgboost,intel,500,2,64,xgboost_native,1774,11,293.648000,290.507000,296.867000
support,lightgbm,intel,500,2,8,treewalker_fullwalk,1774,21,16.094000,14.446000,16.234000
support,lightgbm,intel,500,2,8,treewalker,1774,21,7.723000,7.545000,7.878000
support,lightgbm,intel,500,2,8,lleaves,1774,21,15.293000,15.200000,16.010000
support,lightgbm,intel,500,2,8,tl2cgen,1774,21,18.061000,17.917000,19.218000
support,lightgbm,intel,500,2,8,lightgbm_native,1774,21,56.960000,53.440000,57.558000
support,lightgbm,intel,500,2,8,quickscorer,1774,21,3.531000,3.062000,3.567000
support,xgboost,intel,500,2,8,treewalker_fullwalk,1774,11,22.365000,22.257000,22.452000
support,xgboost,intel,500,2,8,treewalker,1774,11,8.002000,7.928000,8.228000
support,xgboost,intel,500,2,8,tl2cgen,1774,11,22.246000,22.244000,22.247000
support,xgboost,intel,500,2,8,xgboost_native,1774,11,291.451000,290.405000,296.422000
support,lightgbm,intel,500,4,1,treewalker_fullwalk,1774,21,8.069000,7.675000,8.418000
support,lightgbm,intel,500,4,1,treewalker,1774,21,9.075000,8.869000,9.691000
support,lightgbm,intel,500,4,1,lleaves,1774,21,4.678000,4.497000,4.903000
support,lightgbm,intel,500,4,1,tl2cgen,1774,21,6.623000,6.310000,6.982000
support,lightgbm,intel,500,4,1,lightgbm_native,1774,21,22.884000,22.364000,24.326000
support,lightgbm,intel,500,4,1,quickscorer,1774,21,1.389000,1.338000,1.464000
support,xgboost,intel,500,4,1,treewalker_fullwalk,1774,21,7.824000,6.713000,8.044000
support,xgboost,intel,500,4,1,treewalker,1774,21,8.682000,7.193000,9.096000
support,xgboost,intel,500,4,1,tl2cgen,1774,21,3.128000,2.582000,3.130000
support,xgboost,intel,500,4,1,xgboost_native,1774,21,292.836000,283.308000,296.946000
support,lightgbm,intel,500,4,128,treewalker_fullwalk,1774,21,428.875000,426.684000,431.788000
support,lightgbm,intel,500,4,128,treewalker,1774,21,77.540000,75.932000,82.133000
support,lightgbm,intel,500,4,128,lleaves,1774,21,172.401000,171.685000,172.663000
support,lightgbm,intel,500,4,128,tl2cgen,1774,21,325.131000,321.408000,327.219000
support,lightgbm,intel,500,4,128,lightgbm_native,1774,21,750.897000,746.887000,756.071000
support,lightgbm,intel,500,4,128,quickscorer,1774,21,154.266000,143.423000,157.687000
support,xgboost,intel,500,4,128,treewalker_fullwalk,1774,21,489.351000,486.696000,492.233000
support,xgboost,intel,500,4,128,treewalker,1774,21,77.418000,75.975000,81.228000
support,xgboost,intel,500,4,128,tl2cgen,1774,21,331.618000,331.029000,337.085000
support,xgboost,intel,500,4,128,xgboost_native,1774,21,294.252000,287.610000,297.874000
support,lightgbm,intel,500,4,16,treewalker_fullwalk,1774,21,76.341000,75.268000,76.815000
support,lightgbm,intel,500,4,16,treewalker,1774,21,25.323000,24.861000,25.634000
support,lightgbm,intel,500,4,16,lleaves,1774,21,38.165000,38.056000,38.592000
support,lightgbm,intel,500,4,16,tl2cgen,1774,21,60.812000,60.167000,61.705000
support,lightgbm,intel,500,4,16,lightgbm_native,1774,21,171.214000,170.298000,175.254000
support,lightgbm,intel,500,4,16,quickscorer,1774,21,22.828000,20.762000,23.194000
support,xgboost,intel,500,4,16,treewalker_fullwalk,1774,21,85.463000,84.144000,89.769000
support,xgboost,intel,500,4,16,treewalker,1774,21,24.775000,24.463000,26.412000
support,xgboost,intel,500,4,16,tl2cgen,1774,21,50.410000,50.386000,50.445000
support,xgboost,intel,500,4,16,xgboost_native,1774,21,293.043000,290.566000,297.864000
support,lightgbm,intel,500,4,2,treewalker_fullwalk,1774,11,14.736000,14.548000,15.127000
support,lightgbm,intel,500,4,2,treewalker,1774,11,14.039000,13.882000,14.400000
support,lightgbm,intel,500,4,2,lleaves,1774,11,9.056000,8.965000,9.341000
support,lightgbm,intel,500,4,2,tl2cgen,1774,11,13.067000,12.988000,13.816000
support,lightgbm,intel,500,4,2,lightgbm_native,1774,11,40.252000,39.820000,41.332000
support,lightgbm,intel,500,4,2,quickscorer,1774,11,2.720000,2.642000,2.786000
support,xgboost,intel,500,4,2,treewalker_fullwalk,1774,21,15.161000,13.741000,15.960000
support,xgboost,intel,500,4,2,treewalker,1774,21,13.501000,13.102000,13.745000
support,xgboost,intel,500,4,2,tl2cgen,1774,21,6.071000,6.065000,6.077000
support,xgboost,intel,500,4,2,xgboost_native,1774,21,292.876000,290.165000,296.463000
support,lightgbm,intel,500,4,32,treewalker_fullwalk,1774,21,143.882000,142.729000,144.477000
support,lightgbm,intel,500,4,32,treewalker,1774,21,31.255000,30.362000,32.901000
support,lightgbm,intel,500,4,32,lleaves,1774,21,65.221000,64.700000,65.668000
support,lightgbm,intel,500,4,32,tl2cgen,1774,21,110.271000,108.631000,114.845000
support,lightgbm,intel,500,4,32,lightgbm_native,1774,21,294.644000,293.141000,297.192000
support,lightgbm,intel,500,4,32,quickscorer,1774,21,45.037000,42.344000,47.020000
support,xgboost,intel,500,4,32,treewalker_fullwalk,1774,20,163.110000,161.554000,165.018000
support,xgboost,intel,500,4,32,treewalker,1774,20,31.262000,30.801000,33.052000
support,xgboost,intel,500,4,32,tl2cgen,1774,20,101.314000,100.604000,107.148000
support,xgboost,intel,500,4,32,xgboost_native,1774,20,292.909000,290.815000,297.627000
support,lightgbm,intel,500,4,4,treewalker_fullwalk,1774,21,25.690000,24.974000,25.986000
support,lightgbm,intel,500,4,4,treewalker,1774,21,18.544000,18.225000,19.077000
support,lightgbm,intel,500,4,4,lleaves,1774,21,15.153000,14.725000,15.676000
support,lightgbm,intel,500,4,4,tl2cgen,1774,21,21.716000,20.980000,22.818000
support,lightgbm,intel,500,4,4,lightgbm_native,1774,21,68.494000,64.843000,71.588000
support,lightgbm,intel,500,4,4,quickscorer,1774,21,5.433000,4.869000,5.510000
support,xgboost,intel,500,4,4,treewalker_fullwalk,1774,11,27.293000,26.989000,28.933000
support,xgboost,intel,500,4,4,treewalker,1774,11,17.026000,16.887000,18.315000
support,xgboost,intel,500,4,4,tl2cgen,1774,11,12.462000,12.460000,13.166000
support,xgboost,intel,500,4,4,xgboost_native,1774,11,291.368000,290.448000,295.904000
support,lightgbm,intel,500,4,64,treewalker_fullwalk,1774,11,248.531000,246.821000,249.782000
support,lightgbm,intel,500,4,64,treewalker,1774,11,37.646000,37.281000,39.480000
support,lightgbm,intel,500,4,64,lleaves,1774,11,106.247000,106.106000,106.483000
support,lightgbm,intel,500,4,64,tl2cgen,1774,11,189.593000,187.658000,195.538000
support,lightgbm,intel,500,4,64,lightgbm_native,1774,11,469.218000,466.644000,471.270000
support,lightgbm,intel,500,4,64,quickscorer,1774,11,85.166000,84.030000,89.432000
support,xgboost,intel,500,4,64,treewalker_fullwalk,1774,11,280.080000,279.337000,282.431000
support,xgboost,intel,500,4,64,treewalker,1774,11,37.551000,37.003000,38.505000
support,xgboost,intel,500,4,64,tl2cgen,1774,11,184.994000,184.935000,194.471000
support,xgboost,intel,500,4,64,xgboost_native,1774,11,294.131000,292.484000,296.253000
support,lightgbm,intel,500,4,8,treewalker_fullwalk,1774,21,43.977000,42.967000,44.518000
support,lightgbm,intel,500,4,8,treewalker,1774,21,21.693000,19.235000,22.182000
support,lightgbm,intel,500,4,8,lleaves,1774,21,24.343000,22.604000,24.691000
support,lightgbm,intel,500,4,8,tl2cgen,1774,21,36.247000,33.780000,36.464000
support,lightgbm,intel,500,4,8,lightgbm_native,1774,21,109.022000,107.363000,110.446000
support,lightgbm,intel,500,4,8,quickscorer,1774,21,10.960000,10.389000,11.191000
support,xgboost,intel,500,4,8,treewalker_fullwalk,1774,21,48.085000,45.776000,49.088000
support,xgboost,intel,500,4,8,treewalker,1774,21,20.360000,19.997000,21.800000
support,xgboost,intel,500,4,8,tl2cgen,1774,21,24.795000,21.544000,24.821000
support,xgboost,intel,500,4,8,xgboost_native,1774,21,292.010000,290.043000,297.217000
support,lightgbm,intel,500,8,1,treewalker_fullwalk,1774,21,18.501000,16.130000,18.982000
support,lightgbm,intel,500,8,1,treewalker,1774,21,18.526000,17.000000,19.487000
support,lightgbm,intel,500,8,1,lleaves,1774,21,11.292000,10.084000,11.523000
support,lightgbm,intel,500,8,1,tl2cgen,1774,21,17.550000,15.179000,19.110000
support,lightgbm,intel,500,8,1,lightgbm_native,1774,21,41.941000,37.160000,44.640000
support,xgboost,intel,500,8,1,treewalker_fullwalk,1774,21,20.869000,18.132000,21.507000
support,xgboost,intel,500,8,1,treewalker,1774,21,20.112000,18.700000,20.973000
support,xgboost,intel,500,8,1,tl2cgen,1774,21,4.294000,3.721000,4.320000
support,xgboost,intel,500,8,1,xgboost_native,1774,21,292.429000,286.370000,294.731000
support,lightgbm,intel,500,8,128,treewalker_fullwalk,1774,11,899.852000,892.550000,904.938000
support,lightgbm,intel,500,8,128,treewalker,1774,11,132.232000,129.506000,135.202000
support,lightgbm,intel,500,8,128,lleaves,1774,11,315.253000,311.740000,323.537000
support,lightgbm,intel,500,8,128,tl2cgen,1774,11,805.882000,797.621000,813.521000
support,lightgbm,intel,500,8,128,lightgbm_native,1774,11,1787.717000,1756.477000,1804.240000
support,xgboost,intel,500,8,128,treewalker_fullwalk,1774,11,996.048000,987.665000,1001.827000
support,xgboost,intel,500,8,128,treewalker,1774,11,136.555000,135.315000,139.185000
support,xgboost,intel,500,8,128,tl2cgen,1774,11,522.445000,518.489000,527.274000
support,xgboost,intel,500,8,128,xgboost_native,1774,11,293.506000,287.614000,297.540000
support,lightgbm,intel,500,8,16,treewalker_fullwalk,1774,16,189.637000,182.896000,192.640000
support,lightgbm,intel,500,8,16,treewalker,1774,16,65.893000,64.077000,67.625000
support,lightgbm,intel,500,8,16,lleaves,1774,16,84.177000,81.874000,84.969000
support,lightgbm,intel,500,8,16,tl2cgen,1774,16,184.117000,179.154000,187.722000
support,lightgbm,intel,500,8,16,lightgbm_native,1774,16,465.522000,453.527000,468.108000
support,xgboost,intel,500,8,16,treewalker_fullwalk,1774,11,205.882000,202.002000,209.039000
support,xgboost,intel,500,8,16,treewalker,1774,11,64.136000,61.505000,65.174000
support,xgboost,intel,500,8,16,tl2cgen,1774,11,76.266000,76.010000,76.574000
support,xgboost,intel,500,8,16,xgboost_native,1774,11,292.683000,291.139000,294.446000
support,lightgbm,intel,500,8,2,treewalker_fullwalk,1774,21,35.283000,34.692000,36.007000
support,lightgbm,intel,500,8,2,treewalker,1774,21,34.186000,33.617000,34.983000
support,lightgbm,intel,500,8,2,lleaves,1774,21,21.491000,20.853000,22.720000
support,lightgbm,intel,500,8,2,tl2cgen,1774,21,36.928000,35.253000,39.187000
support,lightgbm,intel,500,8,2,lightgbm_native,1774,21,78.370000,76.528000,78.962000
support,xgboost,intel,500,8,2,treewalker_fullwalk,1774,21,39.335000,35.751000,41.856000
support,xgboost,intel,500,8,2,treewalker,1774,21,36.808000,34.453000,37.692000
support,xgboost,intel,500,8,2,tl2cgen,1774,21,9.324000,8.164000,9.880000
support,xgboost,intel,500,8,2,xgboost_native,1774,21,292.402000,288.689000,297.762000
support,lightgbm,intel,500,8,32,treewalker_fullwalk,1774,21,326.249000,313.282000,332.925000
support,lightgbm,intel,500,8,32,treewalker,1774,21,80.455000,76.997000,84.536000
support,lightgbm,intel,500,8,32,lleaves,1774,21,135.308000,127.272000,137.876000
support,lightgbm,intel,500,8,32,tl2cgen,1774,21,307.810000,289.392000,313.510000
support,lightgbm,intel,500,8,32,lightgbm_native,1774,21,766.748000,756.054000,778.125000
support,xgboost,intel,500,8,32,treewalker_fullwalk,1774,21,354.660000,351.430000,360.165000
support,xgboost,intel,500,8,32,treewalker,1774,21,79.622000,76.845000,81.872000
support,xgboost,intel,500,8,32,tl2cgen,1774,21,154.947000,141.577000,156.198000
support,xgboost,intel,500,8,32,xgboost_native,1774,21,292.819000,287.757000,294.962000
support,lightgbm,intel,500,8,4,treewalker_fullwalk,1774,15,66.150000,64.422000,67.402000
support,lightgbm,intel,500,8,4,treewalker,1774,15,47.354000,46.785000,48.673000
support,lightgbm,intel,500,8,4,lleaves,1774,15,37.263000,35.888000,37.975000
support,lightgbm,intel,500,8,4,tl2cgen,1774,15,66.791000,63.007000,68.364000
support,lightgbm,intel,500,8,4,lightgbm_native,1774,15,158.333000,155.236000,159.935000
support,xgboost,intel,500,8,4,treewalker_fullwalk,1774,21,72.021000,68.353000,73.369000
support,xgboost,intel,500,8,4,treewalker,1774,21,47.562000,42.428000,48.291000
support,xgboost,intel,500,8,4,tl2cgen,1774,21,18.516000,16.211000,18.757000
support,xgboost,intel,500,8,4,xgboost_native,1774,21,290.871000,269.223000,294.808000
support,lightgbm,intel,500,8,64,treewalker_fullwalk,1774,21,526.204000,519.769000,529.715000
support,lightgbm,intel,500,8,64,treewalker,1774,21,79.184000,70.035000,82.311000
support,lightgbm,intel,500,8,64,lleaves,1774,21,194.763000,183.035000,201.976000
support,lightgbm,intel,500,8,64,tl2cgen,1774,21,476.574000,468.128000,481.890000
support,lightgbm,intel,500,8,64,lightgbm_native,1774,21,1112.333000,1095.467000,1128.704000
support,xgboost,intel,500,8,64,treewalker_fullwalk,1774,20,593.125000,585.788000,597.000000
support,xgboost,intel,500,8,64,treewalker,1774,20,93.544000,91.938000,98.473000
support,xgboost,intel,500,8,64,tl2cgen,1774,20,282.544000,259.116000,283.915000
support,xgboost,intel,500,8,64,xgboost_native,1774,20,293.408000,290.523000,297.584000
support,lightgbm,intel,500,8,8,treewalker_fullwalk,1774,13,116.776000,114.705000,117.705000
support,lightgbm,intel,500,8,8,treewalker,1774,13,58.222000,57.360000,59.139000
support,lightgbm,intel,500,8,8,lleaves,1774,13,58.697000,57.426000,59.293000
support,lightgbm,intel,500,8,8,tl2cgen,1774,13,117.190000,113.996000,119.618000
support,lightgbm,intel,500,8,8,lightgbm_native,1774,13,276.927000,266.334000,281.205000
support,xgboost,intel,500,8,8,treewalker_fullwalk,1774,21,124.628000,119.383000,129.120000
support,xgboost,intel,500,8,8,treewalker,1774,21,57.560000,56.646000,58.444000
support,xgboost,intel,500,8,8,tl2cgen,1774,21,38.827000,35.380000,39.311000
support,xgboost,intel,500,8,8,xgboost_native,1774,21,291.797000,286.289000,295.027000
support,lightgbm,intel,50,16,1,treewalker_fullwalk,1774,21,3.741000,3.255000,3.807000
support,lightgbm,intel,50,16,1,treewalker,1774,21,3.704000,3.341000,3.783000
support,lightgbm,intel,50,16,1,lleaves,1774,21,2.555000,2.462000,2.597000
support,lightgbm,intel,50,16,1,tl2cgen,1774,21,3.272000,3.208000,3.392000
support,lightgbm,intel,50,16,1,lightgbm_native,1774,21,10.694000,9.425000,10.876000
support,xgboost,intel,50,16,1,treewalker_fullwalk,1774,21,4.608000,4.090000,4.776000
support,xgboost,intel,50,16,1,treewalker,1774,21,4.451000,3.892000,4.762000
support,xgboost,intel,50,16,1,tl2cgen,1774,21,0.373000,0.358000,0.394000
support,xgboost,intel,50,16,1,xgboost_native,1774,21,290.298000,271.421000,293.958000
support,lightgbm,intel,50,16,128,treewalker_fullwalk,1774,21,236.813000,222.983000,242.476000
support,lightgbm,intel,50,16,128,treewalker,1774,21,70.521000,65.000000,71.629000
support,lightgbm,intel,50,16,128,lleaves,1774,21,143.795000,135.662000,151.291000
support,lightgbm,intel,50,16,128,tl2cgen,1774,21,210.736000,202.560000,214.432000
support,lightgbm,intel,50,16,128,lightgbm_native,1774,21,461.962000,439.985000,468.215000
support,xgboost,intel,50,16,128,treewalker_fullwalk,1774,21,229.981000,227.202000,234.145000
support,xgboost,intel,50,16,128,treewalker,1774,21,55.874000,50.298000,56.711000
support,xgboost,intel,50,16,128,tl2cgen,1774,21,39.575000,34.386000,39.688000
support,xgboost,intel,50,16,128,xgboost_native,1774,21,294.001000,289.393000,297.126000
support,lightgbm,intel,50,16,16,treewalker_fullwalk,1774,21,56.480000,51.602000,57.588000
support,lightgbm,intel,50,16,16,treewalker,1774,21,31.282000,27.203000,31.921000
support,lightgbm,intel,50,16,16,lleaves,1774,21,37.390000,32.705000,38.546000
support,lightgbm,intel,50,16,16,tl2cgen,1774,21,55.979000,50.407000,57.745000
support,lightgbm,intel,50,16,16,lightgbm_native,1774,21,105.989000,97.483000,110.489000
support,xgboost,intel,50,16,16,treewalker_fullwalk,1774,21,60.954000,58.596000,62.244000
support,xgboost,intel,50,16,16,treewalker,1774,21,32.362000,28.814000,33.734000
support,xgboost,intel,50,16,16,tl2cgen,1774,21,5.079000,5.046000,5.408000
support,xgboost,intel,50,16,16,xgboost_native,1774,21,291.963000,289.979000,300.833000
support,lightgbm,intel,50,16,2,treewalker_fullwalk,1774,21,7.878000,6.863000,9.154000
support,lightgbm,intel,50,16,2,treewalker,1774,21,8.439000,7.427000,8.967000
support,lightgbm,intel,50,16,2,lleaves,1774,21,5.468000,4.774000,5.636000
support,lightgbm,intel,50,16,2,tl2cgen,1774,21,7.285000,6.255000,7.552000
support,lightgbm,intel,50,16,2,lightgbm_native,1774,21,17.232000,15.071000,18.379000
support,xgboost,intel,50,16,2,treewalker_fullwalk,1774,11,9.486000,9.331000,9.692000
support,xgboost,intel,50,16,2,treewalker,1774,11,9.837000,9.737000,10.023000
support,xgboost,intel,50,16,2,tl2cgen,1774,11,0.677000,0.673000,0.682000
support,xgboost,intel,50,16,2,xgboost_native,1774,11,292.267000,290.703000,298.672000
support,lightgbm,intel,50,16,32,treewalker_fullwalk,1774,19,96.838000,95.554000,100.161000
support,lightgbm,intel,50,16,32,treewalker,1774,19,44.348000,43.065000,44.890000
support,lightgbm,intel,50,16,32,lleaves,1774,19,64.744000,62.422000,66.187000
support,lightgbm,intel,50,16,32,tl2cgen,1774,19,97.077000,92.713000,98.455000
support,lightgbm,intel,50,16,32,lightgbm_native,1774,19,190.023000,187.656000,192.555000
support,xgboost,intel,50,16,32,treewalker_fullwalk,1774,21,99.491000,90.967000,101.755000
support,xgboost,intel,50,16,32,treewalker,1774,21,41.554000,38.446000,42.024000
support,xgboost,intel,50,16,32,tl2cgen,1774,21,9.587000,8.413000,10.214000
support,xgboost,intel,50,16,32,xgboost_native,1774,21,291.970000,289.182000,296.271000
support,lightgbm,intel,50,16,4,treewalker_fullwalk,1774,21,16.350000,16.064000,18.180000
support,lightgbm,intel,50,16,4,treewalker,1774,21,15.470000,15.100000,15.929000
support,lightgbm,intel,50,16,4,lleaves,1774,21,11.221000,10.721000,11.392000
support,lightgbm,intel,50,16,4,tl2cgen,1774,21,15.007000,14.283000,15.644000
support,lightgbm,intel,50,16,4,lightgbm_native,1774,21,31.826000,31.567000,32.173000
support,xgboost,intel,50,16,4,treewalker_fullwalk,1774,15,19.305000,18.947000,19.746000
support,xgboost,intel,50,16,4,treewalker,1774,15,17.678000,17.190000,18.260000
support,xgboost,intel,50,16,4,tl2cgen,1774,15,1.241000,1.237000,1.247000
support,xgboost,intel,50,16,4,xgboost_native,1774,15,292.217000,289.602000,295.734000
support,lightgbm,intel,50,16,64,treewalker_fullwalk,1774,21,141.874000,139.418000,143.782000
support,lightgbm,intel,50,16,64,treewalker,1774,21,46.245000,42.931000,47.059000
support,lightgbm,intel,50,16,64,lleaves,1774,21,87.346000,82.774000,92.028000
support,lightgbm,intel,50,16,64,tl2cgen,1774,21,130.632000,125.300000,133.707000
support,lightgbm,intel,50,16,64,lightgbm_native,1774,21,281.210000,271.005000,285.247000
support,xgboost,intel,50,16,64,treewalker_fullwalk,1774,21,140.964000,130.334000,143.153000
support,xgboost,intel,50,16,64,treewalker,1774,21,40.015000,35.395000,40.867000
support,xgboost,intel,50,16,64,tl2cgen,1774,21,19.078000,19.020000,19.158000
support,xgboost,intel,50,16,64,xgboost_native,1774,21,291.636000,268.709000,296.717000
support,lightgbm,intel,50,16,8,treewalker_fullwalk,1774,21,31.038000,28.884000,32.229000
support,lightgbm,intel,50,16,8,treewalker,1774,21,21.958000,19.570000,23.509000
support,lightgbm,intel,50,16,8,lleaves,1774,21,21.455000,19.108000,22.067000
support,lightgbm,intel,50,16,8,tl2cgen,1774,21,30.116000,26.666000,31.805000
support,lightgbm,intel,50,16,8,lightgbm_native,1774,21,58.575000,51.282000,61.483000
support,xgboost,intel,50,16,8,treewalker_fullwalk,1774,21,35.464000,32.427000,36.123000
support,xgboost,intel,50,16,8,treewalker,1774,21,25.266000,24.141000,25.979000
support,xgboost,intel,50,16,8,tl2cgen,1774,21,2.470000,2.454000,2.487000
support,xgboost,intel,50,16,8,xgboost_native,1774,21,291.277000,275.605000,294.212000
support,lightgbm,intel,50,2,1,treewalker_fullwalk,1774,11,0.364000,0.361000,0.380000
support,lightgbm,intel,50,2,1,treewalker,1774,11,0.468000,0.465000,0.487000
support,lightgbm,intel,50,2,1,lleaves,1774,11,0.196000,0.194000,0.198000
support,lightgbm,intel,50,2,1,tl2cgen,1774,11,0.247000,0.245000,0.255000
support,lightgbm,intel,50,2,1,lightgbm_native,1774,11,4.938000,4.911000,4.993000
support,lightgbm,intel,50,2,1,quickscorer,1774,11,0.128000,0.125000,0.131000
support,xgboost,intel,50,2,1,treewalker_fullwalk,1774,21,0.470000,0.394000,0.493000
support,xgboost,intel,50,2,1,treewalker,1774,21,0.540000,0.447000,0.560000
support,xgboost,intel,50,2,1,tl2cgen,1774,21,0.336000,0.292000,0.337000
support,xgboost,intel,50,2,1,xgboost_native,1774,21,292.230000,275.550000,294.176000
support,lightgbm,intel,50,2,128,treewalker_fullwalk,1774,21,24.005000,21.350000,25.727000
support,lightgbm,intel,50,2,128,treewalker,1774,21,9.653000,8.342000,10.288000
support,lightgbm,intel,50,2,128,lleaves,1774,21,14.439000,12.527000,15.369000
support,lightgbm,intel,50,2,128,tl2cgen,1774,21,15.624000,13.658000,16.318000
support,lightgbm,intel,50,2,128,lightgbm_native,1774,21,53.938000,46.904000,57.304000
support,lightgbm,intel,50,2,128,quickscorer,1774,21,7.602000,6.604000,8.092000
support,xgboost,intel,50,2,128,treewalker_fullwalk,1774,21,30.528000,26.821000,31.853000
support,xgboost,intel,50,2,128,treewalker,1774,21,10.545000,9.417000,11.626000
support,xgboost,intel,50,2,128,tl2cgen,1774,21,30.886000,26.827000,30.901000
support,xgboost,intel,50,2,128,xgboost_native,1774,21,292.429000,285.133000,297.328000
support,lightgbm,intel,50,2,16,treewalker_fullwalk,1774,21,3.964000,3.422000,4.023000
support,lightgbm,intel,50,2,16,treewalker,1774,21,1.587000,1.367000,1.670000
support,lightgbm,intel,50,2,16,lleaves,1774,21,2.340000,2.031000,2.358000
support,lightgbm,intel,50,2,16,tl2cgen,1774,21,2.960000,2.585000,2.997000
support,lightgbm,intel,50,2,16,lightgbm_native,1774,21,12.846000,11.175000,12.938000
support,lightgbm,intel,50,2,16,quickscorer,1774,21,1.284000,1.097000,1.319000
support,xgboost,intel,50,2,16,treewalker_fullwalk,1774,21,5.380000,4.991000,5.617000
support,xgboost,intel,50,2,16,treewalker,1774,21,1.944000,1.690000,2.308000
support,xgboost,intel,50,2,16,tl2cgen,1774,21,4.773000,4.770000,4.777000
support,xgboost,intel,50,2,16,xgboost_native,1774,21,292.092000,288.216000,293.592000
support,lightgbm,intel,50,2,2,treewalker_fullwalk,1774,11,0.576000,0.573000,0.600000
support,lightgbm,intel,50,2,2,treewalker,1774,11,0.744000,0.736000,0.779000
support,lightgbm,intel,50,2,2,lleaves,1774,11,0.348000,0.343000,0.353000
support,lightgbm,intel,50,2,2,tl2cgen,1774,11,0.451000,0.448000,0.460000
support,lightgbm,intel,50,2,2,lightgbm_native,1774,11,5.324000,5.309000,5.368000
support,lightgbm,intel,50,2,2,quickscorer,1774,11,0.212000,0.207000,0.218000
support,xgboost,intel,50,2,2,treewalker_fullwalk,1774,21,0.754000,0.666000,0.793000
support,xgboost,intel,50,2,2,treewalker,1774,21,0.831000,0.718000,0.847000
support,xgboost,intel,50,2,2,tl2cgen,1774,21,0.634000,0.550000,0.674000
support,xgboost,intel,50,2,2,xgboost_native,1774,21,292.138000,288.503000,295.575000
support,lightgbm,intel,50,2,32,treewalker_fullwalk,1774,21,7.941000,7.811000,8.105000
support,lightgbm,intel,50,2,32,treewalker,1774,21,2.387000,2.211000,2.549000
support,lightgbm,intel,50,2,32,lleaves,1774,21,4.647000,4.044000,4.657000
support,lightgbm,intel,50,2,32,tl2cgen,1774,21,5.740000,5.467000,5.804000
support,lightgbm,intel,50,2,32,lightgbm_native,1774,21,20.691000,17.966000,20.998000
support,lightgbm,intel,50,2,32,quickscorer,1774,21,2.226000,1.994000,2.315000
support,xgboost,intel,50,2,32,treewalker_fullwalk,1774,21,10.309000,10.044000,11.058000
support,xgboost,intel,50,2,32,treewalker,1774,21,3.106000,3.021000,3.512000
support,xgboost,intel,50,2,32,tl2cgen,1774,21,9.531000,9.526000,10.143000
support,xgboost,intel,50,2,32,xgboost_native,1774,21,292.288000,288.223000,295.892000
support,lightgbm,intel,50,2,4,treewalker_fullwalk,1774,21,1.085000,1.051000,1.160000
support,lightgbm,intel,50,2,4,treewalker,1774,21,1.011000,0.968000,1.083000
support,lightgbm,intel,50,2,4,lleaves,1774,21,0.666000,0.647000,0.703000
support,lightgbm,intel,50,2,4,tl2cgen,1774,21,0.814000,0.795000,0.873000
support,lightgbm,intel,50,2,4,lightgbm_native,1774,21,6.588000,6.550000,7.133000
support,lightgbm,intel,50,2,4,quickscorer,1774,21,0.351000,0.333000,0.376000
support,xgboost,intel,50,2,4,treewalker_fullwalk,1774,21,1.457000,1.278000,1.503000
support,xgboost,intel,50,2,4,treewalker,1774,21,1.118000,1.008000,1.144000
support,xgboost,intel,50,2,4,tl2cgen,1774,21,1.223000,1.062000,1.228000
support,xgboost,intel,50,2,4,xgboost_native,1774,21,292.461000,289.013000,295.876000
support,lightgbm,intel,50,2,64,treewalker_fullwalk,1774,21,14.103000,12.673000,14.842000
support,lightgbm,intel,50,2,64,treewalker,1774,21,3.741000,3.292000,4.076000
support,lightgbm,intel,50,2,64,lleaves,1774,21,8.146000,7.085000,8.162000
support,lightgbm,intel,50,2,64,tl2cgen,1774,21,9.677000,8.725000,9.844000
support,lightgbm,intel,50,2,64,lightgbm_native,1774,21,32.369000,31.234000,32.562000
support,lightgbm,intel,50,2,64,quickscorer,1774,21,4.046000,3.541000,4.123000
support,xgboost,intel,50,2,64,treewalker_fullwalk,1774,21,17.864000,16.110000,18.575000
support,xgboost,intel,50,2,64,treewalker,1774,21,4.412000,4.253000,5.173000
support,xgboost,intel,50,2,64,tl2cgen,1774,21,17.202000,14.943000,18.305000
support,xgboost,intel,50,2,64,xgboost_native,1774,21,292.245000,289.501000,295.469000
support,lightgbm,intel,50,2,8,treewalker_fullwalk,1774,21,2.032000,1.776000,2.112000
support,lightgbm,intel,50,2,8,treewalker,1774,21,1.237000,1.074000,1.267000
support,lightgbm,intel,50,2,8,lleaves,1774,21,1.215000,1.053000,1.226000
support,lightgbm,intel,50,2,8,tl2cgen,1774,21,1.512000,1.300000,1.538000
support,lightgbm,intel,50,2,8,lightgbm_native,1774,21,8.629000,7.506000,8.700000
support,lightgbm,intel,50,2,8,quickscorer,1774,21,0.676000,0.584000,0.689000
support,xgboost,intel,50,2,8,treewalker_fullwalk,1774,21,2.736000,2.643000,2.810000
support,xgboost,intel,50,2,8,treewalker,1774,21,1.477000,1.255000,1.547000
support,xgboost,intel,50,2,8,tl2cgen,1774,21,2.414000,2.099000,2.568000
support,xgboost,intel,50,2,8,xgboost_native,1774,21,292.757000,285.563000,295.762000
support,lightgbm,intel,50,4,1,treewalker_fullwalk,1774,21,1.015000,0.885000,1.102000
support,lightgbm,intel,50,4,1,treewalker,1774,21,0.995000,0.951000,1.071000
support,lightgbm,intel,50,4,1,lleaves,1774,21,0.397000,0.371000,0.418000
support,lightgbm,intel,50,4,1,tl2cgen,1774,21,0.686000,0.646000,0.716000
support,lightgbm,intel,50,4,1,lightgbm_native,1774,21,6.304000,6.127000,6.396000
support,lightgbm,intel,50,4,1,quickscorer,1774,21,0.459000,0.447000,0.470000
support,xgboost,intel,50,4,1,treewalker_fullwalk,1774,21,1.020000,0.898000,1.082000
support,xgboost,intel,50,4,1,treewalker,1774,21,1.047000,0.951000,1.102000
support,xgboost,intel,50,4,1,tl2cgen,1774,21,0.351000,0.304000,0.373000
support,xgboost,intel,50,4,1,xgboost_native,1774,21,292.294000,290.867000,298.403000
support,lightgbm,intel,50,4,128,treewalker_fullwalk,1774,11,51.180000,50.414000,51.914000
support,lightgbm,intel,50,4,128,treewalker,1774,11,13.287000,13.121000,13.994000
support,lightgbm,intel,50,4,128,lleaves,1774,11,19.549000,19.362000,19.734000
support,lightgbm,intel,50,4,128,tl2cgen,1774,11,31.370000,31.274000,31.607000
support,lightgbm,intel,50,4,128,lightgbm_native,1774,11,108.386000,107.988000,113.451000
support,lightgbm,intel,50,4,128,quickscorer,1774,11,32.570000,31.878000,32.909000
support,xgboost,intel,50,4,128,treewalker_fullwalk,1774,21,56.484000,51.434000,57.720000
support,xgboost,intel,50,4,128,treewalker,1774,21,13.846000,13.483000,14.729000
support,xgboost,intel,50,4,128,tl2cgen,1774,21,30.904000,30.892000,32.899000
support,xgboost,intel,50,4,128,xgboost_native,1774,21,294.062000,288.961000,297.454000
support,lightgbm,intel,50,4,16,treewalker_fullwalk,1774,21,9.968000,8.727000,10.126000
support,lightgbm,intel,50,4,16,treewalker,1774,21,4.847000,4.178000,5.076000
support,lightgbm,intel,50,4,16,lleaves,1774,21,3.972000,3.470000,4.059000
support,lightgbm,intel,50,4,16,tl2cgen,1774,21,6.845000,5.999000,6.992000
support,lightgbm,intel,50,4,16,lightgbm_native,1774,21,26.454000,23.094000,26.733000
support,lightgbm,intel,50,4,16,quickscorer,1774,21,5.745000,5.508000,5.860000
support,xgboost,intel,50,4,16,treewalker_fullwalk,1774,21,10.784000,9.428000,10.971000
support,xgboost,intel,50,4,16,treewalker,1774,21,4.615000,4.060000,5.001000
support,xgboost,intel,50,4,16,tl2cgen,1774,21,4.772000,4.144000,4.775000
support,xgboost,intel,50,4,16,xgboost_native,1774,21,292.101000,284.537000,297.036000
support,lightgbm,intel,50,4,2,treewalker_fullwalk,1774,21,1.915000,1.836000,2.009000
support,lightgbm,intel,50,4,2,treewalker,1774,21,2.148000,2.053000,2.260000
support,lightgbm,intel,50,4,2,lleaves,1774,21,0.746000,0.721000,0.766000
support,lightgbm,intel,50,4,2,tl2cgen,1774,21,1.325000,1.281000,1.441000
support,lightgbm,intel,50,4,2,lightgbm_native,1774,21,7.934000,7.773000,8.339000
support,lightgbm,intel,50,4,2,quickscorer,1774,21,0.815000,0.798000,0.869000
support,xgboost,intel,50,4,2,treewalker_fullwalk,1774,21,1.948000,1.892000,2.016000
support,xgboost,intel,50,4,2,treewalker,1774,21,2.201000,2.106000,2.328000
support,xgboost,intel,50,4,2,tl2cgen,1774,21,0.631000,0.630000,0.671000
support,xgboost,intel,50,4,2,xgboost_native,1774,21,292.664000,291.838000,295.790000
support,lightgbm,intel,50,4,32,treewalker_fullwalk,1774,21,17.560000,15.271000,18.791000
support,lightgbm,intel,50,4,32,treewalker,1774,21,5.977000,5.384000,6.316000
support,lightgbm,intel,50,4,32,lleaves,1774,21,6.860000,6.780000,7.359000
support,lightgbm,intel,50,4,32,tl2cgen,1774,21,12.008000,11.840000,12.694000
support,lightgbm,intel,50,4,32,lightgbm_native,1774,21,40.962000,40.562000,41.635000
support,lightgbm,intel,50,4,32,quickscorer,1774,21,10.672000,9.288000,11.409000
support,xgboost,intel,50,4,32,treewalker_fullwalk,1774,21,19.080000,17.402000,20.242000
support,xgboost,intel,50,4,32,treewalker,1774,21,5.985000,5.818000,6.571000
support,xgboost,intel,50,4,32,tl2cgen,1774,21,9.456000,9.451000,10.066000
support,xgboost,intel,50,4,32,xgboost_native,1774,21,292.772000,286.845000,297.991000
support,lightgbm,intel,50,4,4,treewalker_fullwalk,1774,21,3.597000,3.428000,3.726000
support,lightgbm,intel,50,4,4,treewalker,1774,21,2.986000,2.887000,3.055000
support,lightgbm,intel,50,4,4,lleaves,1774,21,1.361000,1.322000,1.394000
support,lightgbm,intel,50,4,4,tl2cgen,1774,21,2.266000,2.177000,2.366000
support,lightgbm,intel,50,4,4,lightgbm_native,1774,21,11.278000,11.111000,11.466000
support,lightgbm,intel,50,4,4,quickscorer,1774,21,1.527000,1.496000,1.614000
support,xgboost,intel,50,4,4,treewalker_fullwalk,1774,21,3.602000,3.061000,3.851000
support,xgboost,intel,50,4,4,treewalker,1774,21,2.967000,2.897000,3.131000
support,xgboost,intel,50,4,4,tl2cgen,1774,21,1.220000,1.062000,1.299000
support,xgboost,intel,50,4,4,xgboost_native,1774,21,292.810000,288.840000,296.953000
support,lightgbm,intel,50,4,64,treewalker_fullwalk,1774,21,29.328000,28.769000,29.958000
support,lightgbm,intel,50,4,64,treewalker,1774,21,6.827000,6.466000,7.274000
support,lightgbm,intel,50,4,64,lleaves,1774,21,12.207000,10.686000,12.356000
support,lightgbm,intel,50,4,64,tl2cgen,1774,21,19.966000,17.403000,20.102000
support,lightgbm,intel,50,4,64,lightgbm_native,1774,21,66.240000,63.440000,66.777000
support,lightgbm,intel,50,4,64,quickscorer,1774,21,17.972000,17.005000,18.202000
support,xgboost,intel,50,4,64,treewalker_fullwalk,1774,21,32.110000,28.636000,32.771000
support,xgboost,intel,50,4,64,treewalker,1774,21,7.367000,7.199000,8.129000
support,xgboost,intel,50,4,64,tl2cgen,1774,21,17.082000,17.080000,18.180000
support,xgboost,intel,50,4,64,xgboost_native,1774,21,293.195000,283.815000,298.598000
support,lightgbm,intel,50,4,8,treewalker_fullwalk,1774,21,6.028000,5.946000,6.161000
support,lightgbm,intel,50,4,8,treewalker,1774,21,3.675000,3.573000,3.844000
support,lightgbm,intel,50,4,8,lleaves,1774,21,2.394000,2.343000,2.503000
support,lightgbm,intel,50,4,8,tl2cgen,1774,21,4.183000,4.012000,4.268000
support,lightgbm,intel,50,4,8,lightgbm_native,1774,21,17.057000,16.912000,17.256000
support,lightgbm,intel,50,4,8,quickscorer,1774,21,2.897000,2.806000,3.009000
support,xgboost,intel,50,4,8,treewalker_fullwalk,1774,21,6.436000,5.859000,6.604000
support,xgboost,intel,50,4,8,treewalker,1774,21,3.772000,3.673000,3.950000
support,xgboost,intel,50,4,8,tl2cgen,1774,21,2.401000,2.400000,2.402000
support,xgboost,intel,50,4,8,xgboost_native,1774,21,292.671000,289.728000,297.219000
support,lightgbm,intel,50,8,1,treewalker_fullwalk,1774,21,2.502000,2.201000,2.635000
support,lightgbm,intel,50,8,1,treewalker,1774,21,2.428000,2.097000,2.570000
support,lightgbm,intel,50,8,1,lleaves,1774,21,1.396000,1.176000,1.481000
support,lightgbm,intel,50,8,1,tl2cgen,1774,21,1.974000,1.681000,2.102000
support,lightgbm,intel,50,8,1,lightgbm_native,1774,21,8.693000,7.590000,9.251000
support,xgboost,intel,50,8,1,treewalker_fullwalk,1774,21,2.717000,2.626000,2.920000
support,xgboost,intel,50,8,1,treewalker,1774,21,2.677000,2.495000,2.809000
support,xgboost,intel,50,8,1,tl2cgen,1774,21,0.361000,0.355000,0.379000
support,xgboost,intel,50,8,1,xgboost_native,1774,21,293.019000,289.063000,295.510000
support,lightgbm,intel,50,8,128,treewalker_fullwalk,1774,20,112.054000,110.297000,115.862000
support,lightgbm,intel,50,8,128,treewalker,1774,20,25.346000,24.895000,26.314000
support,lightgbm,intel,50,8,128,lleaves,1774,20,40.480000,39.548000,43.052000
support,lightgbm,intel,50,8,128,tl2cgen,1774,20,63.529000,62.155000,64.692000
support,lightgbm,intel,50,8,128,lightgbm_native,1774,20,200.026000,198.121000,202.913000
support,xgboost,intel,50,8,128,treewalker_fullwalk,1774,11,121.640000,117.310000,124.141000
support,xgboost,intel,50,8,128,treewalker,1774,11,25.693000,25.518000,27.915000
support,xgboost,intel,50,8,128,tl2cgen,1774,11,34.839000,34.796000,37.087000
support,xgboost,intel,50,8,128,xgboost_native,1774,11,294.323000,291.720000,296.671000
support,lightgbm,intel,50,8,16,treewalker_fullwalk,1774,21,27.409000,26.732000,27.901000
support,lightgbm,intel,50,8,16,treewalker,1774,21,13.096000,12.631000,13.712000
support,lightgbm,intel,50,8,16,lleaves,1774,21,12.581000,11.115000,13.228000
support,lightgbm,intel,50,8,16,tl2cgen,1774,21,18.237000,16.116000,18.914000
support,lightgbm,intel,50,8,16,lightgbm_native,1774,21,52.428000,49.709000,55.520000
support,xgboost,intel,50,8,16,treewalker_fullwalk,1774,21,30.549000,29.230000,31.626000
support,xgboost,intel,50,8,16,treewalker,1774,21,13.751000,13.345000,14.573000
support,xgboost,intel,50,8,16,tl2cgen,1774,21,4.793000,4.786000,5.099000
support,xgboost,intel,50,8,16,xgboost_native,1774,21,292.284000,290.484000,296.239000
support,lightgbm,intel,50,8,2,treewalker_fullwalk,1774,21,4.886000,4.776000,5.076000
support,lightgbm,intel,50,8,2,treewalker,1774,21,5.238000,4.872000,5.561000
support,lightgbm,intel,50,8,2,lleaves,1774,21,2.585000,2.304000,2.705000
support,lightgbm,intel,50,8,2,tl2cgen,1774,21,3.852000,3.464000,4.052000
support,lightgbm,intel,50,8,2,lightgbm_native,1774,21,12.235000,12.067000,12.412000
support,xgboost,intel,50,8,2,treewalker_fullwalk,1774,21,5.443000,5.241000,5.828000
support,xgboost,intel,50,8,2,treewalker,1774,21,5.699000,5.343000,6.011000
support,xgboost,intel,50,8,2,tl2cgen,1774,21,0.705000,0.614000,0.751000
support,xgboost,intel,50,8,2,xgboost_native,1774,21,293.935000,291.742000,304.234000
support,lightgbm,intel,50,8,32,treewalker_fullwalk,1774,21,44.446000,41.243000,45.063000
support,lightgbm,intel,50,8,32,treewalker,1774,21,15.686000,13.956000,16.443000
support,lightgbm,intel,50,8,32,lleaves,1774,21,18.006000,16.920000,19.180000
support,lightgbm,intel,50,8,32,tl2cgen,1774,21,27.843000,25.551000,28.356000
support,lightgbm,intel,50,8,32,lightgbm_native,1774,21,83.054000,75.928000,85.377000
support,xgboost,intel,50,8,32,treewalker_fullwalk,1774,21,49.392000,48.243000,52.608000
support,xgboost,intel,50,8,32,treewalker,1774,21,16.357000,16.149000,17.137000
support,xgboost,intel,50,8,32,tl2cgen,1774,21,9.573000,9.558000,9.590000
support,xgboost,intel,50,8,32,xgboost_native,1774,21,292.566000,287.575000,297.296000
support,lightgbm,intel,50,8,4,treewalker_fullwalk,1774,21,9.784000,8.833000,10.306000
support,lightgbm,intel,50,8,4,treewalker,1774,21,8.777000,7.856000,9.133000
support,lightgbm,intel,50,8,4,lleaves,1774,21,4.830000,4.098000,5.044000
support,lightgbm,intel,50,8,4,tl2cgen,1774,21,6.566000,5.456000,7.579000
support,lightgbm,intel,50,8,4,lightgbm_native,1774,21,20.162000,17.601000,20.676000
support,xgboost,intel,50,8,4,treewalker_fullwalk,1774,21,10.211000,9.405000,10.917000
support,xgboost,intel,50,8,4,treewalker,1774,21,9.247000,8.240000,9.551000
support,xgboost,intel,50,8,4,tl2cgen,1774,21,1.238000,1.074000,1.239000
support,xgboost,intel,50,8,4,xgboost_native,1774,21,292.077000,288.967000,298.756000
support,lightgbm,intel,50,8,64,treewalker_fullwalk,1774,21,66.829000,61.061000,68.182000
support,lightgbm,intel,50,8,64,treewalker,1774,21,15.926000,14.243000,16.613000
support,lightgbm,intel,50,8,64,lleaves,1774,21,24.213000,21.607000,24.946000
support,lightgbm,intel,50,8,64,tl2cgen,1774,21,40.766000,36.636000,41.687000
support,lightgbm,intel,50,8,64,lightgbm_native,1774,21,118.100000,111.601000,121.390000
support,xgboost,intel,50,8,64,treewalker_fullwalk,1774,21,75.184000,71.545000,76.792000
support,xgboost,intel,50,8,64,treewalker,1774,21,18.435000,16.643000,19.456000
support,xgboost,intel,50,8,64,tl2cgen,1774,21,17.626000,15.642000,18.715000
support,xgboost,intel,50,8,64,xgboost_native,1774,21,294.145000,288.991000,297.205000
support,lightgbm,intel,50,8,8,treewalker_fullwalk,1774,21,16.758000,14.760000,17.168000
support,lightgbm,intel,50,8,8,treewalker,1774,21,11.018000,9.728000,12.008000
support,lightgbm,intel,50,8,8,lleaves,1774,21,8.304000,7.972000,8.928000
support,lightgbm,intel,50,8,8,tl2cgen,1774,21,11.557000,10.903000,12.385000
support,lightgbm,intel,50,8,8,lightgbm_native,1774,21,33.825000,32.514000,35.690000
support,xgboost,intel,50,8,8,treewalker_fullwalk,1774,21,18.541000,17.785000,19.757000
support,xgboost,intel,50,8,8,treewalker,1774,21,11.299000,10.893000,12.057000
support,xgboost,intel,50,8,8,tl2cgen,1774,21,2.488000,2.164000,2.648000
support,xgboost,intel,50,8,8,xgboost_native,1774,21,293.982000,290.654000,298.729000
