dataset,framework,arch,n_trees,max_depth,horizon,disable_precompute,disable_unsplit,disable_monotonic,disable_tree_ordering,disable_prefix_grouping,disable_bitset_intern,n_obs,constant_steps,varying_splits,unsplit_skips,recursive_calls,leaf_hits,partition_row_evals,precompute_row_evals,parse_time_us,rss_kb,model_bytes
expedia,lightgbm,arm,1000,16,,0,0,0,0,0,0,10000,241545763,425692716,346192248,79500468,89500468,0,2274760,369648,179384,646606117
expedia,lightgbm,arm,1000,16,,1,0,0,0,0,0,10000,241545763,425692716,346192248,79500468,89500468,2350655993,0,369648,179384,646606117
expedia,lightgbm,arm,1000,16,,0,1,0,0,0,0,10000,312501742,560900368,0,560900368,141850075,0,2274760,369648,179384,646606117
expedia,lightgbm,arm,1000,16,,1,1,0,0,0,0,10000,312501742,560900368,0,560900368,141850075,2350655993,0,369648,179384,646606117
expedia,lightgbm,arm,1000,16,,0,0,1,0,0,0,10000,241545763,425692716,346192248,79500468,89500468,0,2274760,369648,179384,646606117
expedia,lightgbm,arm,1000,16,,1,0,1,0,0,0,10000,241545763,425692716,346192248,79500468,89500468,2350655993,0,369648,179384,646606117
expedia,lightgbm,arm,1000,16,,0,1,1,0,0,0,10000,312501742,560900368,0,560900368,141850075,0,2274760,369648,179384,646606117
expedia,lightgbm,arm,1000,16,,1,1,1,0,0,0,10000,312501742,560900368,0,560900368,141850075,2350655993,0,369648,179384,646606117
expedia,lightgbm,arm,1000,16,,0,0,0,0,0,1,10000,241545763,425692716,346192248,79500468,89500468,0,2274760,344888,179384,646606117
expedia,lightgbm,arm,1000,16,,0,0,0,0,1,0,10000,242610034,425692716,346192248,79500468,89500468,0,2274760,348740,179384,646606117
expedia,lightgbm,arm,1000,16,,0,0,0,0,1,1,10000,242610034,425692716,346192248,79500468,89500468,0,2274760,347941,179384,646606117
expedia,lightgbm,arm,1000,16,,0,0,0,1,0,0,10000,241545763,425692716,346192248,79500468,89500468,0,2274760,329215,179388,646606117
expedia,lightgbm,arm,1000,16,,0,0,0,1,0,1,10000,241545763,425692716,346192248,79500468,89500468,0,2274760,291893,179388,646606117
expedia,lightgbm,arm,1000,16,,0,0,0,1,1,0,10000,242610034,425692716,346192248,79500468,89500468,0,2274760,293111,179388,646606117
expedia,lightgbm,arm,1000,16,,0,0,0,1,1,1,10000,242610034,425692716,346192248,79500468,89500468,0,2274760,291908,179388,646606117
expedia,xgboost,arm,1000,16,,0,0,0,0,0,0,10000,225849777,395533739,318507189,77026550,87026550,0,2274760,171226,120412,304283693
expedia,xgboost,arm,1000,16,,1,0,0,0,0,0,10000,225849777,395533739,318507189,77026550,87026550,2355276228,0,171226,120412,304283693
expedia,xgboost,arm,1000,16,,0,1,0,0,0,0,10000,291037402,511001550,0,511001550,136527774,0,2274760,171226,120412,304283693
expedia,xgboost,arm,1000,16,,1,1,0,0,0,0,10000,291037402,511001550,0,511001550,136527774,2355276228,0,171226,120412,304283693
expedia,xgboost,arm,1000,16,,0,0,1,0,0,0,10000,225849777,395533739,318507189,77026550,87026550,0,2274760,171226,120412,304283693
expedia,xgboost,arm,1000,16,,1,0,1,0,0,0,10000,225849777,395533739,318507189,77026550,87026550,2355276228,0,171226,120412,304283693
expedia,xgboost,arm,1000,16,,0,1,1,0,0,0,10000,291037402,511001550,0,511001550,136527774,0,2274760,171226,120412,304283693
expedia,xgboost,arm,1000,16,,1,1,1,0,0,0,10000,291037402,511001550,0,511001550,136527774,2355276228,0,171226,120412,304283693
expedia,xgboost,arm,1000,16,,0,0,0,0,0,1,10000,225849777,395533739,318507189,77026550,87026550,0,2274760,185306,120412,304283693
expedia,xgboost,arm,1000,16,,0,0,0,0,1,0,10000,226453793,395533739,318507189,77026550,87026550,0,2274760,185151,120412,304283693
expedia,xgboost,arm,1000,16,,0,0,0,0,1,1,10000,226453793,395533739,318507189,77026550,87026550,0,2274760,186173,120412,304283693
expedia,xgboost,arm,1000,16,,0,0,0,1,0,0,10000,225849777,395533739,318507189,77026550,87026550,0,2274760,177705,120412,304283693
expedia,xgboost,arm,1000,16,,0,0,0,1,0,1,10000,225849777,395533739,318507189,77026550,87026550,0,2274760,158965,120412,304283693
expedia,xgboost,arm,1000,16,,0,0,0,1,1,0,10000,226453793,395533739,318507189,77026550,87026550,0,2274760,157608,120412,304283693
expedia,xgboost,arm,1000,16,,0,0,0,1,1,1,10000,226453793,395533739,318507189,77026550,87026550,0,2274760,158464,120412,304283693
expedia,lightgbm,arm,500,4,,0,0,0,0,0,0,10000,8633245,22970733,13000749,9969984,14969984,0,2274760,12842,56408,1275101
expedia,lightgbm,arm,500,4,,1,0,0,0,0,0,10000,8633245,22970733,13000749,9969984,14969984,308849644,0,12842,56408,1275101
expedia,lightgbm,arm,500,4,,0,1,0,0,0,0,10000,8979046,24037776,0,24037776,16693708,0,2274760,12842,56408,1275101
expedia,lightgbm,arm,500,4,,1,1,0,0,0,0,10000,8979046,24037776,0,24037776,16693708,308849644,0,12842,56408,1275101
expedia,lightgbm,arm,500,4,,0,0,1,0,0,0,10000,8633245,22970733,13000749,9969984,14969984,0,2274760,12842,56408,1275101
expedia,lightgbm,arm,500,4,,1,0,1,0,0,0,10000,8633245,22970733,13000749,9969984,14969984,308849644,0,12842,56408,1275101
expedia,lightgbm,arm,500,4,,0,1,1,0,0,0,10000,8979046,24037776,0,24037776,16693708,0,2274760,12842,56408,1275101
expedia,lightgbm,arm,500,4,,1,1,1,0,0,0,10000,8979046,24037776,0,24037776,16693708,308849644,0,12842,56408,1275101
expedia,lightgbm,arm,500,4,,0,0,0,0,0,1,10000,8633245,22970733,13000749,9969984,14969984,0,2274760,5046,56408,1275101
expedia,lightgbm,arm,500,4,,0,0,0,0,1,0,10000,9546904,22970733,13000749,9969984,14969984,0,2274760,4873,56408,1275101
expedia,lightgbm,arm,500,4,,0,0,0,0,1,1,10000,9546904,22970733,13000749,9969984,14969984,0,2274760,4911,56408,1275101
expedia,lightgbm,arm,500,4,,0,0,0,1,0,0,10000,8633245,22970733,13000749,9969984,14969984,0,2274760,4715,56416,1275101
expedia,lightgbm,arm,500,4,,0,0,0,1,0,1,10000,8633245,22970733,13000749,9969984,14969984,0,2274760,4712,56416,1275101
expedia,lightgbm,arm,500,4,,0,0,0,1,1,0,10000,9546904,22970733,13000749,9969984,14969984,0,2274760,4677,56416,1275101
expedia,lightgbm,arm,500,4,,0,0,0,1,1,1,10000,9546904,22970733,13000749,9969984,14969984,0,2274760,4574,56416,1275101
expedia,xgboost,arm,500,4,,0,0,0,0,0,0,10000,9197054,24757657,13888481,10869176,15869176,0,2274760,5075,56424,1226237
expedia,xgboost,arm,500,4,,1,0,0,0,0,0,10000,9197054,24757657,13888481,10869176,15869176,326614975,0,5075,56424,1226237
expedia,xgboost,arm,500,4,,0,1,0,0,0,0,10000,9561508,25949346,0,25949346,17777600,0,2274760,5075,56424,1226237
expedia,xgboost,arm,500,4,,1,1,0,0,0,0,10000,9561508,25949346,0,25949346,17777600,326614975,0,5075,56424,1226237
expedia,xgboost,arm,500,4,,0,0,1,0,0,0,10000,9197054,24757657,13888481,10869176,15869176,0,2274760,5075,56424,1226237
expedia,xgboost,arm,500,4,,1,0,1,0,0,0,10000,9197054,24757657,13888481,10869176,15869176,326614975,0,5075,56424,1226237
expedia,xgboost,arm,500,4,,0,1,1,0,0,0,10000,9561508,25949346,0,25949346,17777600,0,2274760,5075,56424,1226237
expedia,xgboost,arm,500,4,,1,1,1,0,0,0,10000,9561508,25949346,0,25949346,17777600,326614975,0,5075,56424,1226237
expedia,xgboost,arm,500,4,,0,0,0,0,0,1,10000,9197054,24757657,13888481,10869176,15869176,0,2274760,6270,56424,1226237
expedia,xgboost,arm,500,4,,0,0,0,0,1,0,10000,10109881,24757657,13888481,10869176,15869176,0,2274760,5057,56424,1226237
expedia,xgboost,arm,500,4,,0,0,0,0,1,1,10000,10109881,24757657,13888481,10869176,15869176,0,2274760,4842,56424,1226237
expedia,xgboost,arm,500,4,,0,0,0,1,0,0,10000,9197054,24757657,13888481,10869176,15869176,0,2274760,6044,56428,1226237
expedia,xgboost,arm,500,4,,0,0,0,1,0,1,10000,9197054,24757657,13888481,10869176,15869176,0,2274760,4769,56428,1226237
expedia,xgboost,arm,500,4,,0,0,0,1,1,0,10000,10109881,24757657,13888481,10869176,15869176,0,2274760,4702,56428,1226237
expedia,xgboost,arm,500,4,,0,0,0,1,1,1,10000,10109881,24757657,13888481,10869176,15869176,0,2274760,4611,56428,1226237
expedia,lightgbm,arm,500,8,,0,0,0,0,0,0,10000,31420273,65675873,47463556,18212317,23212317,0,2274760,13760,58912,14312117
expedia,lightgbm,arm,500,8,,1,0,0,0,0,0,10000,31420273,65675873,47463556,18212317,23212317,615266635,0,13760,58912,14312117
expedia,lightgbm,arm,500,8,,0,1,0,0,0,0,10000,34980221,74070115,0,74070115,29029408,0,2274760,13760,58912,14312117
expedia,lightgbm,arm,500,8,,1,1,0,0,0,0,10000,34980221,74070115,0,74070115,29029408,615266635,0,13760,58912,14312117
expedia,lightgbm,arm,500,8,,0,0,1,0,0,0,10000,31420273,65675873,47463556,18212317,23212317,0,2274760,13760,58912,14312117
expedia,lightgbm,arm,500,8,,1,0,1,0,0,0,10000,31420273,65675873,47463556,18212317,23212317,615266635,0,13760,58912,14312117
expedia,lightgbm,arm,500,8,,0,1,1,0,0,0,10000,34980221,74070115,0,74070115,29029408,0,2274760,13760,58912,14312117
expedia,lightgbm,arm,500,8,,1,1,1,0,0,0,10000,34980221,74070115,0,74070115,29029408,615266635,0,13760,58912,14312117
expedia,lightgbm,arm,500,8,,0,0,0,0,0,1,10000,31420273,65675873,47463556,18212317,23212317,0,2274760,13254,58912,14312117
expedia,lightgbm,arm,500,8,,0,0,0,0,1,0,10000,32694791,65675873,47463556,18212317,23212317,0,2274760,13252,58912,14312117
expedia,lightgbm,arm,500,8,,0,0,0,0,1,1,10000,32694791,65675873,47463556,18212317,23212317,0,2274760,13119,58912,14312117
expedia,lightgbm,arm,500,8,,0,0,0,1,0,0,10000,31420273,65675873,47463556,18212317,23212317,0,2274760,13014,58916,14312117
expedia,lightgbm,arm,500,8,,0,0,0,1,0,1,10000,31420273,65675873,47463556,18212317,23212317,0,2274760,11892,58916,14312117
expedia,lightgbm,arm,500,8,,0,0,0,1,1,0,10000,32694791,65675873,47463556,18212317,23212317,0,2274760,12783,58916,14312117
expedia,lightgbm,arm,500,8,,0,0,0,1,1,1,10000,32694791,65675873,47463556,18212317,23212317,0,2274760,11966,58916,14312117
expedia,xgboost,arm,500,8,,0,0,0,0,0,0,10000,33493017,69297806,49215261,20082545,25082545,0,2274760,12997,58940,13100573
expedia,xgboost,arm,500,8,,1,0,0,0,0,0,10000,33493017,69297806,49215261,20082545,25082545,613384923,0,12997,58940,13100573
expedia,xgboost,arm,500,8,,0,1,0,0,0,0,10000,37393759,78198846,0,78198846,31664880,0,2274760,12997,58940,13100573
expedia,xgboost,arm,500,8,,1,1,0,0,0,0,10000,37393759,78198846,0,78198846,31664880,613384923,0,12997,58940,13100573
expedia,xgboost,arm,500,8,,0,0,1,0,0,0,10000,33493017,69297806,49215261,20082545,25082545,0,2274760,12997,58940,13100573
expedia,xgboost,arm,500,8,,1,0,1,0,0,0,10000,33493017,69297806,49215261,20082545,25082545,613384923,0,12997,58940,13100573
expedia,xgboost,arm,500,8,,0,1,1,0,0,0,10000,37393759,78198846,0,78198846,31664880,0,2274760,12997,58940,13100573
expedia,xgboost,arm,500,8,,1,1,1,0,0,0,10000,37393759,78198846,0,78198846,31664880,613384923,0,12997,58940,13100573
expedia,xgboost,arm,500,8,,0,0,0,0,0,1,10000,33493017,69297806,49215261,20082545,25082545,0,2274760,12840,58940,13100573
expedia,xgboost,arm,500,8,,0,0,0,0,1,0,10000,34941885,69297806,49215261,20082545,25082545,0,2274760,13406,58940,13100573
expedia,xgboost,arm,500,8,,0,0,0,0,1,1,10000,34941885,69297806,49215261,20082545,25082545,0,2274760,12975,58940,13100573
expedia,xgboost,arm,500,8,,0,0,0,1,0,0,10000,33493017,69297806,49215261,20082545,25082545,0,2274760,12483,58944,13100573
expedia,xgboost,arm,500,8,,0,0,0,1,0,1,10000,33493017,69297806,49215261,20082545,25082545,0,2274760,11645,58944,13100573
expedia,xgboost,arm,500,8,,0,0,0,1,1,0,10000,34941885,69297806,49215261,20082545,25082545,0,2274760,11985,58944,13100573
expedia,xgboost,arm,500,8,,0,0,0,1,1,1,10000,34941885,69297806,49215261,20082545,25082545,0,2274760,12537,58944,13100573
expedia,lightgbm,arm,50,4,,0,0,0,0,0,0,10000,671513,4607855,2101559,2506296,3006296,0,1819808,4474,56196,128479
expedia,lightgbm,arm,50,4,,1,0,0,0,0,0,10000,671513,4607855,2101559,2506296,3006296,40315121,0,4474,56196,128479
expedia,lightgbm,arm,50,4,,0,1,0,0,0,0,10000,774028,4895176,0,4895176,3547434,0,1819808,4474,56196,128479
expedia,lightgbm,arm,50,4,,1,1,0,0,0,0,10000,774028,4895176,0,4895176,3547434,40315121,0,4474,56196,128479
expedia,lightgbm,arm,50,4,,0,0,1,0,0,0,10000,671513,4607855,2101559,2506296,3006296,0,1819808,4474,56196,128479
expedia,lightgbm,arm,50,4,,1,0,1,0,0,0,10000,671513,4607855,2101559,2506296,3006296,40315121,0,4474,56196,128479
expedia,lightgbm,arm,50,4,,0,1,1,0,0,0,10000,774028,4895176,0,4895176,3547434,0,1819808,4474,56196,128479
expedia,lightgbm,arm,50,4,,1,1,1,0,0,0,10000,774028,4895176,0,4895176,3547434,40315121,0,4474,56196,128479
expedia,lightgbm,arm,50,4,,0,0,0,0,0,1,10000,671513,4607855,2101559,2506296,3006296,0,1819808,4359,56196,128479
expedia,lightgbm,arm,50,4,,0,0,0,0,1,0,10000,671513,4607855,2101559,2506296,3006296,0,1819808,4168,56196,128479
expedia,lightgbm,arm,50,4,,0,0,0,0,1,1,10000,671513,4607855,2101559,2506296,3006296,0,1819808,4124,56196,128479
expedia,lightgbm,arm,50,4,,0,0,0,1,0,0,10000,671513,4607855,2101559,2506296,3006296,0,1819808,4054,56204,128479
expedia,lightgbm,arm,50,4,,0,0,0,1,0,1,10000,671513,4607855,2101559,2506296,3006296,0,1819808,4099,56204,128479
expedia,lightgbm,arm,50,4,,0,0,0,1,1,0,10000,671513,4607855,2101559,2506296,3006296,0,1819808,4114,56204,128479
expedia,lightgbm,arm,50,4,,0,0,0,1,1,1,10000,671513,4607855,2101559,2506296,3006296,0,1819808,4033,56204,128479
expedia,xgboost,arm,50,4,,0,0,0,0,0,0,10000,679448,4833870,2258376,2575494,3075494,0,2047284,3950,56196,124279
expedia,xgboost,arm,50,4,,1,0,0,0,0,0,10000,679448,4833870,2258376,2575494,3075494,41050767,0,3950,56196,124279
expedia,xgboost,arm,50,4,,0,1,0,0,0,0,10000,753682,5048810,0,5048810,3614670,0,2047284,3950,56196,124279
expedia,xgboost,arm,50,4,,1,1,0,0,0,0,10000,753682,5048810,0,5048810,3614670,41050767,0,3950,56196,124279
expedia,xgboost,arm,50,4,,0,0,1,0,0,0,10000,679448,4833870,2258376,2575494,3075494,0,2047284,3950,56196,124279
expedia,xgboost,arm,50,4,,1,0,1,0,0,0,10000,679448,4833870,2258376,2575494,3075494,41050767,0,3950,56196,124279
expedia,xgboost,arm,50,4,,0,1,1,0,0,0,10000,753682,5048810,0,5048810,3614670,0,2047284,3950,56196,124279
expedia,xgboost,arm,50,4,,1,1,1,0,0,0,10000,753682,5048810,0,5048810,3614670,41050767,0,3950,56196,124279
expedia,xgboost,arm,50,4,,0,0,0,0,0,1,10000,679448,4833870,2258376,2575494,3075494,0,2047284,4261,56200,124279
expedia,xgboost,arm,50,4,,0,0,0,0,1,0,10000,679448,4833870,2258376,2575494,3075494,0,2047284,4184,56200,124279
expedia,xgboost,arm,50,4,,0,0,0,0,1,1,10000,679448,4833870,2258376,2575494,3075494,0,2047284,4080,56200,124279
expedia,xgboost,arm,50,4,,0,0,0,1,0,0,10000,679448,4833870,2258376,2575494,3075494,0,2047284,4051,56208,124279
expedia,xgboost,arm,50,4,,0,0,0,1,0,1,10000,679448,4833870,2258376,2575494,3075494,0,2047284,3928,56208,124279
expedia,xgboost,arm,50,4,,0,0,0,1,1,0,10000,679448,4833870,2258376,2575494,3075494,0,2047284,3943,56208,124279
expedia,xgboost,arm,50,4,,0,0,0,1,1,1,10000,679448,4833870,2258376,2575494,3075494,0,2047284,4001,56208,124279
flchain,lightgbm,arm,1000,16,32,0,0,0,0,0,0,1304,34539791,12444608,5399333,7045275,8349275,0,166912,75815,45780,126599401
flchain,lightgbm,arm,1000,16,32,1,0,0,0,0,0,1304,34539791,12444608,5399333,7045275,8349275,199541474,0,75815,45780,126599401
flchain,lightgbm,arm,1000,16,32,0,1,0,0,0,0,1304,34949762,12536049,0,12536049,8581470,0,166912,75815,45780,126599401
flchain,lightgbm,arm,1000,16,32,1,1,0,0,0,0,1304,34949762,12536049,0,12536049,8581470,199541474,0,75815,45780,126599401
flchain,lightgbm,arm,1000,16,32,0,0,1,0,0,0,1304,34539791,12444608,5399333,7045275,8349275,0,166912,75815,45780,126599401
flchain,lightgbm,arm,1000,16,32,1,0,1,0,0,0,1304,34539791,12444608,5399333,7045275,8349275,199541474,0,75815,45780,126599401
flchain,lightgbm,arm,1000,16,32,0,1,1,0,0,0,1304,34949762,12536049,0,12536049,8581470,0,166912,75815,45780,126599401
flchain,lightgbm,arm,1000,16,32,1,1,1,0,0,0,1304,34949762,12536049,0,12536049,8581470,199541474,0,75815,45780,126599401
flchain,lightgbm,arm,1000,16,32,0,0,0,0,0,1,1304,34539791,12444608,5399333,7045275,8349275,0,166912,66562,45780,126599401
flchain,lightgbm,arm,1000,16,32,1,0,0,0,0,1,1304,34539791,12444608,5399333,7045275,8349275,199541474,0,66562,45780,126599401
flchain,lightgbm,arm,1000,16,32,0,1,0,0,0,1,1304,34949762,12536049,0,12536049,8581470,0,166912,66562,45780,126599401
flchain,lightgbm,arm,1000,16,32,1,1,0,0,0,1,1304,34949762,12536049,0,12536049,8581470,199541474,0,66562,45780,126599401
flchain,lightgbm,arm,1000,16,32,0,0,1,0,0,1,1304,34539791,12444608,5399333,7045275,8349275,0,166912,66562,45780,126599401
flchain,lightgbm,arm,1000,16,32,1,0,1,0,0,1,1304,34539791,12444608,5399333,7045275,8349275,199541474,0,66562,45780,126599401
flchain,lightgbm,arm,1000,16,32,0,1,1,0,0,1,1304,34949762,12536049,0,12536049,8581470,0,166912,66562,45780,126599401
flchain,lightgbm,arm,1000,16,32,1,1,1,0,0,1,1304,34949762,12536049,0,12536049,8581470,199541474,0,66562,45780,126599401
flchain,lightgbm,arm,1000,16,32,0,0,0,0,1,0,1304,35733866,12444608,5399333,7045275,8349275,0,166912,67213,45776,126599401
flchain,lightgbm,arm,1000,16,32,1,0,0,0,1,0,1304,35733866,12444608,5399333,7045275,8349275,199541474,0,67213,45776,126599401
flchain,lightgbm,arm,1000,16,32,0,1,0,0,1,0,1304,36143837,12536049,0,12536049,8581470,0,166912,67213,45776,126599401
flchain,lightgbm,arm,1000,16,32,1,1,0,0,1,0,1304,36143837,12536049,0,12536049,8581470,199541474,0,67213,45776,126599401
flchain,lightgbm,arm,1000,16,32,0,0,1,0,1,0,1304,35733866,12444608,5399333,7045275,8349275,0,166912,67213,45776,126599401
flchain,lightgbm,arm,1000,16,32,1,0,1,0,1,0,1304,35733866,12444608,5399333,7045275,8349275,199541474,0,67213,45776,126599401
flchain,lightgbm,arm,1000,16,32,0,1,1,0,1,0,1304,36143837,12536049,0,12536049,8581470,0,166912,67213,45776,126599401
flchain,lightgbm,arm,1000,16,32,1,1,1,0,1,0,1304,36143837,12536049,0,12536049,8581470,199541474,0,67213,45776,126599401
flchain,lightgbm,arm,1000,16,32,0,0,0,0,1,1,1304,35733866,12444608,5399333,7045275,8349275,0,166912,67356,45776,126599401
flchain,lightgbm,arm,1000,16,32,1,0,0,0,1,1,1304,35733866,12444608,5399333,7045275,8349275,199541474,0,67356,45776,126599401
flchain,lightgbm,arm,1000,16,32,0,1,0,0,1,1,1304,36143837,12536049,0,12536049,8581470,0,166912,67356,45776,126599401
flchain,lightgbm,arm,1000,16,32,1,1,0,0,1,1,1304,36143837,12536049,0,12536049,8581470,199541474,0,67356,45776,126599401
flchain,lightgbm,arm,1000,16,32,0,0,1,0,1,1,1304,35733866,12444608,5399333,7045275,8349275,0,166912,67356,45776,126599401
flchain,lightgbm,arm,1000,16,32,1,0,1,0,1,1,1304,35733866,12444608,5399333,7045275,8349275,199541474,0,67356,45776,126599401
flchain,lightgbm,arm,1000,16,32,0,1,1,0,1,1,1304,36143837,12536049,0,12536049,8581470,0,166912,67356,45776,126599401
flchain,lightgbm,arm,1000,16,32,1,1,1,0,1,1,1304,36143837,12536049,0,12536049,8581470,199541474,0,67356,45776,126599401
flchain,lightgbm,arm,1000,16,32,0,0,0,1,0,0,1304,34539791,12444608,5399333,7045275,8349275,0,166912,63907,45784,126599401
flchain,lightgbm,arm,1000,16,32,1,0,0,1,0,0,1304,34539791,12444608,5399333,7045275,8349275,199541474,0,63907,45784,126599401
flchain,lightgbm,arm,1000,16,32,0,1,0,1,0,0,1304,34949762,12536049,0,12536049,8581470,0,166912,63907,45784,126599401
flchain,lightgbm,arm,1000,16,32,1,1,0,1,0,0,1304,34949762,12536049,0,12536049,8581470,199541474,0,63907,45784,126599401
flchain,lightgbm,arm,1000,16,32,0,0,1,1,0,0,1304,34539791,12444608,5399333,7045275,8349275,0,166912,63907,45784,126599401
flchain,lightgbm,arm,1000,16,32,1,0,1,1,0,0,1304,34539791,12444608,5399333,7045275,8349275,199541474,0,63907,45784,126599401
flchain,lightgbm,arm,1000,16,32,0,1,1,1,0,0,1304,34949762,12536049,0,12536049,8581470,0,166912,63907,45784,126599401
flchain,lightgbm,arm,1000,16,32,1,1,1,1,0,0,1304,34949762,12536049,0,12536049,8581470,199541474,0,63907,45784,126599401
flchain,lightgbm,arm,1000,16,32,0,0,0,1,0,1,1304,34539791,12444608,5399333,7045275,8349275,0,166912,61338,45784,126599401
flchain,lightgbm,arm,1000,16,32,1,0,0,1,0,1,1304,34539791,12444608,5399333,7045275,8349275,199541474,0,61338,45784,126599401
flchain,lightgbm,arm,1000,16,32,0,1,0,1,0,1,1304,34949762,12536049,0,12536049,8581470,0,166912,61338,45784,126599401
flchain,lightgbm,arm,1000,16,32,1,1,0,1,0,1,1304,34949762,12536049,0,12536049,8581470,199541474,0,61338,45784,126599401
flchain,lightgbm,arm,1000,16,32,0,0,1,1,0,1,1304,34539791,12444608,5399333,7045275,8349275,0,166912,61338,45784,126599401
flchain,lightgbm,arm,1000,16,32,1,0,1,1,0,1,1304,34539791,12444608,5399333,7045275,8349275,199541474,0,61338,45784,126599401
flchain,lightgbm,arm,1000,16,32,0,1,1,1,0,1,1304,34949762,12536049,0,12536049,8581470,0,166912,61338,45784,126599401
flchain,lightgbm,arm,1000,16,32,1,1,1,1,0,1,1304,34949762,12536049,0,12536049,8581470,199541474,0,61338,45784,126599401
flchain,lightgbm,arm,1000,16,32,0,0,0,1,1,0,1304,35733866,12444608,5399333,7045275,8349275,0,166912,61408,45780,126599401
flchain,lightgbm,arm,1000,16,32,1,0,0,1,1,0,1304,35733866,12444608,5399333,7045275,8349275,199541474,0,61408,45780,126599401
flchain,lightgbm,arm,1000,16,32,0,1,0,1,1,0,1304,36143837,12536049,0,12536049,8581470,0,166912,61408,45780,126599401
flchain,lightgbm,arm,1000,16,32,1,1,0,1,1,0,1304,36143837,12536049,0,12536049,8581470,199541474,0,61408,45780,126599401
flchain,lightgbm,arm,1000,16,32,0,0,1,1,1,0,1304,35733866,12444608,5399333,7045275,8349275,0,166912,61408,45780,126599401
flchain,lightgbm,arm,1000,16,32,1,0,1,1,1,0,1304,35733866,12444608,5399333,7045275,8349275,199541474,0,61408,45780,126599401
flchain,lightgbm,arm,1000,16,32,0,1,1,1,1,0,1304,36143837,12536049,0,12536049,8581470,0,166912,61408,45780,126599401
flchain,lightgbm,arm,1000,16,32,1,1,1,1,1,0,1304,36143837,12536049,0,12536049,8581470,199541474,0,61408,45780,126599401
flchain,lightgbm,arm,1000,16,32,0,0,0,1,1,1,1304,35733866,12444608,5399333,7045275,8349275,0,166912,61197,45780,126599401
flchain,lightgbm,arm,1000,16,32,1,0,0,1,1,1,1304,35733866,12444608,5399333,7045275,8349275,199541474,0,61197,45780,126599401
flchain,lightgbm,arm,1000,16,32,0,1,0,1,1,1,1304,36143837,12536049,0,12536049,8581470,0,166912,61197,45780,126599401
flchain,lightgbm,arm,1000,16,32,1,1,0,1,1,1,1304,36143837,12536049,0,12536049,8581470,199541474,0,61197,45780,126599401
flchain,lightgbm,arm,1000,16,32,0,0,1,1,1,1,1304,35733866,12444608,5399333,7045275,8349275,0,166912,61197,45780,126599401
flchain,lightgbm,arm,1000,16,32,1,0,1,1,1,1,1304,35733866,12444608,5399333,7045275,8349275,199541474,0,61197,45780,126599401
flchain,lightgbm,arm,1000,16,32,0,1,1,1,1,1,1304,36143837,12536049,0,12536049,8581470,0,166912,61197,45780,126599401
flchain,lightgbm,arm,1000,16,32,1,1,1,1,1,1,1304,36143837,12536049,0,12536049,8581470,199541474,0,61197,45780,126599401
flchain,xgboost,arm,1000,16,32,0,0,0,0,0,0,1304,22589697,8921392,2868522,6052870,7356870,0,125184,27370,28840,34443325
flchain,xgboost,arm,1000,16,32,1,0,0,0,0,0,1304,22589697,8921392,2868522,6052870,7356870,179847096,0,27370,28840,34443325
flchain,xgboost,arm,1000,16,32,0,1,0,0,0,0,1304,22723104,8958774,0,8958774,7489409,0,125184,27370,28840,34443325
flchain,xgboost,arm,1000,16,32,1,1,0,0,0,0,1304,22723104,8958774,0,8958774,7489409,179847096,0,27370,28840,34443325
flchain,xgboost,arm,1000,16,32,0,0,1,0,0,0,1304,22589697,8921392,2868522,6052870,7356870,0,125184,27370,28840,34443325
flchain,xgboost,arm,1000,16,32,1,0,1,0,0,0,1304,22589697,8921392,2868522,6052870,7356870,179847096,0,27370,28840,34443325
flchain,xgboost,arm,1000,16,32,0,1,1,0,0,0,1304,22723104,8958774,0,8958774,7489409,0,125184,27370,28840,34443325
flchain,xgboost,arm,1000,16,32,1,1,1,0,0,0,1304,22723104,8958774,0,8958774,7489409,179847096,0,27370,28840,34443325
flchain,xgboost,arm,1000,16,32,0,0,0,0,0,1,1304,22589697,8921392,2868522,6052870,7356870,0,125184,23223,28840,34443325
flchain,xgboost,arm,1000,16,32,1,0,0,0,0,1,1304,22589697,8921392,2868522,6052870,7356870,179847096,0,23223,28840,34443325
flchain,xgboost,arm,1000,16,32,0,1,0,0,0,1,1304,22723104,8958774,0,8958774,7489409,0,125184,23223,28840,34443325
flchain,xgboost,arm,1000,16,32,1,1,0,0,0,1,1304,22723104,8958774,0,8958774,7489409,179847096,0,23223,28840,34443325
flchain,xgboost,arm,1000,16,32,0,0,1,0,0,1,1304,22589697,8921392,2868522,6052870,7356870,0,125184,23223,28840,34443325
flchain,xgboost,arm,1000,16,32,1,0,1,0,0,1,1304,22589697,8921392,2868522,6052870,7356870,179847096,0,23223,28840,34443325
flchain,xgboost,arm,1000,16,32,0,1,1,0,0,1,1304,22723104,8958774,0,8958774,7489409,0,125184,23223,28840,34443325
flchain,xgboost,arm,1000,16,32,1,1,1,0,0,1,1304,22723104,8958774,0,8958774,7489409,179847096,0,23223,28840,34443325
flchain,xgboost,arm,1000,16,32,0,0,0,0,1,0,1304,23873864,8921392,2868522,6052870,7356870,0,125184,23260,28840,34443325
flchain,xgboost,arm,1000,16,32,1,0,0,0,1,0,1304,23873864,8921392,2868522,6052870,7356870,179847096,0,23260,28840,34443325
flchain,xgboost,arm,1000,16,32,0,1,0,0,1,0,1304,24007271,8958774,0,8958774,7489409,0,125184,23260,28840,34443325
flchain,xgboost,arm,1000,16,32,1,1,0,0,1,0,1304,24007271,8958774,0,8958774,7489409,179847096,0,23260,28840,34443325
flchain,xgboost,arm,1000,16,32,0,0,1,0,1,0,1304,23873864,8921392,2868522,6052870,7356870,0,125184,23260,28840,34443325
flchain,xgboost,arm,1000,16,32,1,0,1,0,1,0,1304,23873864,8921392,2868522,6052870,7356870,179847096,0,23260,28840,34443325
flchain,xgboost,arm,1000,16,32,0,1,1,0,1,0,1304,24007271,8958774,0,8958774,7489409,0,125184,23260,28840,34443325
flchain,xgboost,arm,1000,16,32,1,1,1,0,1,0,1304,24007271,8958774,0,8958774,7489409,179847096,0,23260,28840,34443325
flchain,xgboost,arm,1000,16,32,0,0,0,0,1,1,1304,23873864,8921392,2868522,6052870,7356870,0,125184,23056,28840,34443325
flchain,xgboost,arm,1000,16,32,1,0,0,0,1,1,1304,23873864,8921392,2868522,6052870,7356870,179847096,0,23056,28840,34443325
flchain,xgboost,arm,1000,16,32,0,1,0,0,1,1,1304,24007271,8958774,0,8958774,7489409,0,125184,23056,28840,34443325
flchain,xgboost,arm,1000,16,32,1,1,0,0,1,1,1304,24007271,8958774,0,8958774,7489409,179847096,0,23056,28840,34443325
flchain,xgboost,arm,1000,16,32,0,0,1,0,1,1,1304,23873864,8921392,2868522,6052870,7356870,0,125184,23056,28840,34443325
flchain,xgboost,arm,1000,16,32,1,0,1,0,1,1,1304,23873864,8921392,2868522,6052870,7356870,179847096,0,23056,28840,34443325
flchain,xgboost,arm,1000,16,32,0,1,1,0,1,1,1304,24007271,8958774,0,8958774,7489409,0,125184,23056,28840,34443325
flchain,xgboost,arm,1000,16,32,1,1,1,0,1,1,1304,24007271,8958774,0,8958774,7489409,179847096,0,23056,28840,34443325
flchain,xgboost,arm,1000,16,32,0,0,0,1,0,0,1304,22589697,8921392,2868522,6052870,7356870,0,125184,22285,28840,34443325
flchain,xgboost,arm,1000,16,32,1,0,0,1,0,0,1304,22589697,8921392,2868522,6052870,7356870,179847096,0,22285,28840,34443325
flchain,xgboost,arm,1000,16,32,0,1,0,1,0,0,1304,22723104,8958774,0,8958774,7489409,0,125184,22285,28840,34443325
flchain,xgboost,arm,1000,16,32,1,1,0,1,0,0,1304,22723104,8958774,0,8958774,7489409,179847096,0,22285,28840,34443325
flchain,xgboost,arm,1000,16,32,0,0,1,1,0,0,1304,22589697,8921392,2868522,6052870,7356870,0,125184,22285,28840,34443325
flchain,xgboost,arm,1000,16,32,1,0,1,1,0,0,1304,22589697,8921392,2868522,6052870,7356870,179847096,0,22285,28840,34443325
flchain,xgboost,arm,1000,16,32,0,1,1,1,0,0,1304,22723104,8958774,0,8958774,7489409,0,125184,22285,28840,34443325
flchain,xgboost,arm,1000,16,32,1,1,1,1,0,0,1304,22723104,8958774,0,8958774,7489409,179847096,0,22285,28840,34443325
flchain,xgboost,arm,1000,16,32,0,0,0,1,0,1,1304,22589697,8921392,2868522,6052870,7356870,0,125184,19847,28840,34443325
flchain,xgboost,arm,1000,16,32,1,0,0,1,0,1,1304,22589697,8921392,2868522,6052870,7356870,179847096,0,19847,28848,34443325
flchain,xgboost,arm,1000,16,32,0,1,0,1,0,1,1304,22723104,8958774,0,8958774,7489409,0,125184,19847,28848,34443325
flchain,xgboost,arm,1000,16,32,1,1,0,1,0,1,1304,22723104,8958774,0,8958774,7489409,179847096,0,19847,28848,34443325
flchain,xgboost,arm,1000,16,32,0,0,1,1,0,1,1304,22589697,8921392,2868522,6052870,7356870,0,125184,19847,28848,34443325
flchain,xgboost,arm,1000,16,32,1,0,1,1,0,1,1304,22589697,8921392,2868522,6052870,7356870,179847096,0,19847,28848,34443325
flchain,xgboost,arm,1000,16,32,0,1,1,1,0,1,1304,22723104,8958774,0,8958774,7489409,0,125184,19847,28848,34443325
flchain,xgboost,arm,1000,16,32,1,1,1,1,0,1,1304,22723104,8958774,0,8958774,7489409,179847096,0,19847,28848,34443325
flchain,xgboost,arm,1000,16,32,0,0,0,1,1,0,1304,23873864,8921392,2868522,6052870,7356870,0,125184,19757,28844,34443325
flchain,xgboost,arm,1000,16,32,1,0,0,1,1,0,1304,23873864,8921392,2868522,6052870,7356870,179847096,0,19757,28844,34443325
flchain,xgboost,arm,1000,16,32,0,1,0,1,1,0,1304,24007271,8958774,0,8958774,7489409,0,125184,19757,28844,34443325
flchain,xgboost,arm,1000,16,32,1,1,0,1,1,0,1304,24007271,8958774,0,8958774,7489409,179847096,0,19757,28844,34443325
flchain,xgboost,arm,1000,16,32,0,0,1,1,1,0,1304,23873864,8921392,2868522,6052870,7356870,0,125184,19757,28844,34443325
flchain,xgboost,arm,1000,16,32,1,0,1,1,1,0,1304,23873864,8921392,2868522,6052870,7356870,179847096,0,19757,28844,34443325
flchain,xgboost,arm,1000,16,32,0,1,1,1,1,0,1304,24007271,8958774,0,8958774,7489409,0,125184,19757,28844,34443325
flchain,xgboost,arm,1000,16,32,1,1,1,1,1,0,1304,24007271,8958774,0,8958774,7489409,179847096,0,19757,28844,34443325
flchain,xgboost,arm,1000,16,32,0,0,0,1,1,1,1304,23873864,8921392,2868522,6052870,7356870,0,125184,19444,28844,34443325
flchain,xgboost,arm,1000,16,32,1,0,0,1,1,1,1304,23873864,8921392,2868522,6052870,7356870,179847096,0,19444,28844,34443325
flchain,xgboost,arm,1000,16,32,0,1,0,1,1,1,1304,24007271,8958774,0,8958774,7489409,0,125184,19444,28844,34443325
flchain,xgboost,arm,1000,16,32,1,1,0,1,1,1,1304,24007271,8958774,0,8958774,7489409,179847096,0,19444,28844,34443325
flchain,xgboost,arm,1000,16,32,0,0,1,1,1,1,1304,23873864,8921392,2868522,6052870,7356870,0,125184,19444,28844,34443325
flchain,xgboost,arm,1000,16,32,1,0,1,1,1,1,1304,23873864,8921392,2868522,6052870,7356870,179847096,0,19444,28844,34443325
flchain,xgboost,arm,1000,16,32,0,1,1,1,1,1,1304,24007271,8958774,0,8958774,7489409,0,125184,19444,28844,34443325
flchain,xgboost,arm,1000,16,32,1,1,1,1,1,1,1304,24007271,8958774,0,8958774,7489409,179847096,0,19444,28844,34443325
flchain,lightgbm,arm,500,4,16,0,0,0,0,0,0,1304,1927869,614783,262715,352068,1004068,0,83456,3458,19436,1158837
flchain,lightgbm,arm,500,4,16,1,0,0,0,0,0,1304,1927869,614783,262715,352068,1004068,8364967,0,3458,19436,1158837
flchain,lightgbm,arm,500,4,16,0,1,0,0,0,0,1304,1928049,614783,0,614783,1004387,0,83456,3458,19436,1158837
flchain,lightgbm,arm,500,4,16,1,1,0,0,0,0,1304,1928049,614783,0,614783,1004387,8364967,0,3458,19436,1158837
flchain,lightgbm,arm,500,4,16,0,0,1,0,0,0,1304,1927869,614783,262715,352068,1004068,0,83456,3458,19436,1158837
flchain,lightgbm,arm,500,4,16,1,0,1,0,0,0,1304,1927869,614783,262715,352068,1004068,8364967,0,3458,19436,1158837
flchain,lightgbm,arm,500,4,16,0,1,1,0,0,0,1304,1928049,614783,0,614783,1004387,0,83456,3458,19436,1158837
flchain,lightgbm,arm,500,4,16,1,1,1,0,0,0,1304,1928049,614783,0,614783,1004387,8364967,0,3458,19436,1158837
flchain,lightgbm,arm,500,4,16,0,0,0,0,0,1,1304,1927869,614783,262715,352068,1004068,0,83456,2282,19436,1158837
flchain,lightgbm,arm,500,4,16,0,0,0,0,1,0,1304,2426459,614783,262715,352068,1004068,0,83456,2129,19436,1158837
flchain,lightgbm,arm,500,4,16,0,0,0,0,1,1,1304,2426459,614783,262715,352068,1004068,0,83456,2074,19436,1158837
flchain,lightgbm,arm,500,4,16,0,0,0,1,0,0,1304,1927869,614783,262715,352068,1004068,0,83456,2027,19440,1158837
flchain,lightgbm,arm,500,4,16,0,0,0,1,0,1,1304,1927869,614783,262715,352068,1004068,0,83456,1969,19440,1158837
flchain,lightgbm,arm,500,4,16,0,0,0,1,1,0,1304,2426459,614783,262715,352068,1004068,0,83456,1922,19440,1158837
flchain,lightgbm,arm,500,4,16,0,0,0,1,1,1,1304,2426459,614783,262715,352068,1004068,0,83456,1909,19440,1158837
flchain,xgboost,arm,500,4,16,0,0,0,0,0,0,1304,1883131,469583,158966,310617,962617,0,62592,2193,19444,1100825
flchain,xgboost,arm,500,4,16,1,0,0,0,0,0,1304,1883131,469583,158966,310617,962617,6712779,0,2193,19444,1100825
flchain,xgboost,arm,500,4,16,0,1,0,0,0,0,1304,1883608,469583,0,469583,963651,0,62592,2193,19444,1100825
flchain,xgboost,arm,500,4,16,1,1,0,0,0,0,1304,1883608,469583,0,469583,963651,6712779,0,2193,19444,1100825
flchain,xgboost,arm,500,4,16,0,0,1,0,0,0,1304,1883131,469583,158966,310617,962617,0,62592,2193,19444,1100825
flchain,xgboost,arm,500,4,16,1,0,1,0,0,0,1304,1883131,469583,158966,310617,962617,6712779,0,2193,19444,1100825
flchain,xgboost,arm,500,4,16,0,1,1,0,0,0,1304,1883608,469583,0,469583,963651,0,62592,2193,19444,1100825
flchain,xgboost,arm,500,4,16,1,1,1,0,0,0,1304,1883608,469583,0,469583,963651,6712779,0,2193,19444,1100825
flchain,xgboost,arm,500,4,16,0,0,0,0,0,1,1304,1883131,469583,158966,310617,962617,0,62592,2266,19444,1100825
flchain,xgboost,arm,500,4,16,0,0,0,0,1,0,1304,2495633,469583,158966,310617,962617,0,62592,2145,19444,1100825
flchain,xgboost,arm,500,4,16,0,0,0,0,1,1,1304,2495633,469583,158966,310617,962617,0,62592,2119,19444,1100825
flchain,xgboost,arm,500,4,16,0,0,0,1,0,0,1304,1883131,469583,158966,310617,962617,0,62592,2093,19448,1100825
flchain,xgboost,arm,500,4,16,0,0,0,1,0,1,1304,1883131,469583,158966,310617,962617,0,62592,2037,19448,1100825
flchain,xgboost,arm,500,4,16,0,0,0,1,1,0,1304,2495633,469583,158966,310617,962617,0,62592,1946,19448,1100825
flchain,xgboost,arm,500,4,16,0,0,0,1,1,1,1304,2495633,469583,158966,310617,962617,0,62592,1960,19448,1100825
flchain,lightgbm,arm,500,8,128,0,0,0,0,0,0,1304,6452693,2685720,756490,1929230,2581230,0,667648,10200,38780,12509485
flchain,lightgbm,arm,500,8,128,1,0,0,0,0,0,1304,6452693,2685720,756490,1929230,2581230,195188807,0,10200,38780,12509485
flchain,lightgbm,arm,500,8,128,0,1,0,0,0,0,1304,6490507,2696492,0,2696492,2617587,0,667648,10200,38780,12509485
flchain,lightgbm,arm,500,8,128,1,1,0,0,0,0,1304,6490507,2696492,0,2696492,2617587,195188807,0,10200,38780,12509485
flchain,lightgbm,arm,500,8,128,0,0,1,0,0,0,1304,6452693,2685720,756490,1929230,2581230,0,667648,10200,38780,12509485
flchain,lightgbm,arm,500,8,128,1,0,1,0,0,0,1304,6452693,2685720,756490,1929230,2581230,195188807,0,10200,38780,12509485
flchain,lightgbm,arm,500,8,128,0,1,1,0,0,0,1304,6490507,2696492,0,2696492,2617587,0,667648,10200,38780,12509485
flchain,lightgbm,arm,500,8,128,1,1,1,0,0,0,1304,6490507,2696492,0,2696492,2617587,195188807,0,10200,38780,12509485
flchain,lightgbm,arm,500,8,128,0,0,0,0,0,1,1304,6452693,2685720,756490,1929230,2581230,0,667648,10778,38780,12509485
flchain,lightgbm,arm,500,8,128,0,0,0,0,1,0,1304,7060547,2685720,756490,1929230,2581230,0,667648,10073,38780,12509485
flchain,lightgbm,arm,500,8,128,0,0,0,0,1,1,1304,7060547,2685720,756490,1929230,2581230,0,667648,10113,38780,12509485
flchain,lightgbm,arm,500,8,128,0,0,0,1,0,0,1304,6452693,2685720,756490,1929230,2581230,0,667648,9913,38784,12509485
flchain,lightgbm,arm,500,8,128,0,0,0,1,0,1,1304,6452693,2685720,756490,1929230,2581230,0,667648,9216,38784,12509485
flchain,lightgbm,arm,500,8,128,0,0,0,1,1,0,1304,7060547,2685720,756490,1929230,2581230,0,667648,9116,38784,12509485
flchain,lightgbm,arm,500,8,128,0,0,0,1,1,1,1304,7060547,2685720,756490,1929230,2581230,0,667648,9088,38784,12509485
flchain,xgboost,arm,500,8,128,0,0,0,0,0,0,1304,6000004,2336257,537345,1798912,2450912,0,500736,7320,37600,5822905
flchain,xgboost,arm,500,8,128,1,0,0,0,0,0,1304,6000004,2336257,537345,1798912,2450912,200623007,0,7320,37600,5822905
flchain,xgboost,arm,500,8,128,0,1,0,0,0,0,1304,6041043,2343441,0,2343441,2491349,0,500736,7320,37600,5822905
flchain,xgboost,arm,500,8,128,1,1,0,0,0,0,1304,6041043,2343441,0,2343441,2491349,200623007,0,7320,37600,5822905
flchain,xgboost,arm,500,8,128,0,0,1,0,0,0,1304,6000004,2336257,537345,1798912,2450912,0,500736,7320,37600,5822905
flchain,xgboost,arm,500,8,128,1,0,1,0,0,0,1304,6000004,2336257,537345,1798912,2450912,200623007,0,7320,37600,5822905
flchain,xgboost,arm,500,8,128,0,1,1,0,0,0,1304,6041043,2343441,0,2343441,2491349,0,500736,7320,37600,5822905
flchain,xgboost,arm,500,8,128,1,1,1,0,0,0,1304,6041043,2343441,0,2343441,2491349,200623007,0,7320,37600,5822905
flchain,xgboost,arm,500,8,128,0,0,0,0,0,1,1304,6000004,2336257,537345,1798912,2450912,0,500736,7066,37600,5822905
flchain,xgboost,arm,500,8,128,0,0,0,0,1,0,1304,6476341,2336257,537345,1798912,2450912,0,500736,6888,37600,5822905
flchain,xgboost,arm,500,8,128,0,0,0,0,1,1,1304,6476341,2336257,537345,1798912,2450912,0,500736,6680,37600,5822905
flchain,xgboost,arm,500,8,128,0,0,0,1,0,0,1304,6000004,2336257,537345,1798912,2450912,0,500736,6625,37604,5822905
flchain,xgboost,arm,500,8,128,0,0,0,1,0,1,1304,6000004,2336257,537345,1798912,2450912,0,500736,6158,37604,5822905
flchain,xgboost,arm,500,8,128,0,0,0,1,1,0,1304,6476341,2336257,537345,1798912,2450912,0,500736,6083,37604,5822905
flchain,xgboost,arm,500,8,128,0,0,0,1,1,1,1304,6476341,2336257,537345,1798912,2450912,0,500736,6073,37604,5822905
flchain,lightgbm,arm,500,8,16,0,0,0,0,0,0,1304,5548376,1710109,841319,868790,1520790,0,83456,8217,20744,8027493
flchain,lightgbm,arm,500,8,16,1,0,0,0,0,0,1304,5548376,1710109,841319,868790,1520790,19961459,0,8217,20744,8027493
flchain,lightgbm,arm,500,8,16,0,1,0,0,0,0,1304,5561397,1711800,0,1711800,1531489,0,83456,8217,20744,8027493
flchain,lightgbm,arm,500,8,16,1,1,0,0,0,0,1304,5561397,1711800,0,1711800,1531489,19961459,0,8217,20744,8027493
flchain,lightgbm,arm,500,8,16,0,0,1,0,0,0,1304,5548376,1710109,841319,868790,1520790,0,83456,8217,20744,8027493
flchain,lightgbm,arm,500,8,16,1,0,1,0,0,0,1304,5548376,1710109,841319,868790,1520790,19961459,0,8217,20744,8027493
flchain,lightgbm,arm,500,8,16,0,1,1,0,0,0,1304,5561397,1711800,0,1711800,1531489,0,83456,8217,20744,8027493
flchain,lightgbm,arm,500,8,16,1,1,1,0,0,0,1304,5561397,1711800,0,1711800,1531489,19961459,0,8217,20744,8027493
flchain,lightgbm,arm,500,8,16,0,0,0,0,0,1,1304,5548376,1710109,841319,868790,1520790,0,83456,6169,20744,8027493
flchain,lightgbm,arm,500,8,16,1,0,0,0,0,1,1304,5548376,1710109,841319,868790,1520790,19961459,0,6169,20744,8027493
flchain,lightgbm,arm,500,8,16,0,1,0,0,0,1,1304,5561397,1711800,0,1711800,1531489,0,83456,6169,20744,8027493
flchain,lightgbm,arm,500,8,16,1,1,0,0,0,1,1304,5561397,1711800,0,1711800,1531489,19961459,0,6169,20744,8027493
flchain,lightgbm,arm,500,8,16,0,0,1,0,0,1,1304,5548376,1710109,841319,868790,1520790,0,83456,6169,20744,8027493
flchain,lightgbm,arm,500,8,16,1,0,1,0,0,1,1304,5548376,1710109,841319,868790,1520790,19961459,0,6169,20744,8027493
flchain,lightgbm,arm,500,8,16,0,1,1,0,0,1,1304,5561397,1711800,0,1711800,1531489,0,83456,6169,20744,8027493
flchain,lightgbm,arm,500,8,16,1,1,1,0,0,1,1304,5561397,1711800,0,1711800,1531489,19961459,0,6169,20744,8027493
flchain,lightgbm,arm,500,8,16,0,0,0,0,1,0,1304,6086678,1710109,841319,868790,1520790,0,83456,6172,20744,8027493
flchain,lightgbm,arm,500,8,16,1,0,0,0,1,0,1304,6086678,1710109,841319,868790,1520790,19961459,0,6172,20744,8027493
flchain,lightgbm,arm,500,8,16,0,1,0,0,1,0,1304,6099699,1711800,0,1711800,1531489,0,83456,6172,20744,8027493
flchain,lightgbm,arm,500,8,16,1,1,0,0,1,0,1304,6099699,1711800,0,1711800,1531489,19961459,0,6172,20744,8027493
flchain,lightgbm,arm,500,8,16,0,0,1,0,1,0,1304,6086678,1710109,841319,868790,1520790,0,83456,6172,20744,8027493
flchain,lightgbm,arm,500,8,16,1,0,1,0,1,0,1304,6086678,1710109,841319,868790,1520790,19961459,0,6172,20744,8027493
flchain,lightgbm,arm,500,8,16,0,1,1,0,1,0,1304,6099699,1711800,0,1711800,1531489,0,83456,6172,20744,8027493
flchain,lightgbm,arm,500,8,16,1,1,1,0,1,0,1304,6099699,1711800,0,1711800,1531489,19961459,0,6172,20744,8027493
flchain,lightgbm,arm,500,8,16,0,0,0,0,1,1,1304,6086678,1710109,841319,868790,1520790,0,83456,6132,20744,8027493
flchain,lightgbm,arm,500,8,16,1,0,0,0,1,1,1304,6086678,1710109,841319,868790,1520790,19961459,0,6132,20744,8027493
flchain,lightgbm,arm,500,8,16,0,1,0,0,1,1,1304,6099699,1711800,0,1711800,1531489,0,83456,6132,20744,8027493
flchain,lightgbm,arm,500,8,16,1,1,0,0,1,1,1304,6099699,1711800,0,1711800,1531489,19961459,0,6132,20744,8027493
flchain,lightgbm,arm,500,8,16,0,0,1,0,1,1,1304,6086678,1710109,841319,868790,1520790,0,83456,6132,20744,8027493
flchain,lightgbm,arm,500,8,16,1,0,1,0,1,1,1304,6086678,1710109,841319,868790,1520790,19961459,0,6132,20744,8027493
flchain,lightgbm,arm,500,8,16,0,1,1,0,1,1,1304,6099699,1711800,0,1711800,1531489,0,83456,6132,20744,8027493
flchain,lightgbm,arm,500,8,16,1,1,1,0,1,1,1304,6099699,1711800,0,1711800,1531489,19961459,0,6132,20744,8027493
flchain,lightgbm,arm,500,8,16,0,0,0,1,0,0,1304,5548376,1710109,841319,868790,1520790,0,83456,5896,20748,8027493
flchain,lightgbm,arm,500,8,16,1,0,0,1,0,0,1304,5548376,1710109,841319,868790,1520790,19961459,0,5896,20748,8027493
flchain,lightgbm,arm,500,8,16,0,1,0,1,0,0,1304,5561397,1711800,0,1711800,1531489,0,83456,5896,20748,8027493
flchain,lightgbm,arm,500,8,16,1,1,0,1,0,0,1304,5561397,1711800,0,1711800,1531489,19961459,0,5896,20748,8027493
flchain,lightgbm,arm,500,8,16,0,0,1,1,0,0,1304,5548376,1710109,841319,868790,1520790,0,83456,5896,20748,8027493
flchain,lightgbm,arm,500,8,16,1,0,1,1,0,0,1304,5548376,1710109,841319,868790,1520790,19961459,0,5896,20748,8027493
flchain,lightgbm,arm,500,8,16,0,1,1,1,0,0,1304,5561397,1711800,0,1711800,1531489,0,83456,5896,20748,8027493
flchain,lightgbm,arm,500,8,16,1,1,1,1,0,0,1304,5561397,1711800,0,1711800,1531489,19961459,0,5896,20748,8027493
flchain,lightgbm,arm,500,8,16,0,0,0,1,0,1,1304,5548376,1710109,841319,868790,1520790,0,83456,5479,20748,8027493
flchain,lightgbm,arm,500,8,16,1,0,0,1,0,1,1304,5548376,1710109,841319,868790,1520790,19961459,0,5479,20748,8027493
flchain,lightgbm,arm,500,8,16,0,1,0,1,0,1,1304,5561397,1711800,0,1711800,1531489,0,83456,5479,20748,8027493
flchain,lightgbm,arm,500,8,16,1,1,0,1,0,1,1304,5561397,1711800,0,1711800,1531489,19961459,0,5479,20748,8027493
flchain,lightgbm,arm,500,8,16,0,0,1,1,0,1,1304,5548376,1710109,841319,868790,1520790,0,83456,5479,20748,8027493
flchain,lightgbm,arm,500,8,16,1,0,1,1,0,1,1304,5548376,1710109,841319,868790,1520790,19961459,0,5479,20748,8027493
flchain,lightgbm,arm,500,8,16,0,1,1,1,0,1,1304,5561397,1711800,0,1711800,1531489,0,83456,5479,20748,8027493
flchain,lightgbm,arm,500,8,16,1,1,1,1,0,1,1304,5561397,1711800,0,1711800,1531489,19961459,0,5479,20748,8027493
flchain,lightgbm,arm,500,8,16,0,0,0,1,1,0,1304,6086678,1710109,841319,868790,1520790,0,83456,5322,20748,8027493
flchain,lightgbm,arm,500,8,16,1,0,0,1,1,0,1304,6086678,1710109,841319,868790,1520790,19961459,0,5322,20748,8027493
flchain,lightgbm,arm,500,8,16,0,1,0,1,1,0,1304,6099699,1711800,0,1711800,1531489,0,83456,5322,20748,8027493
flchain,lightgbm,arm,500,8,16,1,1,0,1,1,0,1304,6099699,1711800,0,1711800,1531489,19961459,0,5322,20748,8027493
flchain,lightgbm,arm,500,8,16,0,0,1,1,1,0,1304,6086678,1710109,841319,868790,1520790,0,83456,5322,20748,8027493
flchain,lightgbm,arm,500,8,16,1,0,1,1,1,0,1304,6086678,1710109,841319,868790,1520790,19961459,0,5322,20748,8027493
flchain,lightgbm,arm,500,8,16,0,1,1,1,1,0,1304,6099699,1711800,0,1711800,1531489,0,83456,5322,20748,8027493
flchain,lightgbm,arm,500,8,16,1,1,1,1,1,0,1304,6099699,1711800,0,1711800,1531489,19961459,0,5322,20748,8027493
flchain,lightgbm,arm,500,8,16,0,0,0,1,1,1,1304,6086678,1710109,841319,868790,1520790,0,83456,5336,20748,8027493
flchain,lightgbm,arm,500,8,16,1,0,0,1,1,1,1304,6086678,1710109,841319,868790,1520790,19961459,0,5336,20748,8027493
flchain,lightgbm,arm,500,8,16,0,1,0,1,1,1,1304,6099699,1711800,0,1711800,1531489,0,83456,5336,20748,8027493
flchain,lightgbm,arm,500,8,16,1,1,0,1,1,1,1304,6099699,1711800,0,1711800,1531489,19961459,0,5336,20748,8027493
flchain,lightgbm,arm,500,8,16,0,0,1,1,1,1,1304,6086678,1710109,841319,868790,1520790,0,83456,5336,20748,8027493
flchain,lightgbm,arm,500,8,16,1,0,1,1,1,1,1304,6086678,1710109,841319,868790,1520790,19961459,0,5336,20748,8027493
flchain,lightgbm,arm,500,8,16,0,1,1,1,1,1,1304,6099699,1711800,0,1711800,1531489,0,83456,5336,20748,8027493
flchain,lightgbm,arm,500,8,16,1,1,1,1,1,1,1304,6099699,1711800,0,1711800,1531489,19961459,0,5336,20748,8027493
flchain,xgboost,arm,500,8,16,0,0,0,0,0,0,1304,5526649,1689787,818971,870816,1522816,0,62592,5725,20424,5803437
flchain,xgboost,arm,500,8,16,1,0,0,0,0,0,1304,5526649,1689787,818971,870816,1522816,19818747,0,5725,20424,5803437
flchain,xgboost,arm,500,8,16,0,1,0,0,0,0,1304,5545934,1694988,0,1694988,1538710,0,62592,5725,20424,5803437
flchain,xgboost,arm,500,8,16,1,1,0,0,0,0,1304,5545934,1694988,0,1694988,1538710,19818747,0,5725,20424,5803437
flchain,xgboost,arm,500,8,16,0,0,1,0,0,0,1304,5526649,1689787,818971,870816,1522816,0,62592,5725,20424,5803437
flchain,xgboost,arm,500,8,16,1,0,1,0,0,0,1304,5526649,1689787,818971,870816,1522816,19818747,0,5725,20424,5803437
flchain,xgboost,arm,500,8,16,0,1,1,0,0,0,1304,5545934,1694988,0,1694988,1538710,0,62592,5725,20424,5803437
flchain,xgboost,arm,500,8,16,1,1,1,0,0,0,1304,5545934,1694988,0,1694988,1538710,19818747,0,5725,20424,5803437
flchain,xgboost,arm,500,8,16,0,0,0,0,0,1,1304,5526649,1689787,818971,870816,1522816,0,62592,5813,20424,5803437
flchain,xgboost,arm,500,8,16,1,0,0,0,0,1,1304,5526649,1689787,818971,870816,1522816,19818747,0,5813,20424,5803437
flchain,xgboost,arm,500,8,16,0,1,0,0,0,1,1304,5545934,1694988,0,1694988,1538710,0,62592,5813,20424,5803437
flchain,xgboost,arm,500,8,16,1,1,0,0,0,1,1304,5545934,1694988,0,1694988,1538710,19818747,0,5813,20424,5803437
flchain,xgboost,arm,500,8,16,0,0,1,0,0,1,1304,5526649,1689787,818971,870816,1522816,0,62592,5813,20424,5803437
flchain,xgboost,arm,500,8,16,1,0,1,0,0,1,1304,5526649,1689787,818971,870816,1522816,19818747,0,5813,20424,5803437
flchain,xgboost,arm,500,8,16,0,1,1,0,0,1,1304,5545934,1694988,0,1694988,1538710,0,62592,5813,20424,5803437
flchain,xgboost,arm,500,8,16,1,1,1,0,0,1,1304,5545934,1694988,0,1694988,1538710,19818747,0,5813,20424,5803437
flchain,xgboost,arm,500,8,16,0,0,0,0,1,0,1304,6015739,1689787,818971,870816,1522816,0,62592,5537,20424,5803437
flchain,xgboost,arm,500,8,16,1,0,0,0,1,0,1304,6015739,1689787,818971,870816,1522816,19818747,0,5537,20424,5803437
flchain,xgboost,arm,500,8,16,0,1,0,0,1,0,1304,6035024,1694988,0,1694988,1538710,0,62592,5537,20424,5803437
flchain,xgboost,arm,500,8,16,1,1,0,0,1,0,1304,6035024,1694988,0,1694988,1538710,19818747,0,5537,20424,5803437
flchain,xgboost,arm,500,8,16,0,0,1,0,1,0,1304,6015739,1689787,818971,870816,1522816,0,62592,5537,20424,5803437
flchain,xgboost,arm,500,8,16,1,0,1,0,1,0,1304,6015739,1689787,818971,870816,1522816,19818747,0,5537,20424,5803437
flchain,xgboost,arm,500,8,16,0,1,1,0,1,0,1304,6035024,1694988,0,1694988,1538710,0,62592,5537,20424,5803437
flchain,xgboost,arm,500,8,16,1,1,1,0,1,0,1304,6035024,1694988,0,1694988,1538710,19818747,0,5537,20424,5803437
flchain,xgboost,arm,500,8,16,0,0,0,0,1,1,1304,6015739,1689787,818971,870816,1522816,0,62592,5630,20424,5803437
flchain,xgboost,arm,500,8,16,1,0,0,0,1,1,1304,6015739,1689787,818971,870816,1522816,19818747,0,5630,20424,5803437
flchain,xgboost,arm,500,8,16,0,1,0,0,1,1,1304,6035024,1694988,0,1694988,1538710,0,62592,5630,20424,5803437
flchain,xgboost,arm,500,8,16,1,1,0,0,1,1,1304,6035024,1694988,0,1694988,1538710,19818747,0,5630,20424,5803437
flchain,xgboost,arm,500,8,16,0,0,1,0,1,1,1304,6015739,1689787,818971,870816,1522816,0,62592,5630,20424,5803437
flchain,xgboost,arm,500,8,16,1,0,1,0,1,1,1304,6015739,1689787,818971,870816,1522816,19818747,0,5630,20424,5803437
flchain,xgboost,arm,500,8,16,0,1,1,0,1,1,1304,6035024,1694988,0,1694988,1538710,0,62592,5630,20424,5803437
flchain,xgboost,arm,500,8,16,1,1,1,0,1,1,1304,6035024,1694988,0,1694988,1538710,19818747,0,5630,20424,5803437
flchain,xgboost,arm,500,8,16,0,0,0,1,0,0,1304,5526649,1689787,818971,870816,1522816,0,62592,5376,20428,5803437
flchain,xgboost,arm,500,8,16,1,0,0,1,0,0,1304,5526649,1689787,818971,870816,1522816,19818747,0,5376,20428,5803437
flchain,xgboost,arm,500,8,16,0,1,0,1,0,0,1304,5545934,1694988,0,1694988,1538710,0,62592,5376,20428,5803437
flchain,xgboost,arm,500,8,16,1,1,0,1,0,0,1304,5545934,1694988,0,1694988,1538710,19818747,0,5376,20428,5803437
flchain,xgboost,arm,500,8,16,0,0,1,1,0,0,1304,5526649,1689787,818971,870816,1522816,0,62592,5376,20428,5803437
flchain,xgboost,arm,500,8,16,1,0,1,1,0,0,1304,5526649,1689787,818971,870816,1522816,19818747,0,5376,20428,5803437
flchain,xgboost,arm,500,8,16,0,1,1,1,0,0,1304,5545934,1694988,0,1694988,1538710,0,62592,5376,20428,5803437
flchain,xgboost,arm,500,8,16,1,1,1,1,0,0,1304,5545934,1694988,0,1694988,1538710,19818747,0,5376,20428,5803437
flchain,xgboost,arm,500,8,16,0,0,0,1,0,1,1304,5526649,1689787,818971,870816,1522816,0,62592,5005,20428,5803437
flchain,xgboost,arm,500,8,16,1,0,0,1,0,1,1304,5526649,1689787,818971,870816,1522816,19818747,0,5005,20428,5803437
flchain,xgboost,arm,500,8,16,0,1,0,1,0,1,1304,5545934,1694988,0,1694988,1538710,0,62592,5005,20428,5803437
flchain,xgboost,arm,500,8,16,1,1,0,1,0,1,1304,5545934,1694988,0,1694988,1538710,19818747,0,5005,20428,5803437
flchain,xgboost,arm,500,8,16,0,0,1,1,0,1,1304,5526649,1689787,818971,870816,1522816,0,62592,5005,20428,5803437
flchain,xgboost,arm,500,8,16,1,0,1,1,0,1,1304,5526649,1689787,818971,870816,1522816,19818747,0,5005,20428,5803437
flchain,xgboost,arm,500,8,16,0,1,1,1,0,1,1304,5545934,1694988,0,1694988,1538710,0,62592,5005,20428,5803437
flchain,xgboost,arm,500,8,16,1,1,1,1,0,1,1304,5545934,1694988,0,1694988,1538710,19818747,0,5005,20428,5803437
flchain,xgboost,arm,500,8,16,0,0,0,1,1,0,1304,6015739,1689787,818971,870816,1522816,0,62592,4973,20428,5803437
flchain,xgboost,arm,500,8,16,1,0,0,1,1,0,1304,6015739,1689787,818971,870816,1522816,19818747,0,4973,20428,5803437
flchain,xgboost,arm,500,8,16,0,1,0,1,1,0,1304,6035024,1694988,0,1694988,1538710,0,62592,4973,20428,5803437
flchain,xgboost,arm,500,8,16,1,1,0,1,1,0,1304,6035024,1694988,0,1694988,1538710,19818747,0,4973,20428,5803437
flchain,xgboost,arm,500,8,16,0,0,1,1,1,0,1304,6015739,1689787,818971,870816,1522816,0,62592,4973,20428,5803437
flchain,xgboost,arm,500,8,16,1,0,1,1,1,0,1304,6015739,1689787,818971,870816,1522816,19818747,0,4973,20428,5803437
flchain,xgboost,arm,500,8,16,0,1,1,1,1,0,1304,6035024,1694988,0,1694988,1538710,0,62592,4973,20428,5803437
flchain,xgboost,arm,500,8,16,1,1,1,1,1,0,1304,6035024,1694988,0,1694988,1538710,19818747,0,4973,20428,5803437
flchain,xgboost,arm,500,8,16,0,0,0,1,1,1,1304,6015739,1689787,818971,870816,1522816,0,62592,4963,20428,5803437
flchain,xgboost,arm,500,8,16,1,0,0,1,1,1,1304,6015739,1689787,818971,870816,1522816,19818747,0,4963,20428,5803437
flchain,xgboost,arm,500,8,16,0,1,0,1,1,1,1304,6035024,1694988,0,1694988,1538710,0,62592,4963,20428,5803437
flchain,xgboost,arm,500,8,16,1,1,0,1,1,1,1304,6035024,1694988,0,1694988,1538710,19818747,0,4963,20428,5803437
flchain,xgboost,arm,500,8,16,0,0,1,1,1,1,1304,6015739,1689787,818971,870816,1522816,0,62592,4963,20428,5803437
flchain,xgboost,arm,500,8,16,1,0,1,1,1,1,1304,6015739,1689787,818971,870816,1522816,19818747,0,4963,20428,5803437
flchain,xgboost,arm,500,8,16,0,1,1,1,1,1,1304,6035024,1694988,0,1694988,1538710,0,62592,4963,20428,5803437
flchain,xgboost,arm,500,8,16,1,1,1,1,1,1,1304,6035024,1694988,0,1694988,1538710,19818747,0,4963,20428,5803437
flchain,lightgbm,arm,500,8,4,0,0,0,0,0,0,1304,5331708,807021,443367,363654,1015654,0,20864,4988,18348,5115693
flchain,lightgbm,arm,500,8,4,1,0,0,0,0,0,1304,5331708,807021,443367,363654,1015654,2611563,0,4988,18348,5115693
flchain,lightgbm,arm,500,8,4,0,1,0,0,0,0,1304,5342308,807954,0,807954,1021450,0,20864,4988,18348,5115693
flchain,lightgbm,arm,500,8,4,1,1,0,0,0,0,1304,5342308,807954,0,807954,1021450,2611563,0,4988,18348,5115693
flchain,lightgbm,arm,500,8,4,0,0,1,0,0,0,1304,5331708,807021,443367,363654,1015654,0,20864,4988,18348,5115693
flchain,lightgbm,arm,500,8,4,1,0,1,0,0,0,1304,5331708,807021,443367,363654,1015654,2611563,0,4988,18348,5115693
flchain,lightgbm,arm,500,8,4,0,1,1,0,0,0,1304,5342308,807954,0,807954,1021450,0,20864,4988,18348,5115693
flchain,lightgbm,arm,500,8,4,1,1,1,0,0,0,1304,5342308,807954,0,807954,1021450,2611563,0,4988,18348,5115693
flchain,lightgbm,arm,500,8,4,0,0,0,0,0,1,1304,5331708,807021,443367,363654,1015654,0,20864,4369,18348,5115693
flchain,lightgbm,arm,500,8,4,0,0,0,0,1,0,1304,5836565,807021,443367,363654,1015654,0,20864,4128,18348,5115693
flchain,lightgbm,arm,500,8,4,0,0,0,0,1,1,1304,5836565,807021,443367,363654,1015654,0,20864,4000,18348,5115693
flchain,lightgbm,arm,500,8,4,0,0,0,1,0,0,1304,5331708,807021,443367,363654,1015654,0,20864,3871,18356,5115693
flchain,lightgbm,arm,500,8,4,0,0,0,1,0,1,1304,5331708,807021,443367,363654,1015654,0,20864,3537,18356,5115693
flchain,lightgbm,arm,500,8,4,0,0,0,1,1,0,1304,5836565,807021,443367,363654,1015654,0,20864,3487,18368,5115693
flchain,lightgbm,arm,500,8,4,0,0,0,1,1,1,1304,5836565,807021,443367,363654,1015654,0,20864,3403,18368,5115693
flchain,xgboost,arm,500,8,4,0,0,0,0,0,0,1304,5076586,979216,603831,375385,1027385,0,15648,5145,18560,5645341
flchain,xgboost,arm,500,8,4,1,0,0,0,0,0,1304,5076586,979216,603831,375385,1027385,3267117,0,5145,18560,5645341
flchain,xgboost,arm,500,8,4,0,1,0,0,0,0,1304,5080793,979459,0,979459,1030861,0,15648,5145,18560,5645341
flchain,xgboost,arm,500,8,4,1,1,0,0,0,0,1304,5080793,979459,0,979459,1030861,3267117,0,5145,18560,5645341
flchain,xgboost,arm,500,8,4,0,0,1,0,0,0,1304,5076586,979216,603831,375385,1027385,0,15648,5145,18560,5645341
flchain,xgboost,arm,500,8,4,1,0,1,0,0,0,1304,5076586,979216,603831,375385,1027385,3267117,0,5145,18560,5645341
flchain,xgboost,arm,500,8,4,0,1,1,0,0,0,1304,5080793,979459,0,979459,1030861,0,15648,5145,18560,5645341
flchain,xgboost,arm,500,8,4,1,1,1,0,0,0,1304,5080793,979459,0,979459,1030861,3267117,0,5145,18560,5645341
flchain,xgboost,arm,500,8,4,0,0,0,0,0,1,1304,5076586,979216,603831,375385,1027385,0,15648,5324,18560,5645341
flchain,xgboost,arm,500,8,4,0,0,0,0,1,0,1304,5463647,979216,603831,375385,1027385,0,15648,5166,18560,5645341
flchain,xgboost,arm,500,8,4,0,0,0,0,1,1,1304,5463647,979216,603831,375385,1027385,0,15648,5160,18560,5645341
flchain,xgboost,arm,500,8,4,0,0,0,1,0,0,1304,5076586,979216,603831,375385,1027385,0,15648,5033,18564,5645341
flchain,xgboost,arm,500,8,4,0,0,0,1,0,1,1304,5076586,979216,603831,375385,1027385,0,15648,4586,18564,5645341
flchain,xgboost,arm,500,8,4,0,0,0,1,1,0,1304,5463647,979216,603831,375385,1027385,0,15648,4514,18564,5645341
flchain,xgboost,arm,500,8,4,0,0,0,1,1,1,1304,5463647,979216,603831,375385,1027385,0,15648,4496,18564,5645341
flchain,lightgbm,arm,500,8,64,0,0,0,0,0,0,1304,6724780,2333588,743950,1589638,2241638,0,333824,8303,28616,10624009
flchain,lightgbm,arm,500,8,64,1,0,0,0,0,0,1304,6724780,2333588,743950,1589638,2241638,95899936,0,8303,28616,10624009
flchain,lightgbm,arm,500,8,64,0,1,0,0,0,0,1304,6748977,2338706,0,2338706,2266366,0,333824,8303,28616,10624009
flchain,lightgbm,arm,500,8,64,1,1,0,0,0,0,1304,6748977,2338706,0,2338706,2266366,95899936,0,8303,28616,10624009
flchain,lightgbm,arm,500,8,64,0,0,1,0,0,0,1304,6724780,2333588,743950,1589638,2241638,0,333824,8303,28616,10624009
flchain,lightgbm,arm,500,8,64,1,0,1,0,0,0,1304,6724780,2333588,743950,1589638,2241638,95899936,0,8303,28616,10624009
flchain,lightgbm,arm,500,8,64,0,1,1,0,0,0,1304,6748977,2338706,0,2338706,2266366,0,333824,8303,28616,10624009
flchain,lightgbm,arm,500,8,64,1,1,1,0,0,0,1304,6748977,2338706,0,2338706,2266366,95899936,0,8303,28616,10624009
flchain,lightgbm,arm,500,8,64,0,0,0,0,0,1,1304,6724780,2333588,743950,1589638,2241638,0,333824,7832,28616,10624009
flchain,lightgbm,arm,500,8,64,0,0,0,0,1,0,1304,7249971,2333588,743950,1589638,2241638,0,333824,7674,28616,10624009
flchain,lightgbm,arm,500,8,64,0,0,0,0,1,1,1304,7249971,2333588,743950,1589638,2241638,0,333824,7824,28616,10624009
flchain,lightgbm,arm,500,8,64,0,0,0,1,0,0,1304,6724780,2333588,743950,1589638,2241638,0,333824,7496,28620,10624009
flchain,lightgbm,arm,500,8,64,0,0,0,1,0,1,1304,6724780,2333588,743950,1589638,2241638,0,333824,7115,28620,10624009
flchain,lightgbm,arm,500,8,64,0,0,0,1,1,0,1304,7249971,2333588,743950,1589638,2241638,0,333824,6736,28620,10624009
flchain,lightgbm,arm,500,8,64,0,0,0,1,1,1,1304,7249971,2333588,743950,1589638,2241638,0,333824,6688,28620,10624009
flchain,xgboost,arm,500,8,64,0,0,0,0,0,0,1304,6213957,2152187,535447,1616740,2268740,0,250368,6294,27840,6021205
flchain,xgboost,arm,500,8,64,1,0,0,0,0,0,1304,6213957,2152187,535447,1616740,2268740,93557304,0,6294,27840,6021205
flchain,xgboost,arm,500,8,64,0,1,0,0,0,0,1304,6232412,2157521,0,2157521,2297292,0,250368,6294,27840,6021205
flchain,xgboost,arm,500,8,64,1,1,0,0,0,0,1304,6232412,2157521,0,2157521,2297292,93557304,0,6294,27840,6021205
flchain,xgboost,arm,500,8,64,0,0,1,0,0,0,1304,6213957,2152187,535447,1616740,2268740,0,250368,6294,27840,6021205
flchain,xgboost,arm,500,8,64,1,0,1,0,0,0,1304,6213957,2152187,535447,1616740,2268740,93557304,0,6294,27840,6021205
flchain,xgboost,arm,500,8,64,0,1,1,0,0,0,1304,6232412,2157521,0,2157521,2297292,0,250368,6294,27840,6021205
flchain,xgboost,arm,500,8,64,1,1,1,0,0,0,1304,6232412,2157521,0,2157521,2297292,93557304,0,6294,27840,6021205
flchain,xgboost,arm,500,8,64,0,0,0,0,0,1,1304,6213957,2152187,535447,1616740,2268740,0,250368,6274,27840,6021205
flchain,xgboost,arm,500,8,64,0,0,0,0,1,0,1304,6706530,2152187,535447,1616740,2268740,0,250368,6177,27840,6021205
flchain,xgboost,arm,500,8,64,0,0,0,0,1,1,1304,6706530,2152187,535447,1616740,2268740,0,250368,6186,27840,6021205
flchain,xgboost,arm,500,8,64,0,0,0,1,0,0,1304,6213957,2152187,535447,1616740,2268740,0,250368,5982,27844,6021205
flchain,xgboost,arm,500,8,64,0,0,0,1,0,1,1304,6213957,2152187,535447,1616740,2268740,0,250368,5692,27844,6021205
flchain,xgboost,arm,500,8,64,0,0,0,1,1,0,1304,6706530,2152187,535447,1616740,2268740,0,250368,5517,27844,6021205
flchain,xgboost,arm,500,8,64,0,0,0,1,1,1,1304,6706530,2152187,535447,1616740,2268740,0,250368,5535,27844,6021205
flchain,lightgbm,arm,50,4,1,0,0,0,0,0,0,1304,199241,0,0,0,65200,0,0,2751,16972,124671
flchain,lightgbm,arm,50,4,1,1,0,0,0,0,0,1304,199241,0,0,0,65200,0,0,2751,16972,124671
flchain,lightgbm,arm,50,4,1,0,1,0,0,0,0,1304,199241,0,0,0,65200,0,0,2751,16972,124671
flchain,lightgbm,arm,50,4,1,1,1,0,0,0,0,1304,199241,0,0,0,65200,0,0,2751,16972,124671
flchain,lightgbm,arm,50,4,1,0,0,1,0,0,0,1304,199241,0,0,0,65200,0,0,2751,16972,124671
flchain,lightgbm,arm,50,4,1,1,0,1,0,0,0,1304,199241,0,0,0,65200,0,0,2751,16972,124671
flchain,lightgbm,arm,50,4,1,0,1,1,0,0,0,1304,199241,0,0,0,65200,0,0,2751,16972,124671
flchain,lightgbm,arm,50,4,1,1,1,1,0,0,0,1304,199241,0,0,0,65200,0,0,2751,16972,124671
flchain,lightgbm,arm,50,4,1,0,0,0,0,0,1,1304,199241,0,0,0,65200,0,0,995,16972,124671
flchain,lightgbm,arm,50,4,1,0,0,0,0,1,0,1304,259545,0,0,0,65200,0,0,820,16972,124671
flchain,lightgbm,arm,50,4,1,0,0,0,0,1,1,1304,259545,0,0,0,65200,0,0,816,16972,124671
flchain,lightgbm,arm,50,4,1,0,0,0,1,0,0,1304,199241,0,0,0,65200,0,0,807,16980,124671
flchain,lightgbm,arm,50,4,1,0,0,0,1,0,1,1304,199241,0,0,0,65200,0,0,793,16980,124671
flchain,lightgbm,arm,50,4,1,0,0,0,1,1,0,1304,259545,0,0,0,65200,0,0,795,16980,124671
flchain,lightgbm,arm,50,4,1,0,0,0,1,1,1,1304,259545,0,0,0,65200,0,0,791,16980,124671
flchain,xgboost,arm,50,4,1,0,0,0,0,0,0,1304,203047,0,0,0,65200,0,0,836,16972,123779
flchain,xgboost,arm,50,4,1,1,0,0,0,0,0,1304,203047,0,0,0,65200,0,0,836,16972,123779
flchain,xgboost,arm,50,4,1,0,1,0,0,0,0,1304,203047,0,0,0,65200,0,0,836,16972,123779
flchain,xgboost,arm,50,4,1,1,1,0,0,0,0,1304,203047,0,0,0,65200,0,0,836,16972,123779
flchain,xgboost,arm,50,4,1,0,0,1,0,0,0,1304,203047,0,0,0,65200,0,0,836,16972,123779
flchain,xgboost,arm,50,4,1,1,0,1,0,0,0,1304,203047,0,0,0,65200,0,0,836,16972,123779
flchain,xgboost,arm,50,4,1,0,1,1,0,0,0,1304,203047,0,0,0,65200,0,0,836,16972,123779
flchain,xgboost,arm,50,4,1,1,1,1,0,0,0,1304,203047,0,0,0,65200,0,0,836,16972,123779
flchain,xgboost,arm,50,4,1,0,0,0,0,0,1,1304,203047,0,0,0,65200,0,0,905,16972,123779
flchain,xgboost,arm,50,4,1,0,0,0,0,1,0,1304,260115,0,0,0,65200,0,0,826,16972,123779
flchain,xgboost,arm,50,4,1,0,0,0,0,1,1,1304,260115,0,0,0,65200,0,0,827,16972,123779
flchain,xgboost,arm,50,4,1,0,0,0,1,0,0,1304,203047,0,0,0,65200,0,0,829,16980,123779
flchain,xgboost,arm,50,4,1,0,0,0,1,0,1,1304,203047,0,0,0,65200,0,0,802,16980,123779
flchain,xgboost,arm,50,4,1,0,0,0,1,1,0,1304,260115,0,0,0,65200,0,0,808,16980,123779
flchain,xgboost,arm,50,4,1,0,0,0,1,1,1,1304,260115,0,0,0,65200,0,0,807,16980,123779
support,lightgbm,arm,1000,16,32,0,0,0,0,0,0,1774,60219867,21077451,8828649,12248802,14022802,0,227072,137958,67192,215777313
support,lightgbm,arm,1000,16,32,1,0,0,0,0,0,1774,60219867,21077451,8828649,12248802,14022802,330019725,0,137958,67192,215777313
support,lightgbm,arm,1000,16,32,0,1,0,0,0,0,1774,61062230,21336509,0,21336509,14502680,0,227072,137958,67192,215777313
support,lightgbm,arm,1000,16,32,1,1,0,0,0,0,1774,61062230,21336509,0,21336509,14502680,330019725,0,137958,67192,215777313
support,lightgbm,arm,1000,16,32,0,0,1,0,0,0,1774,60219867,21077451,8828649,12248802,14022802,0,227072,137958,67192,215777313
support,lightgbm,arm,1000,16,32,1,0,1,0,0,0,1774,60219867,21077451,8828649,12248802,14022802,330019725,0,137958,67192,215777313
support,lightgbm,arm,1000,16,32,0,1,1,0,0,0,1774,61062230,21336509,0,21336509,14502680,0,227072,137958,67192,215777313
support,lightgbm,arm,1000,16,32,1,1,1,0,0,0,1774,61062230,21336509,0,21336509,14502680,330019725,0,137958,67192,215777313
support,lightgbm,arm,1000,16,32,0,0,0,0,0,1,1774,60219867,21077451,8828649,12248802,14022802,0,227072,128586,67192,215777313
support,lightgbm,arm,1000,16,32,1,0,0,0,0,1,1774,60219867,21077451,8828649,12248802,14022802,330019725,0,128586,67192,215777313
support,lightgbm,arm,1000,16,32,0,1,0,0,0,1,1774,61062230,21336509,0,21336509,14502680,0,227072,128586,67192,215777313
support,lightgbm,arm,1000,16,32,1,1,0,0,0,1,1774,61062230,21336509,0,21336509,14502680,330019725,0,128586,67192,215777313
support,lightgbm,arm,1000,16,32,0,0,1,0,0,1,1774,60219867,21077451,8828649,12248802,14022802,0,227072,128586,67192,215777313
support,lightgbm,arm,1000,16,32,1,0,1,0,0,1,1774,60219867,21077451,8828649,12248802,14022802,330019725,0,128586,67192,215777313
support,lightgbm,arm,1000,16,32,0,1,1,0,0,1,1774,61062230,21336509,0,21336509,14502680,0,227072,128586,67192,215777313
support,lightgbm,arm,1000,16,32,1,1,1,0,0,1,1774,61062230,21336509,0,21336509,14502680,330019725,0,128586,67192,215777313
support,lightgbm,arm,1000,16,32,0,0,0,0,1,0,1774,61194761,21077451,8828649,12248802,14022802,0,227072,129846,67192,215777313
support,lightgbm,arm,1000,16,32,1,0,0,0,1,0,1774,61194761,21077451,8828649,12248802,14022802,330019725,0,129846,67192,215777313
support,lightgbm,arm,1000,16,32,0,1,0,0,1,0,1774,62037124,21336509,0,21336509,14502680,0,227072,129846,67192,215777313
support,lightgbm,arm,1000,16,32,1,1,0,0,1,0,1774,62037124,21336509,0,21336509,14502680,330019725,0,129846,67192,215777313
support,lightgbm,arm,1000,16,32,0,0,1,0,1,0,1774,61194761,21077451,8828649,12248802,14022802,0,227072,129846,67192,215777313
support,lightgbm,arm,1000,16,32,1,0,1,0,1,0,1774,61194761,21077451,8828649,12248802,14022802,330019725,0,129846,67192,215777313
support,lightgbm,arm,1000,16,32,0,1,1,0,1,0,1774,62037124,21336509,0,21336509,14502680,0,227072,129846,67192,215777313
support,lightgbm,arm,1000,16,32,1,1,1,0,1,0,1774,62037124,21336509,0,21336509,14502680,330019725,0,129846,67192,215777313
support,lightgbm,arm,1000,16,32,0,0,0,0,1,1,1774,61194761,21077451,8828649,12248802,14022802,0,227072,131235,67192,215777313
support,lightgbm,arm,1000,16,32,1,0,0,0,1,1,1774,61194761,21077451,8828649,12248802,14022802,330019725,0,131235,67192,215777313
support,lightgbm,arm,1000,16,32,0,1,0,0,1,1,1774,62037124,21336509,0,21336509,14502680,0,227072,131235,67192,215777313
support,lightgbm,arm,1000,16,32,1,1,0,0,1,1,1774,62037124,21336509,0,21336509,14502680,330019725,0,131235,67192,215777313
support,lightgbm,arm,1000,16,32,0,0,1,0,1,1,1774,61194761,21077451,8828649,12248802,14022802,0,227072,131235,67192,215777313
support,lightgbm,arm,1000,16,32,1,0,1,0,1,1,1774,61194761,21077451,8828649,12248802,14022802,330019725,0,131235,67192,215777313
support,lightgbm,arm,1000,16,32,0,1,1,0,1,1,1774,62037124,21336509,0,21336509,14502680,0,227072,131235,67192,215777313
support,lightgbm,arm,1000,16,32,1,1,1,0,1,1,1774,62037124,21336509,0,21336509,14502680,330019725,0,131235,67192,215777313
support,lightgbm,arm,1000,16,32,0,0,0,1,0,0,1774,60219867,21077451,8828649,12248802,14022802,0,227072,124301,67196,215777313
support,lightgbm,arm,1000,16,32,1,0,0,1,0,0,1774,60219867,21077451,8828649,12248802,14022802,330019725,0,124301,67196,215777313
support,lightgbm,arm,1000,16,32,0,1,0,1,0,0,1774,61062230,21336509,0,21336509,14502680,0,227072,124301,67196,215777313
support,lightgbm,arm,1000,16,32,1,1,0,1,0,0,1774,61062230,21336509,0,21336509,14502680,330019725,0,124301,67196,215777313
support,lightgbm,arm,1000,16,32,0,0,1,1,0,0,1774,60219867,21077451,8828649,12248802,14022802,0,227072,124301,67196,215777313
support,lightgbm,arm,1000,16,32,1,0,1,1,0,0,1774,60219867,21077451,8828649,12248802,14022802,330019725,0,124301,67196,215777313
support,lightgbm,arm,1000,16,32,0,1,1,1,0,0,1774,61062230,21336509,0,21336509,14502680,0,227072,124301,67196,215777313
support,lightgbm,arm,1000,16,32,1,1,1,1,0,0,1774,61062230,21336509,0,21336509,14502680,330019725,0,124301,67196,215777313
support,lightgbm,arm,1000,16,32,0,0,0,1,0,1,1774,60219867,21077451,8828649,12248802,14022802,0,227072,112252,67196,215777313
support,lightgbm,arm,1000,16,32,1,0,0,1,0,1,1774,60219867,21077451,8828649,12248802,14022802,330019725,0,112252,67196,215777313
support,lightgbm,arm,1000,16,32,0,1,0,1,0,1,1774,61062230,21336509,0,21336509,14502680,0,227072,112252,67196,215777313
support,lightgbm,arm,1000,16,32,1,1,0,1,0,1,1774,61062230,21336509,0,21336509,14502680,330019725,0,112252,67196,215777313
support,lightgbm,arm,1000,16,32,0,0,1,1,0,1,1774,60219867,21077451,8828649,12248802,14022802,0,227072,112252,67196,215777313
support,lightgbm,arm,1000,16,32,1,0,1,1,0,1,1774,60219867,21077451,8828649,12248802,14022802,330019725,0,112252,67196,215777313
support,lightgbm,arm,1000,16,32,0,1,1,1,0,1,1774,61062230,21336509,0,21336509,14502680,0,227072,112252,67196,215777313
support,lightgbm,arm,1000,16,32,1,1,1,1,0,1,1774,61062230,21336509,0,21336509,14502680,330019725,0,112252,67196,215777313
support,lightgbm,arm,1000,16,32,0,0,0,1,1,0,1774,61194761,21077451,8828649,12248802,14022802,0,227072,112551,67196,215777313
support,lightgbm,arm,1000,16,32,1,0,0,1,1,0,1774,61194761,21077451,8828649,12248802,14022802,330019725,0,112551,67196,215777313
support,lightgbm,arm,1000,16,32,0,1,0,1,1,0,1774,62037124,21336509,0,21336509,14502680,0,227072,112551,67196,215777313
support,lightgbm,arm,1000,16,32,1,1,0,1,1,0,1774,62037124,21336509,0,21336509,14502680,330019725,0,112551,67196,215777313
support,lightgbm,arm,1000,16,32,0,0,1,1,1,0,1774,61194761,21077451,8828649,12248802,14022802,0,227072,112551,67196,215777313
support,lightgbm,arm,1000,16,32,1,0,1,1,1,0,1774,61194761,21077451,8828649,12248802,14022802,330019725,0,112551,67196,215777313
support,lightgbm,arm,1000,16,32,0,1,1,1,1,0,1774,62037124,21336509,0,21336509,14502680,0,227072,112551,67196,215777313
support,lightgbm,arm,1000,16,32,1,1,1,1,1,0,1774,62037124,21336509,0,21336509,14502680,330019725,0,112551,67196,215777313
support,lightgbm,arm,1000,16,32,0,0,0,1,1,1,1774,61194761,21077451,8828649,12248802,14022802,0,227072,113127,67196,215777313
support,lightgbm,arm,1000,16,32,1,0,0,1,1,1,1774,61194761,21077451,8828649,12248802,14022802,330019725,0,113127,67196,215777313
support,lightgbm,arm,1000,16,32,0,1,0,1,1,1,1774,62037124,21336509,0,21336509,14502680,0,227072,113127,67196,215777313
support,lightgbm,arm,1000,16,32,1,1,0,1,1,1,1774,62037124,21336509,0,21336509,14502680,330019725,0,113127,67196,215777313
support,lightgbm,arm,1000,16,32,0,0,1,1,1,1,1774,61194761,21077451,8828649,12248802,14022802,0,227072,113127,67196,215777313
support,lightgbm,arm,1000,16,32,1,0,1,1,1,1,1774,61194761,21077451,8828649,12248802,14022802,330019725,0,113127,67196,215777313
support,lightgbm,arm,1000,16,32,0,1,1,1,1,1,1774,62037124,21336509,0,21336509,14502680,0,227072,113127,67196,215777313
support,lightgbm,arm,1000,16,32,1,1,1,1,1,1,1774,62037124,21336509,0,21336509,14502680,330019725,0,113127,67196,215777313
support,xgboost,arm,1000,16,32,0,0,0,0,0,0,1774,45927649,15741824,5817733,9924091,11698091,0,170304,51917,40708,69604845
support,xgboost,arm,1000,16,32,1,0,0,0,0,0,1774,45927649,15741824,5817733,9924091,11698091,296950489,0,51917,40708,69604845
support,xgboost,arm,1000,16,32,0,1,0,0,0,0,1774,46464528,15885496,0,15885496,12033881,0,170304,51917,40708,69604845
support,xgboost,arm,1000,16,32,1,1,0,0,0,0,1774,46464528,15885496,0,15885496,12033881,296950489,0,51917,40708,69604845
support,xgboost,arm,1000,16,32,0,0,1,0,0,0,1774,45927649,15741824,5817733,9924091,11698091,0,170304,51917,40708,69604845
support,xgboost,arm,1000,16,32,1,0,1,0,0,0,1774,45927649,15741824,5817733,9924091,11698091,296950489,0,51917,40708,69604845
support,xgboost,arm,1000,16,32,0,1,1,0,0,0,1774,46464528,15885496,0,15885496,12033881,0,170304,51917,40708,69604845
support,xgboost,arm,1000,16,32,1,1,1,0,0,0,1774,46464528,15885496,0,15885496,12033881,296950489,0,51917,40708,69604845
support,xgboost,arm,1000,16,32,0,0,0,0,0,1,1774,45927649,15741824,5817733,9924091,11698091,0,170304,44457,40708,69604845
support,xgboost,arm,1000,16,32,1,0,0,0,0,1,1774,45927649,15741824,5817733,9924091,11698091,296950489,0,44457,40708,69604845
support,xgboost,arm,1000,16,32,0,1,0,0,0,1,1774,46464528,15885496,0,15885496,12033881,0,170304,44457,40708,69604845
support,xgboost,arm,1000,16,32,1,1,0,0,0,1,1774,46464528,15885496,0,15885496,12033881,296950489,0,44457,40708,69604845
support,xgboost,arm,1000,16,32,0,0,1,0,0,1,1774,45927649,15741824,5817733,9924091,11698091,0,170304,44457,40708,69604845
support,xgboost,arm,1000,16,32,1,0,1,0,0,1,1774,45927649,15741824,5817733,9924091,11698091,296950489,0,44457,40708,69604845
support,xgboost,arm,1000,16,32,0,1,1,0,0,1,1774,46464528,15885496,0,15885496,12033881,0,170304,44457,40708,69604845
support,xgboost,arm,1000,16,32,1,1,1,0,0,1,1774,46464528,15885496,0,15885496,12033881,296950489,0,44457,40708,69604845
support,xgboost,arm,1000,16,32,0,0,0,0,1,0,1774,46297882,15741824,5817733,9924091,11698091,0,170304,44506,40708,69604845
support,xgboost,arm,1000,16,32,1,0,0,0,1,0,1774,46297882,15741824,5817733,9924091,11698091,296950489,0,44506,40708,69604845
support,xgboost,arm,1000,16,32,0,1,0,0,1,0,1774,46834761,15885496,0,15885496,12033881,0,170304,44506,40708,69604845
support,xgboost,arm,1000,16,32,1,1,0,0,1,0,1774,46834761,15885496,0,15885496,12033881,296950489,0,44506,40708,69604845
support,xgboost,arm,1000,16,32,0,0,1,0,1,0,1774,46297882,15741824,5817733,9924091,11698091,0,170304,44506,40708,69604845
support,xgboost,arm,1000,16,32,1,0,1,0,1,0,1774,46297882,15741824,5817733,9924091,11698091,296950489,0,44506,40708,69604845
support,xgboost,arm,1000,16,32,0,1,1,0,1,0,1774,46834761,15885496,0,15885496,12033881,0,170304,44506,40708,69604845
support,xgboost,arm,1000,16,32,1,1,1,0,1,0,1774,46834761,15885496,0,15885496,12033881,296950489,0,44506,40708,69604845
support,xgboost,arm,1000,16,32,0,0,0,0,1,1,1774,46297882,15741824,5817733,9924091,11698091,0,170304,45069,40708,69604845
support,xgboost,arm,1000,16,32,1,0,0,0,1,1,1774,46297882,15741824,5817733,9924091,11698091,296950489,0,45069,40708,69604845
support,xgboost,arm,1000,16,32,0,1,0,0,1,1,1774,46834761,15885496,0,15885496,12033881,0,170304,45069,40708,69604845
support,xgboost,arm,1000,16,32,1,1,0,0,1,1,1774,46834761,15885496,0,15885496,12033881,296950489,0,45069,40708,69604845
support,xgboost,arm,1000,16,32,0,0,1,0,1,1,1774,46297882,15741824,5817733,9924091,11698091,0,170304,45069,40708,69604845
support,xgboost,arm,1000,16,32,1,0,1,0,1,1,1774,46297882,15741824,5817733,9924091,11698091,296950489,0,45069,40708,69604845
support,xgboost,arm,1000,16,32,0,1,1,0,1,1,1774,46834761,15885496,0,15885496,12033881,0,170304,45069,40708,69604845
support,xgboost,arm,1000,16,32,1,1,1,0,1,1,1774,46834761,15885496,0,15885496,12033881,296950489,0,45069,40708,69604845
support,xgboost,arm,1000,16,32,0,0,0,1,0,0,1774,45927649,15741824,5817733,9924091,11698091,0,170304,43002,40712,69604845
support,xgboost,arm,1000,16,32,1,0,0,1,0,0,1774,45927649,15741824,5817733,9924091,11698091,296950489,0,43002,40712,69604845
support,xgboost,arm,1000,16,32,0,1,0,1,0,0,1774,46464528,15885496,0,15885496,12033881,0,170304,43002,40712,69604845
support,xgboost,arm,1000,16,32,1,1,0,1,0,0,1774,46464528,15885496,0,15885496,12033881,296950489,0,43002,40712,69604845
support,xgboost,arm,1000,16,32,0,0,1,1,0,0,1774,45927649,15741824,5817733,9924091,11698091,0,170304,43002,40712,69604845
support,xgboost,arm,1000,16,32,1,0,1,1,0,0,1774,45927649,15741824,5817733,9924091,11698091,296950489,0,43002,40712,69604845
support,xgboost,arm,1000,16,32,0,1,1,1,0,0,1774,46464528,15885496,0,15885496,12033881,0,170304,43002,40712,69604845
support,xgboost,arm,1000,16,32,1,1,1,1,0,0,1774,46464528,15885496,0,15885496,12033881,296950489,0,43002,40712,69604845
support,xgboost,arm,1000,16,32,0,0,0,1,0,1,1774,45927649,15741824,5817733,9924091,11698091,0,170304,37970,40712,69604845
support,xgboost,arm,1000,16,32,1,0,0,1,0,1,1774,45927649,15741824,5817733,9924091,11698091,296950489,0,37970,40712,69604845
support,xgboost,arm,1000,16,32,0,1,0,1,0,1,1774,46464528,15885496,0,15885496,12033881,0,170304,37970,40712,69604845
support,xgboost,arm,1000,16,32,1,1,0,1,0,1,1774,46464528,15885496,0,15885496,12033881,296950489,0,37970,40712,69604845
support,xgboost,arm,1000,16,32,0,0,1,1,0,1,1774,45927649,15741824,5817733,9924091,11698091,0,170304,37970,40712,69604845
support,xgboost,arm,1000,16,32,1,0,1,1,0,1,1774,45927649,15741824,5817733,9924091,11698091,296950489,0,37970,40712,69604845
support,xgboost,arm,1000,16,32,0,1,1,1,0,1,1774,46464528,15885496,0,15885496,12033881,0,170304,37970,40712,69604845
support,xgboost,arm,1000,16,32,1,1,1,1,0,1,1774,46464528,15885496,0,15885496,12033881,296950489,0,37970,40712,69604845
support,xgboost,arm,1000,16,32,0,0,0,1,1,0,1774,46297882,15741824,5817733,9924091,11698091,0,170304,37925,40712,69604845
support,xgboost,arm,1000,16,32,1,0,0,1,1,0,1774,46297882,15741824,5817733,9924091,11698091,296950489,0,37925,40712,69604845
support,xgboost,arm,1000,16,32,0,1,0,1,1,0,1774,46834761,15885496,0,15885496,12033881,0,170304,37925,40712,69604845
support,xgboost,arm,1000,16,32,1,1,0,1,1,0,1774,46834761,15885496,0,15885496,12033881,296950489,0,37925,40712,69604845
support,xgboost,arm,1000,16,32,0,0,1,1,1,0,1774,46297882,15741824,5817733,9924091,11698091,0,170304,37925,40712,69604845
support,xgboost,arm,1000,16,32,1,0,1,1,1,0,1774,46297882,15741824,5817733,9924091,11698091,296950489,0,37925,40712,69604845
support,xgboost,arm,1000,16,32,0,1,1,1,1,0,1774,46834761,15885496,0,15885496,12033881,0,170304,37925,40712,69604845
support,xgboost,arm,1000,16,32,1,1,1,1,1,0,1774,46834761,15885496,0,15885496,12033881,296950489,0,37925,40712,69604845
support,xgboost,arm,1000,16,32,0,0,0,1,1,1,1774,46297882,15741824,5817733,9924091,11698091,0,170304,37937,40712,69604845
support,xgboost,arm,1000,16,32,1,0,0,1,1,1,1774,46297882,15741824,5817733,9924091,11698091,296950489,0,37937,40712,69604845
support,xgboost,arm,1000,16,32,0,1,0,1,1,1,1774,46834761,15885496,0,15885496,12033881,0,170304,37937,40712,69604845
support,xgboost,arm,1000,16,32,1,1,0,1,1,1,1774,46834761,15885496,0,15885496,12033881,296950489,0,37937,40712,69604845
support,xgboost,arm,1000,16,32,0,0,1,1,1,1,1774,46297882,15741824,5817733,9924091,11698091,0,170304,37937,40712,69604845
support,xgboost,arm,1000,16,32,1,0,1,1,1,1,1774,46297882,15741824,5817733,9924091,11698091,296950489,0,37937,40712,69604845
support,xgboost,arm,1000,16,32,0,1,1,1,1,1,1774,46834761,15885496,0,15885496,12033881,0,170304,37937,40712,69604845
support,xgboost,arm,1000,16,32,1,1,1,1,1,1,1774,46834761,15885496,0,15885496,12033881,296950489,0,37937,40712,69604845
support,lightgbm,arm,500,4,16,0,0,0,0,0,0,1774,2993787,638475,134413,504062,1391062,0,113536,4557,21664,1177061
support,lightgbm,arm,500,4,16,1,0,0,0,0,0,1774,2993787,638475,134413,504062,1391062,8900261,0,4557,21664,1177061
support,lightgbm,arm,500,4,16,0,1,0,0,0,0,1774,2995289,638617,0,638617,1394625,0,113536,4557,21664,1177061
support,lightgbm,arm,500,4,16,1,1,0,0,0,0,1774,2995289,638617,0,638617,1394625,8900261,0,4557,21664,1177061
support,lightgbm,arm,500,4,16,0,0,1,0,0,0,1774,2993787,638475,134413,504062,1391062,0,113536,4557,21664,1177061
support,lightgbm,arm,500,4,16,1,0,1,0,0,0,1774,2993787,638475,134413,504062,1391062,8900261,0,4557,21664,1177061
support,lightgbm,arm,500,4,16,0,1,1,0,0,0,1774,2995289,638617,0,638617,1394625,0,113536,4557,21664,1177061
support,lightgbm,arm,500,4,16,1,1,1,0,0,0,1774,2995289,638617,0,638617,1394625,8900261,0,4557,21664,1177061
support,lightgbm,arm,500,4,16,0,0,0,0,0,1,1774,2993787,638475,134413,504062,1391062,0,113536,2333,21664,1177061
support,lightgbm,arm,500,4,16,0,0,0,0,1,0,1774,3644354,638475,134413,504062,1391062,0,113536,2239,21664,1177061
support,lightgbm,arm,500,4,16,0,0,0,0,1,1,1774,3644354,638475,134413,504062,1391062,0,113536,2172,21664,1177061
support,lightgbm,arm,500,4,16,0,0,0,1,0,0,1774,2993787,638475,134413,504062,1391062,0,113536,2151,21672,1177061
support,lightgbm,arm,500,4,16,0,0,0,1,0,1,1774,2993787,638475,134413,504062,1391062,0,113536,2096,21672,1177061
support,lightgbm,arm,500,4,16,0,0,0,1,1,0,1774,3644354,638475,134413,504062,1391062,0,113536,2040,21672,1177061
support,lightgbm,arm,500,4,16,0,0,0,1,1,1,1774,3644354,638475,134413,504062,1391062,0,113536,2049,21672,1177061
support,xgboost,arm,500,4,16,0,0,0,0,0,0,1774,3011229,651307,138082,513225,1400225,0,85152,2281,21672,1097773
support,xgboost,arm,500,4,16,1,0,0,0,0,0,1774,3011229,651307,138082,513225,1400225,8971954,0,2281,21672,1097773
support,xgboost,arm,500,4,16,0,1,0,0,0,0,1774,3013044,651788,0,651788,1403629,0,85152,2281,21672,1097773
support,xgboost,arm,500,4,16,1,1,0,0,0,0,1774,3013044,651788,0,651788,1403629,8971954,0,2281,21672,1097773
support,xgboost,arm,500,4,16,0,0,1,0,0,0,1774,3011229,651307,138082,513225,1400225,0,85152,2281,21672,1097773
support,xgboost,arm,500,4,16,1,0,1,0,0,0,1774,3011229,651307,138082,513225,1400225,8971954,0,2281,21672,1097773
support,xgboost,arm,500,4,16,0,1,1,0,0,0,1774,3013044,651788,0,651788,1403629,0,85152,2281,21672,1097773
support,xgboost,arm,500,4,16,1,1,1,0,0,0,1774,3013044,651788,0,651788,1403629,8971954,0,2281,21672,1097773
support,xgboost,arm,500,4,16,0,0,0,0,0,1,1774,3011229,651307,138082,513225,1400225,0,85152,2340,21672,1097773
support,xgboost,arm,500,4,16,0,0,0,0,1,0,1774,3715595,651307,138082,513225,1400225,0,85152,2225,21672,1097773
support,xgboost,arm,500,4,16,0,0,0,0,1,1,1774,3715595,651307,138082,513225,1400225,0,85152,2208,21672,1097773
support,xgboost,arm,500,4,16,0,0,0,1,0,0,1774,3011229,651307,138082,513225,1400225,0,85152,2173,21676,1097773
support,xgboost,arm,500,4,16,0,0,0,1,0,1,1774,3011229,651307,138082,513225,1400225,0,85152,2106,21676,1097773
support,xgboost,arm,500,4,16,0,0,0,1,1,0,1774,3715595,651307,138082,513225,1400225,0,85152,2039,21676,1097773
support,xgboost,arm,500,4,16,0,0,0,1,1,1,1774,3715595,651307,138082,513225,1400225,0,85152,2050,21676,1097773
support,lightgbm,arm,500,8,128,0,0,0,0,0,0,1774,9943842,2244751,533189,1711562,2598562,0,737984,10152,49192,10904677
support,lightgbm,arm,500,8,128,1,0,0,0,0,0,1774,9943842,2244751,533189,1711562,2598562,154529953,0,10152,49192,10904677
support,lightgbm,arm,500,8,128,0,1,0,0,0,0,1774,9963793,2248343,0,2248343,2615720,0,737984,10152,49192,10904677
support,lightgbm,arm,500,8,128,1,1,0,0,0,0,1774,9963793,2248343,0,2248343,2615720,154529953,0,10152,49192,10904677
support,lightgbm,arm,500,8,128,0,0,1,0,0,0,1774,9943842,2244751,533189,1711562,2598562,0,737984,10152,49192,10904677
support,lightgbm,arm,500,8,128,1,0,1,0,0,0,1774,9943842,2244751,533189,1711562,2598562,154529953,0,10152,49192,10904677
support,lightgbm,arm,500,8,128,0,1,1,0,0,0,1774,9963793,2248343,0,2248343,2615720,0,737984,10152,49192,10904677
support,lightgbm,arm,500,8,128,1,1,1,0,0,0,1774,9963793,2248343,0,2248343,2615720,154529953,0,10152,49192,10904677
support,lightgbm,arm,500,8,128,0,0,0,0,0,1,1774,9943842,2244751,533189,1711562,2598562,0,737984,10181,49192,10904677
support,lightgbm,arm,500,8,128,0,0,0,0,1,0,1774,10441145,2244751,533189,1711562,2598562,0,737984,9536,49192,10904677
support,lightgbm,arm,500,8,128,0,0,0,0,1,1,1774,10441145,2244751,533189,1711562,2598562,0,737984,9791,49192,10904677
support,lightgbm,arm,500,8,128,0,0,0,1,0,0,1774,9943842,2244751,533189,1711562,2598562,0,737984,9399,49200,10904677
support,lightgbm,arm,500,8,128,0,0,0,1,0,1,1774,9943842,2244751,533189,1711562,2598562,0,737984,9292,49200,10904677
support,lightgbm,arm,500,8,128,0,0,0,1,1,0,1774,10441145,2244751,533189,1711562,2598562,0,737984,9272,49200,10904677
support,lightgbm,arm,500,8,128,0,0,0,1,1,1,1774,10441145,2244751,533189,1711562,2598562,0,737984,9208,49200,10904677
support,xgboost,arm,500,8,128,0,0,0,0,0,0,1774,9568511,2323840,544371,1779469,2666469,0,553488,9228,48800,8047981
support,xgboost,arm,500,8,128,1,0,0,0,0,0,1774,9568511,2323840,544371,1779469,2666469,157022483,0,9228,48800,8047981
support,xgboost,arm,500,8,128,0,1,0,0,0,0,1774,9595977,2327878,0,2327878,2690718,0,553488,9228,48800,8047981
support,xgboost,arm,500,8,128,1,1,0,0,0,0,1774,9595977,2327878,0,2327878,2690718,157022483,0,9228,48800,8047981
support,xgboost,arm,500,8,128,0,0,1,0,0,0,1774,9568511,2323840,544371,1779469,2666469,0,553488,9228,48800,8047981
support,xgboost,arm,500,8,128,1,0,1,0,0,0,1774,9568511,2323840,544371,1779469,2666469,157022483,0,9228,48800,8047981
support,xgboost,arm,500,8,128,0,1,1,0,0,0,1774,9595977,2327878,0,2327878,2690718,0,553488,9228,48800,8047981
support,xgboost,arm,500,8,128,1,1,1,0,0,0,1774,9595977,2327878,0,2327878,2690718,157022483,0,9228,48800,8047981
support,xgboost,arm,500,8,128,0,0,0,0,0,1,1774,9568511,2323840,544371,1779469,2666469,0,553488,8928,48800,8047981
support,xgboost,arm,500,8,128,0,0,0,0,1,0,1774,10328431,2323840,544371,1779469,2666469,0,553488,8740,48800,8047981
support,xgboost,arm,500,8,128,0,0,0,0,1,1,1774,10328431,2323840,544371,1779469,2666469,0,553488,8614,48800,8047981
support,xgboost,arm,500,8,128,0,0,0,1,0,0,1774,9568511,2323840,544371,1779469,2666469,0,553488,8410,48804,8047981
support,xgboost,arm,500,8,128,0,0,0,1,0,1,1774,9568511,2323840,544371,1779469,2666469,0,553488,7847,48804,8047981
support,xgboost,arm,500,8,128,0,0,0,1,1,0,1774,10328431,2323840,544371,1779469,2666469,0,553488,7857,48804,8047981
support,xgboost,arm,500,8,128,0,0,0,1,1,1,1774,10328431,2323840,544371,1779469,2666469,0,553488,7890,48804,8047981
support,lightgbm,arm,500,8,16,0,0,0,0,0,0,1774,9343484,2037856,871530,1166326,2053326,0,113536,9774,23108,8741273
support,lightgbm,arm,500,8,16,1,0,0,0,0,0,1774,9343484,2037856,871530,1166326,2053326,23519774,0,9774,23108,8741273
support,lightgbm,arm,500,8,16,0,1,0,0,0,0,1774,9373412,2042674,0,2042674,2071168,0,113536,9774,23108,8741273
support,lightgbm,arm,500,8,16,1,1,0,0,0,0,1774,9373412,2042674,0,2042674,2071168,23519774,0,9774,23108,8741273
support,lightgbm,arm,500,8,16,0,0,1,0,0,0,1774,9343484,2037856,871530,1166326,2053326,0,113536,9774,23108,8741273
support,lightgbm,arm,500,8,16,1,0,1,0,0,0,1774,9343484,2037856,871530,1166326,2053326,23519774,0,9774,23108,8741273
support,lightgbm,arm,500,8,16,0,1,1,0,0,0,1774,9373412,2042674,0,2042674,2071168,0,113536,9774,23108,8741273
support,lightgbm,arm,500,8,16,1,1,1,0,0,0,1774,9373412,2042674,0,2042674,2071168,23519774,0,9774,23108,8741273
support,lightgbm,arm,500,8,16,0,0,0,0,0,1,1774,9343484,2037856,871530,1166326,2053326,0,113536,6487,23108,8741273
support,lightgbm,arm,500,8,16,1,0,0,0,0,1,1774,9343484,2037856,871530,1166326,2053326,23519774,0,6487,23108,8741273
support,lightgbm,arm,500,8,16,0,1,0,0,0,1,1774,9373412,2042674,0,2042674,2071168,0,113536,6487,23108,8741273
support,lightgbm,arm,500,8,16,1,1,0,0,0,1,1774,9373412,2042674,0,2042674,2071168,23519774,0,6487,23108,8741273
support,lightgbm,arm,500,8,16,0,0,1,0,0,1,1774,9343484,2037856,871530,1166326,2053326,0,113536,6487,23108,8741273
support,lightgbm,arm,500,8,16,1,0,1,0,0,1,1774,9343484,2037856,871530,1166326,2053326,23519774,0,6487,23108,8741273
support,lightgbm,arm,500,8,16,0,1,1,0,0,1,1774,9373412,2042674,0,2042674,2071168,0,113536,6487,23108,8741273
support,lightgbm,arm,500,8,16,1,1,1,0,0,1,1774,9373412,2042674,0,2042674,2071168,23519774,0,6487,23108,8741273
support,lightgbm,arm,500,8,16,0,0,0,0,1,0,1774,9872874,2037856,871530,1166326,2053326,0,113536,6376,23108,8741273
support,lightgbm,arm,500,8,16,1,0,0,0,1,0,1774,9872874,2037856,871530,1166326,2053326,23519774,0,6376,23108,8741273
support,lightgbm,arm,500,8,16,0,1,0,0,1,0,1774,9902802,2042674,0,2042674,2071168,0,113536,6376,23108,8741273
support,lightgbm,arm,500,8,16,1,1,0,0,1,0,1774,9902802,2042674,0,2042674,2071168,23519774,0,6376,23108,8741273
support,lightgbm,arm,500,8,16,0,0,1,0,1,0,1774,9872874,2037856,871530,1166326,2053326,0,113536,6376,23108,8741273
support,lightgbm,arm,500,8,16,1,0,1,0,1,0,1774,9872874,2037856,871530,1166326,2053326,23519774,0,6376,23108,8741273
support,lightgbm,arm,500,8,16,0,1,1,0,1,0,1774,9902802,2042674,0,2042674,2071168,0,113536,6376,23108,8741273
support,lightgbm,arm,500,8,16,1,1,1,0,1,0,1774,9902802,2042674,0,2042674,2071168,23519774,0,6376,23108,8741273
support,lightgbm,arm,500,8,16,0,0,0,0,1,1,1774,9872874,2037856,871530,1166326,2053326,0,113536,6619,23108,8741273
support,lightgbm,arm,500,8,16,1,0,0,0,1,1,1774,9872874,2037856,871530,1166326,2053326,23519774,0,6619,23108,8741273
support,lightgbm,arm,500,8,16,0,1,0,0,1,1,1774,9902802,2042674,0,2042674,2071168,0,113536,6619,23108,8741273
support,lightgbm,arm,500,8,16,1,1,0,0,1,1,1774,9902802,2042674,0,2042674,2071168,23519774,0,6619,23108,8741273
support,lightgbm,arm,500,8,16,0,0,1,0,1,1,1774,9872874,2037856,871530,1166326,2053326,0,113536,6619,23108,8741273
support,lightgbm,arm,500,8,16,1,0,1,0,1,1,1774,9872874,2037856,871530,1166326,2053326,23519774,0,6619,23108,8741273
support,lightgbm,arm,500,8,16,0,1,1,0,1,1,1774,9902802,2042674,0,2042674,2071168,0,113536,6619,23108,8741273
support,lightgbm,arm,500,8,16,1,1,1,0,1,1,1774,9902802,2042674,0,2042674,2071168,23519774,0,6619,23108,8741273
support,lightgbm,arm,500,8,16,0,0,0,1,0,0,1774,9343484,2037856,871530,1166326,2053326,0,113536,6301,23112,8741273
support,lightgbm,arm,500,8,16,1,0,0,1,0,0,1774,9343484,2037856,871530,1166326,2053326,23519774,0,6301,23112,8741273
support,lightgbm,arm,500,8,16,0,1,0,1,0,0,1774,9373412,2042674,0,2042674,2071168,0,113536,6301,23112,8741273
support,lightgbm,arm,500,8,16,1,1,0,1,0,0,1774,9373412,2042674,0,2042674,2071168,23519774,0,6301,23112,8741273
support,lightgbm,arm,500,8,16,0,0,1,1,0,0,1774,9343484,2037856,871530,1166326,2053326,0,113536,6301,23112,8741273
support,lightgbm,arm,500,8,16,1,0,1,1,0,0,1774,9343484,2037856,871530,1166326,2053326,23519774,0,6301,23112,8741273
support,lightgbm,arm,500,8,16,0,1,1,1,0,0,1774,9373412,2042674,0,2042674,2071168,0,113536,6301,23112,8741273
support,lightgbm,arm,500,8,16,1,1,1,1,0,0,1774,9373412,2042674,0,2042674,2071168,23519774,0,6301,23112,8741273
support,lightgbm,arm,500,8,16,0,0,0,1,0,1,1774,9343484,2037856,871530,1166326,2053326,0,113536,5888,23112,8741273
support,lightgbm,arm,500,8,16,1,0,0,1,0,1,1774,9343484,2037856,871530,1166326,2053326,23519774,0,5888,23112,8741273
support,lightgbm,arm,500,8,16,0,1,0,1,0,1,1774,9373412,2042674,0,2042674,2071168,0,113536,5888,23112,8741273
support,lightgbm,arm,500,8,16,1,1,0,1,0,1,1774,9373412,2042674,0,2042674,2071168,23519774,0,5888,23112,8741273
support,lightgbm,arm,500,8,16,0,0,1,1,0,1,1774,9343484,2037856,871530,1166326,2053326,0,113536,5888,23112,8741273
support,lightgbm,arm,500,8,16,1,0,1,1,0,1,1774,9343484,2037856,871530,1166326,2053326,23519774,0,5888,23112,8741273
support,lightgbm,arm,500,8,16,0,1,1,1,0,1,1774,9373412,2042674,0,2042674,2071168,0,113536,5888,23112,8741273
support,lightgbm,arm,500,8,16,1,1,1,1,0,1,1774,9373412,2042674,0,2042674,2071168,23519774,0,5888,23112,8741273
support,lightgbm,arm,500,8,16,0,0,0,1,1,0,1774,9872874,2037856,871530,1166326,2053326,0,113536,5669,23112,8741273
support,lightgbm,arm,500,8,16,1,0,0,1,1,0,1774,9872874,2037856,871530,1166326,2053326,23519774,0,5669,23112,8741273
support,lightgbm,arm,500,8,16,0,1,0,1,1,0,1774,9902802,2042674,0,2042674,2071168,0,113536,5669,23112,8741273
support,lightgbm,arm,500,8,16,1,1,0,1,1,0,1774,9902802,2042674,0,2042674,2071168,23519774,0,5669,23112,8741273
support,lightgbm,arm,500,8,16,0,0,1,1,1,0,1774,9872874,2037856,871530,1166326,2053326,0,113536,5669,23112,8741273
support,lightgbm,arm,500,8,16,1,0,1,1,1,0,1774,9872874,2037856,871530,1166326,2053326,23519774,0,5669,23112,8741273
support,lightgbm,arm,500,8,16,0,1,1,1,1,0,1774,9902802,2042674,0,2042674,2071168,0,113536,5669,23112,8741273
support,lightgbm,arm,500,8,16,1,1,1,1,1,0,1774,9902802,2042674,0,2042674,2071168,23519774,0,5669,23112,8741273
support,lightgbm,arm,500,8,16,0,0,0,1,1,1,1774,9872874,2037856,871530,1166326,2053326,0,113536,5688,23112,8741273
support,lightgbm,arm,500,8,16,1,0,0,1,1,1,1774,9872874,2037856,871530,1166326,2053326,23519774,0,5688,23112,8741273
support,lightgbm,arm,500,8,16,0,1,0,1,1,1,1774,9902802,2042674,0,2042674,2071168,0,113536,5688,23112,8741273
support,lightgbm,arm,500,8,16,1,1,0,1,1,1,1774,9902802,2042674,0,2042674,2071168,23519774,0,5688,23112,8741273
support,lightgbm,arm,500,8,16,0,0,1,1,1,1,1774,9872874,2037856,871530,1166326,2053326,0,113536,5688,23112,8741273
support,lightgbm,arm,500,8,16,1,0,1,1,1,1,1774,9872874,2037856,871530,1166326,2053326,23519774,0,5688,23112,8741273
support,lightgbm,arm,500,8,16,0,1,1,1,1,1,1774,9902802,2042674,0,2042674,2071168,0,113536,5688,23112,8741273
support,lightgbm,arm,500,8,16,1,1,1,1,1,1,1774,9902802,2042674,0,2042674,2071168,23519774,0,5688,23112,8741273
support,xgboost,arm,500,8,16,0,0,0,0,0,0,1774,9054250,1922863,797996,1124867,2011867,0,85152,6648,23080,7814689
support,xgboost,arm,500,8,16,1,0,0,0,0,0,1774,9054250,1922863,797996,1124867,2011867,21998940,0,6648,23080,7814689
support,xgboost,arm,500,8,16,0,1,0,0,0,0,1774,9090407,1929615,0,1929615,2030548,0,85152,6648,23080,7814689
support,xgboost,arm,500,8,16,1,1,0,0,0,0,1774,9090407,1929615,0,1929615,2030548,21998940,0,6648,23080,7814689
support,xgboost,arm,500,8,16,0,0,1,0,0,0,1774,9054250,1922863,797996,1124867,2011867,0,85152,6648,23080,7814689
support,xgboost,arm,500,8,16,1,0,1,0,0,0,1774,9054250,1922863,797996,1124867,2011867,21998940,0,6648,23080,7814689
support,xgboost,arm,500,8,16,0,1,1,0,0,0,1774,9090407,1929615,0,1929615,2030548,0,85152,6648,23080,7814689
support,xgboost,arm,500,8,16,1,1,1,0,0,0,1774,9090407,1929615,0,1929615,2030548,21998940,0,6648,23080,7814689
support,xgboost,arm,500,8,16,0,0,0,0,0,1,1774,9054250,1922863,797996,1124867,2011867,0,85152,6546,23080,7814689
support,xgboost,arm,500,8,16,1,0,0,0,0,1,1774,9054250,1922863,797996,1124867,2011867,21998940,0,6546,23080,7814689
support,xgboost,arm,500,8,16,0,1,0,0,0,1,1774,9090407,1929615,0,1929615,2030548,0,85152,6546,23080,7814689
support,xgboost,arm,500,8,16,1,1,0,0,0,1,1774,9090407,1929615,0,1929615,2030548,21998940,0,6546,23080,7814689
support,xgboost,arm,500,8,16,0,0,1,0,0,1,1774,9054250,1922863,797996,1124867,2011867,0,85152,6546,23080,7814689
support,xgboost,arm,500,8,16,1,0,1,0,0,1,1774,9054250,1922863,797996,1124867,2011867,21998940,0,6546,23080,7814689
support,xgboost,arm,500,8,16,0,1,1,0,0,1,1774,9090407,1929615,0,1929615,2030548,0,85152,6546,23080,7814689
support,xgboost,arm,500,8,16,1,1,1,0,0,1,1774,9090407,1929615,0,1929615,2030548,21998940,0,6546,23080,7814689
support,xgboost,arm,500,8,16,0,0,0,0,1,0,1774,9697781,1922863,797996,1124867,2011867,0,85152,6482,23080,7814689
support,xgboost,arm,500,8,16,1,0,0,0,1,0,1774,9697781,1922863,797996,1124867,2011867,21998940,0,6482,23080,7814689
support,xgboost,arm,500,8,16,0,1,0,0,1,0,1774,9733938,1929615,0,1929615,2030548,0,85152,6482,23080,7814689
support,xgboost,arm,500,8,16,1,1,0,0,1,0,1774,9733938,1929615,0,1929615,2030548,21998940,0,6482,23080,7814689
support,xgboost,arm,500,8,16,0,0,1,0,1,0,1774,9697781,1922863,797996,1124867,2011867,0,85152,6482,23080,7814689
support,xgboost,arm,500,8,16,1,0,1,0,1,0,1774,9697781,1922863,797996,1124867,2011867,21998940,0,6482,23080,7814689
support,xgboost,arm,500,8,16,0,1,1,0,1,0,1774,9733938,1929615,0,1929615,2030548,0,85152,6482,23080,7814689
support,xgboost,arm,500,8,16,1,1,1,0,1,0,1774,9733938,1929615,0,1929615,2030548,21998940,0,6482,23080,7814689
support,xgboost,arm,500,8,16,0,0,0,0,1,1,1774,9697781,1922863,797996,1124867,2011867,0,85152,6537,23080,7814689
support,xgboost,arm,500,8,16,1,0,0,0,1,1,1774,9697781,1922863,797996,1124867,2011867,21998940,0,6537,23080,7814689
support,xgboost,arm,500,8,16,0,1,0,0,1,1,1774,9733938,1929615,0,1929615,2030548,0,85152,6537,23080,7814689
support,xgboost,arm,500,8,16,1,1,0,0,1,1,1774,9733938,1929615,0,1929615,2030548,21998940,0,6537,23080,7814689
support,xgboost,arm,500,8,16,0,0,1,0,1,1,1774,9697781,1922863,797996,1124867,2011867,0,85152,6537,23080,7814689
support,xgboost,arm,500,8,16,1,0,1,0,1,1,1774,9697781,1922863,797996,1124867,2011867,21998940,0,6537,23080,7814689
support,xgboost,arm,500,8,16,0,1,1,0,1,1,1774,9733938,1929615,0,1929615,2030548,0,85152,6537,23080,7814689
support,xgboost,arm,500,8,16,1,1,1,0,1,1,1774,9733938,1929615,0,1929615,2030548,21998940,0,6537,23080,7814689
support,xgboost,arm,500,8,16,0,0,0,1,0,0,1774,9054250,1922863,797996,1124867,2011867,0,85152,6176,23084,7814689
support,xgboost,arm,500,8,16,1,0,0,1,0,0,1774,9054250,1922863,797996,1124867,2011867,21998940,0,6176,23084,7814689
support,xgboost,arm,500,8,16,0,1,0,1,0,0,1774,9090407,1929615,0,1929615,2030548,0,85152,6176,23084,7814689
support,xgboost,arm,500,8,16,1,1,0,1,0,0,1774,9090407,1929615,0,1929615,2030548,21998940,0,6176,23084,7814689
support,xgboost,arm,500,8,16,0,0,1,1,0,0,1774,9054250,1922863,797996,1124867,2011867,0,85152,6176,23084,7814689
support,xgboost,arm,500,8,16,1,0,1,1,0,0,1774,9054250,1922863,797996,1124867,2011867,21998940,0,6176,23084,7814689
support,xgboost,arm,500,8,16,0,1,1,1,0,0,1774,9090407,1929615,0,1929615,2030548,0,85152,6176,23084,7814689
support,xgboost,arm,500,8,16,1,1,1,1,0,0,1774,9090407,1929615,0,1929615,2030548,21998940,0,6176,23084,7814689
support,xgboost,arm,500,8,16,0,0,0,1,0,1,1774,9054250,1922863,797996,1124867,2011867,0,85152,5664,23084,7814689
support,xgboost,arm,500,8,16,1,0,0,1,0,1,1774,9054250,1922863,797996,1124867,2011867,21998940,0,5664,23084,7814689
support,xgboost,arm,500,8,16,0,1,0,1,0,1,1774,9090407,1929615,0,1929615,2030548,0,85152,5664,23084,7814689
support,xgboost,arm,500,8,16,1,1,0,1,0,1,1774,9090407,1929615,0,1929615,2030548,21998940,0,5664,23084,7814689
support,xgboost,arm,500,8,16,0,0,1,1,0,1,1774,9054250,1922863,797996,1124867,2011867,0,85152,5664,23084,7814689
support,xgboost,arm,500,8,16,1,0,1,1,0,1,1774,9054250,1922863,797996,1124867,2011867,21998940,0,5664,23084,7814689
support,xgboost,arm,500,8,16,0,1,1,1,0,1,1774,9090407,1929615,0,1929615,2030548,0,85152,5664,23084,7814689
support,xgboost,arm,500,8,16,1,1,1,1,0,1,1774,9090407,1929615,0,1929615,2030548,21998940,0,5664,23084,7814689
support,xgboost,arm,500,8,16,0,0,0,1,1,0,1774,9697781,1922863,797996,1124867,2011867,0,85152,5688,23084,7814689
support,xgboost,arm,500,8,16,1,0,0,1,1,0,1774,9697781,1922863,797996,1124867,2011867,21998940,0,5688,23084,7814689
support,xgboost,arm,500,8,16,0,1,0,1,1,0,1774,9733938,1929615,0,1929615,2030548,0,85152,5688,23084,7814689
support,xgboost,arm,500,8,16,1,1,0,1,1,0,1774,9733938,1929615,0,1929615,2030548,21998940,0,5688,23084,7814689
support,xgboost,arm,500,8,16,0,0,1,1,1,0,1774,9697781,1922863,797996,1124867,2011867,0,85152,5688,23084,7814689
support,xgboost,arm,500,8,16,1,0,1,1,1,0,1774,9697781,1922863,797996,1124867,2011867,21998940,0,5688,23084,7814689
support,xgboost,arm,500,8,16,0,1,1,1,1,0,1774,9733938,1929615,0,1929615,2030548,0,85152,5688,23084,7814689
support,xgboost,arm,500,8,16,1,1,1,1,1,0,1774,9733938,1929615,0,1929615,2030548,21998940,0,5688,23084,7814689
support,xgboost,arm,500,8,16,0,0,0,1,1,1,1774,9697781,1922863,797996,1124867,2011867,0,85152,5640,23084,7814689
support,xgboost,arm,500,8,16,1,0,0,1,1,1,1774,9697781,1922863,797996,1124867,2011867,21998940,0,5640,23084,7814689
support,xgboost,arm,500,8,16,0,1,0,1,1,1,1774,9733938,1929615,0,1929615,2030548,0,85152,5640,23084,7814689
support,xgboost,arm,500,8,16,1,1,0,1,1,1,1774,9733938,1929615,0,1929615,2030548,21998940,0,5640,23084,7814689
support,xgboost,arm,500,8,16,0,0,1,1,1,1,1774,9697781,1922863,797996,1124867,2011867,0,85152,5640,23084,7814689
support,xgboost,arm,500,8,16,1,0,1,1,1,1,1774,9697781,1922863,797996,1124867,2011867,21998940,0,5640,23084,7814689
support,xgboost,arm,500,8,16,0,1,1,1,1,1,1774,9733938,1929615,0,1929615,2030548,0,85152,5640,23084,7814689
support,xgboost,arm,500,8,16,1,1,1,1,1,1,1774,9733938,1929615,0,1929615,2030548,21998940,0,5640,23084,7814689
support,lightgbm,arm,500,8,4,0,0,0,0,0,0,1774,9193498,1613775,866662,747113,1634113,0,28384,5579,19116,6121009
support,lightgbm,arm,500,8,4,1,0,0,0,0,0,1774,9193498,1613775,866662,747113,1634113,4774240,0,5579,19116,6121009
support,lightgbm,arm,500,8,4,0,1,0,0,0,0,1774,9241416,1617386,0,1617386,1654018,0,28384,5579,19116,6121009
support,lightgbm,arm,500,8,4,1,1,0,0,0,0,1774,9241416,1617386,0,1617386,1654018,4774240,0,5579,19116,6121009
support,lightgbm,arm,500,8,4,0,0,1,0,0,0,1774,9193498,1613775,866662,747113,1634113,0,28384,5579,19116,6121009
support,lightgbm,arm,500,8,4,1,0,1,0,0,0,1774,9193498,1613775,866662,747113,1634113,4774240,0,5579,19116,6121009
support,lightgbm,arm,500,8,4,0,1,1,0,0,0,1774,9241416,1617386,0,1617386,1654018,0,28384,5579,19116,6121009
support,lightgbm,arm,500,8,4,1,1,1,0,0,0,1774,9241416,1617386,0,1617386,1654018,4774240,0,5579,19116,6121009
support,lightgbm,arm,500,8,4,0,0,0,0,0,1,1774,9193498,1613775,866662,747113,1634113,0,28384,5061,19116,6121009
support,lightgbm,arm,500,8,4,0,0,0,0,1,0,1774,9553635,1613775,866662,747113,1634113,0,28384,4933,19116,6121009
support,lightgbm,arm,500,8,4,0,0,0,0,1,1,1774,9553635,1613775,866662,747113,1634113,0,28384,4958,19116,6121009
support,lightgbm,arm,500,8,4,0,0,0,1,0,0,1774,9193498,1613775,866662,747113,1634113,0,28384,4801,19120,6121009
support,lightgbm,arm,500,8,4,0,0,0,1,0,1,1774,9193498,1613775,866662,747113,1634113,0,28384,4441,19120,6121009
support,lightgbm,arm,500,8,4,0,0,0,1,1,0,1774,9553635,1613775,866662,747113,1634113,0,28384,4379,19120,6121009
support,lightgbm,arm,500,8,4,0,0,0,1,1,1,1774,9553635,1613775,866662,747113,1634113,0,28384,4347,19120,6121009
support,xgboost,arm,500,8,4,0,0,0,0,0,0,1774,8857609,1414693,712189,702504,1589504,0,21288,5885,19500,7415341
support,xgboost,arm,500,8,4,1,0,0,0,0,0,1774,8857609,1414693,712189,702504,1589504,4362634,0,5885,19500,7415341
support,xgboost,arm,500,8,4,0,1,0,0,0,0,1774,8899166,1417189,0,1417189,1606905,0,21288,5885,19500,7415341
support,xgboost,arm,500,8,4,1,1,0,0,0,0,1774,8899166,1417189,0,1417189,1606905,4362634,0,5885,19500,7415341
support,xgboost,arm,500,8,4,0,0,1,0,0,0,1774,8857609,1414693,712189,702504,1589504,0,21288,5885,19500,7415341
support,xgboost,arm,500,8,4,1,0,1,0,0,0,1774,8857609,1414693,712189,702504,1589504,4362634,0,5885,19500,7415341
support,xgboost,arm,500,8,4,0,1,1,0,0,0,1774,8899166,1417189,0,1417189,1606905,0,21288,5885,19500,7415341
support,xgboost,arm,500,8,4,1,1,1,0,0,0,1774,8899166,1417189,0,1417189,1606905,4362634,0,5885,19500,7415341
support,xgboost,arm,500,8,4,0,0,0,0,0,1,1774,8857609,1414693,712189,702504,1589504,0,21288,5914,19500,7415341
support,xgboost,arm,500,8,4,0,0,0,0,1,0,1774,9390228,1414693,712189,702504,1589504,0,21288,5823,19500,7415341
support,xgboost,arm,500,8,4,0,0,0,0,1,1,1774,9390228,1414693,712189,702504,1589504,0,21288,5783,19500,7415341
support,xgboost,arm,500,8,4,0,0,0,1,0,0,1774,8857609,1414693,712189,702504,1589504,0,21288,5576,19504,7415341
support,xgboost,arm,500,8,4,0,0,0,1,0,1,1774,8857609,1414693,712189,702504,1589504,0,21288,5098,19504,7415341
support,xgboost,arm,500,8,4,0,0,0,1,1,0,1774,9390228,1414693,712189,702504,1589504,0,21288,5065,19504,7415341
support,xgboost,arm,500,8,4,0,0,0,1,1,1,1774,9390228,1414693,712189,702504,1589504,0,21288,5031,19504,7415341
support,lightgbm,arm,500,8,64,0,0,0,0,0,0,1774,9432782,2126847,628848,1497999,2384999,0,411568,8618,35672,10403133
support,lightgbm,arm,500,8,64,1,0,0,0,0,0,1774,9432782,2126847,628848,1497999,2384999,85428681,0,8618,35672,10403133
support,lightgbm,arm,500,8,64,0,1,0,0,0,0,1774,9475199,2132858,0,2132858,2404585,0,411568,8618,35672,10403133
support,lightgbm,arm,500,8,64,1,1,0,0,0,0,1774,9475199,2132858,0,2132858,2404585,85428681,0,8618,35672,10403133
support,lightgbm,arm,500,8,64,0,0,1,0,0,0,1774,9432782,2126847,628848,1497999,2384999,0,411568,8618,35672,10403133
support,lightgbm,arm,500,8,64,1,0,1,0,0,0,1774,9432782,2126847,628848,1497999,2384999,85428681,0,8618,35672,10403133
support,lightgbm,arm,500,8,64,0,1,1,0,0,0,1774,9475199,2132858,0,2132858,2404585,0,411568,8618,35672,10403133
support,lightgbm,arm,500,8,64,1,1,1,0,0,0,1774,9475199,2132858,0,2132858,2404585,85428681,0,8618,35672,10403133
support,lightgbm,arm,500,8,64,0,0,0,0,0,1,1774,9432782,2126847,628848,1497999,2384999,0,411568,8340,35672,10403133
support,lightgbm,arm,500,8,64,0,0,0,0,1,0,1774,9930435,2126847,628848,1497999,2384999,0,411568,8080,35672,10403133
support,lightgbm,arm,500,8,64,0,0,0,0,1,1,1774,9930435,2126847,628848,1497999,2384999,0,411568,8110,35672,10403133
support,lightgbm,arm,500,8,64,0,0,0,1,0,0,1774,9432782,2126847,628848,1497999,2384999,0,411568,7854,35672,10403133
support,lightgbm,arm,500,8,64,0,0,0,1,0,1,1774,9432782,2126847,628848,1497999,2384999,0,411568,7221,35672,10403133
support,lightgbm,arm,500,8,64,0,0,0,1,1,0,1774,9930435,2126847,628848,1497999,2384999,0,411568,7117,35672,10403133
support,lightgbm,arm,500,8,64,0,0,0,1,1,1,1774,9930435,2126847,628848,1497999,2384999,0,411568,7145,35672,10403133
support,xgboost,arm,500,8,64,0,0,0,0,0,0,1774,9753519,2504184,774753,1729431,2616431,0,308676,7309,35296,7698649
support,xgboost,arm,500,8,64,1,0,0,0,0,0,1774,9753519,2504184,774753,1729431,2616431,98987565,0,7309,35296,7698649
support,xgboost,arm,500,8,64,0,1,0,0,0,0,1774,9813921,2513359,0,2513359,2644998,0,308676,7309,35296,7698649
support,xgboost,arm,500,8,64,1,1,0,0,0,0,1774,9813921,2513359,0,2513359,2644998,98987565,0,7309,35296,7698649
support,xgboost,arm,500,8,64,0,0,1,0,0,0,1774,9753519,2504184,774753,1729431,2616431,0,308676,7309,35296,7698649
support,xgboost,arm,500,8,64,1,0,1,0,0,0,1774,9753519,2504184,774753,1729431,2616431,98987565,0,7309,35296,7698649
support,xgboost,arm,500,8,64,0,1,1,0,0,0,1774,9813921,2513359,0,2513359,2644998,0,308676,7309,35296,7698649
support,xgboost,arm,500,8,64,1,1,1,0,0,0,1774,9813921,2513359,0,2513359,2644998,98987565,0,7309,35296,7698649
support,xgboost,arm,500,8,64,0,0,0,0,0,1,1774,9753519,2504184,774753,1729431,2616431,0,308676,7638,35296,7698649
support,xgboost,arm,500,8,64,0,0,0,0,1,0,1774,10449540,2504184,774753,1729431,2616431,0,308676,7519,35296,7698649
support,xgboost,arm,500,8,64,0,0,0,0,1,1,1774,10449540,2504184,774753,1729431,2616431,0,308676,7395,35324,7698649
support,xgboost,arm,500,8,64,0,0,0,1,0,0,1774,9753519,2504184,774753,1729431,2616431,0,308676,7001,35328,7698649
support,xgboost,arm,500,8,64,0,0,0,1,0,1,1774,9753519,2504184,774753,1729431,2616431,0,308676,6606,35328,7698649
support,xgboost,arm,500,8,64,0,0,0,1,1,0,1774,10449540,2504184,774753,1729431,2616431,0,308676,6401,35328,7698649
support,xgboost,arm,500,8,64,0,0,0,1,1,1,1774,10449540,2504184,774753,1729431,2616431,0,308676,6420,35328,7698649
support,lightgbm,arm,50,4,1,0,0,0,0,0,0,1774,234959,0,0,0,88700,0,0,3176,17140,122963
support,lightgbm,arm,50,4,1,1,0,0,0,0,0,1774,234959,0,0,0,88700,0,0,3176,17140,122963
support,lightgbm,arm,50,4,1,0,1,0,0,0,0,1774,234959,0,0,0,88700,0,0,3176,17140,122963
support,lightgbm,arm,50,4,1,1,1,0,0,0,0,1774,234959,0,0,0,88700,0,0,3176,17140,122963
support,lightgbm,arm,50,4,1,0,0,1,0,0,0,1774,234959,0,0,0,88700,0,0,3176,17140,122963
support,lightgbm,arm,50,4,1,1,0,1,0,0,0,1774,234959,0,0,0,88700,0,0,3176,17140,122963
support,lightgbm,arm,50,4,1,0,1,1,0,0,0,1774,234959,0,0,0,88700,0,0,3176,17140,122963
support,lightgbm,arm,50,4,1,1,1,1,0,0,0,1774,234959,0,0,0,88700,0,0,3176,17140,122963
support,lightgbm,arm,50,4,1,0,0,0,0,0,1,1774,234959,0,0,0,88700,0,0,1168,17140,122963
support,lightgbm,arm,50,4,1,0,0,0,0,1,0,1774,350101,0,0,0,88700,0,0,912,17140,122963
support,lightgbm,arm,50,4,1,0,0,0,0,1,1,1774,350101,0,0,0,88700,0,0,843,17140,122963
support,lightgbm,arm,50,4,1,0,0,0,1,0,0,1774,234959,0,0,0,88700,0,0,817,17152,122963
support,lightgbm,arm,50,4,1,0,0,0,1,0,1,1774,234959,0,0,0,88700,0,0,814,17152,122963
support,lightgbm,arm,50,4,1,0,0,0,1,1,0,1774,350101,0,0,0,88700,0,0,848,17152,122963
support,lightgbm,arm,50,4,1,0,0,0,1,1,1,1774,350101,0,0,0,88700,0,0,823,17152,122963
support,xgboost,arm,50,4,1,0,0,0,0,0,0,1774,240227,0,0,0,88700,0,0,868,17144,123951
support,xgboost,arm,50,4,1,1,0,0,0,0,0,1774,240227,0,0,0,88700,0,0,868,17144,123951
support,xgboost,arm,50,4,1,0,1,0,0,0,0,1774,240227,0,0,0,88700,0,0,868,17144,123951
support,xgboost,arm,50,4,1,1,1,0,0,0,0,1774,240227,0,0,0,88700,0,0,868,17144,123951
support,xgboost,arm,50,4,1,0,0,1,0,0,0,1774,240227,0,0,0,88700,0,0,868,17144,123951
support,xgboost,arm,50,4,1,1,0,1,0,0,0,1774,240227,0,0,0,88700,0,0,868,17144,123951
support,xgboost,arm,50,4,1,0,1,1,0,0,0,1774,240227,0,0,0,88700,0,0,868,17144,123951
support,xgboost,arm,50,4,1,1,1,1,0,0,0,1774,240227,0,0,0,88700,0,0,868,17144,123951
support,xgboost,arm,50,4,1,0,0,0,0,0,1,1774,240227,0,0,0,88700,0,0,1065,17144,123951
support,xgboost,arm,50,4,1,0,0,0,0,1,0,1774,354737,0,0,0,88700,0,0,887,17144,123951
support,xgboost,arm,50,4,1,0,0,0,0,1,1,1774,354737,0,0,0,88700,0,0,886,17144,123951
support,xgboost,arm,50,4,1,0,0,0,1,0,0,1774,240227,0,0,0,88700,0,0,831,17152,123951
support,xgboost,arm,50,4,1,0,0,0,1,0,1,1774,240227,0,0,0,88700,0,0,837,17152,123951
support,xgboost,arm,50,4,1,0,0,0,1,1,0,1774,354737,0,0,0,88700,0,0,827,17152,123951
support,xgboost,arm,50,4,1,0,0,0,1,1,1,1774,354737,0,0,0,88700,0,0,861,17152,123951
