dataset,framework,arch,n_trees,max_depth,horizon,disable_precompute,disable_unsplit,disable_monotonic,disable_tree_ordering,disable_prefix_grouping,disable_bitset_intern,n_obs,constant_steps,varying_splits,unsplit_skips,recursive_calls,leaf_hits,partition_row_evals,precompute_row_evals,parse_time_us,rss_kb,model_bytes
expedia,lightgbm,intel,1000,16,,0,0,0,0,0,0,10000,241545763,425692716,346192248,79500468,89500468,0,2274760,578567,179304,646606117
expedia,lightgbm,intel,1000,16,,1,0,0,0,0,0,10000,241545763,425692716,346192248,79500468,89500468,2350655993,0,578567,179304,646606117
expedia,lightgbm,intel,1000,16,,0,1,0,0,0,0,10000,312501742,560900368,0,560900368,141850075,0,2274760,578567,179304,646606117
expedia,lightgbm,intel,1000,16,,1,1,0,0,0,0,10000,312501742,560900368,0,560900368,141850075,2350655993,0,578567,179304,646606117
expedia,lightgbm,intel,1000,16,,0,0,1,0,0,0,10000,241545763,425692716,346192248,79500468,89500468,0,2274760,578567,179304,646606117
expedia,lightgbm,intel,1000,16,,1,0,1,0,0,0,10000,241545763,425692716,346192248,79500468,89500468,2350655993,0,578567,179304,646606117
expedia,lightgbm,intel,1000,16,,0,1,1,0,0,0,10000,312501742,560900368,0,560900368,141850075,0,2274760,578567,179304,646606117
expedia,lightgbm,intel,1000,16,,1,1,1,0,0,0,10000,312501742,560900368,0,560900368,141850075,2350655993,0,578567,179304,646606117
expedia,lightgbm,intel,1000,16,,0,0,0,0,0,1,10000,241545763,425692716,346192248,79500468,89500468,0,2274760,548162,179304,646606117
expedia,lightgbm,intel,1000,16,,0,0,0,0,1,0,10000,242610034,425692716,346192248,79500468,89500468,0,2274760,548615,179304,646606117
expedia,lightgbm,intel,1000,16,,0,0,0,0,1,1,10000,242610034,425692716,346192248,79500468,89500468,0,2274760,543167,179304,646606117
expedia,lightgbm,intel,1000,16,,0,0,0,1,0,0,10000,241545763,425692716,346192248,79500468,89500468,0,2274760,513822,179308,646606117
expedia,lightgbm,intel,1000,16,,0,0,0,1,0,1,10000,241545763,425692716,346192248,79500468,89500468,0,2274760,457903,179308,646606117
expedia,lightgbm,intel,1000,16,,0,0,0,1,1,0,10000,242610034,425692716,346192248,79500468,89500468,0,2274760,459089,179308,646606117
expedia,lightgbm,intel,1000,16,,0,0,0,1,1,1,10000,242610034,425692716,346192248,79500468,89500468,0,2274760,463093,179308,646606117
expedia,xgboost,intel,1000,16,,0,0,0,0,0,0,10000,225849777,395533739,318507189,77026550,87026550,0,2274760,275833,120336,304283693
expedia,xgboost,intel,1000,16,,1,0,0,0,0,0,10000,225849777,395533739,318507189,77026550,87026550,2355276228,0,275833,120336,304283693
expedia,xgboost,intel,1000,16,,0,1,0,0,0,0,10000,291037402,511001550,0,511001550,136527774,0,2274760,275833,120336,304283693
expedia,xgboost,intel,1000,16,,1,1,0,0,0,0,10000,291037402,511001550,0,511001550,136527774,2355276228,0,275833,120336,304283693
expedia,xgboost,intel,1000,16,,0,0,1,0,0,0,10000,225849777,395533739,318507189,77026550,87026550,0,2274760,275833,120336,304283693
expedia,xgboost,intel,1000,16,,1,0,1,0,0,0,10000,225849777,395533739,318507189,77026550,87026550,2355276228,0,275833,120336,304283693
expedia,xgboost,intel,1000,16,,0,1,1,0,0,0,10000,291037402,511001550,0,511001550,136527774,0,2274760,275833,120336,304283693
expedia,xgboost,intel,1000,16,,1,1,1,0,0,0,10000,291037402,511001550,0,511001550,136527774,2355276228,0,275833,120336,304283693
expedia,xgboost,intel,1000,16,,0,0,0,0,0,1,10000,225849777,395533739,318507189,77026550,87026550,0,2274760,275904,120336,304283693
expedia,xgboost,intel,1000,16,,0,0,0,0,1,0,10000,226453793,395533739,318507189,77026550,87026550,0,2274760,277539,120336,304283693
expedia,xgboost,intel,1000,16,,0,0,0,0,1,1,10000,226453793,395533739,318507189,77026550,87026550,0,2274760,278167,120336,304283693
expedia,xgboost,intel,1000,16,,0,0,0,1,0,0,10000,225849777,395533739,318507189,77026550,87026550,0,2274760,260983,120344,304283693
expedia,xgboost,intel,1000,16,,0,0,0,1,0,1,10000,225849777,395533739,318507189,77026550,87026550,0,2274760,229381,120344,304283693
expedia,xgboost,intel,1000,16,,0,0,0,1,1,0,10000,226453793,395533739,318507189,77026550,87026550,0,2274760,232140,120344,304283693
expedia,xgboost,intel,1000,16,,0,0,0,1,1,1,10000,226453793,395533739,318507189,77026550,87026550,0,2274760,229519,120344,304283693
expedia,lightgbm,intel,500,4,,0,0,0,0,0,0,10000,8633245,22970733,13000749,9969984,14969984,0,2274760,8054,56332,1275101
expedia,lightgbm,intel,500,4,,1,0,0,0,0,0,10000,8633245,22970733,13000749,9969984,14969984,308849644,0,8054,56332,1275101
expedia,lightgbm,intel,500,4,,0,1,0,0,0,0,10000,8979046,24037776,0,24037776,16693708,0,2274760,8054,56332,1275101
expedia,lightgbm,intel,500,4,,1,1,0,0,0,0,10000,8979046,24037776,0,24037776,16693708,308849644,0,8054,56332,1275101
expedia,lightgbm,intel,500,4,,0,0,1,0,0,0,10000,8633245,22970733,13000749,9969984,14969984,0,2274760,8054,56332,1275101
expedia,lightgbm,intel,500,4,,1,0,1,0,0,0,10000,8633245,22970733,13000749,9969984,14969984,308849644,0,8054,56332,1275101
expedia,lightgbm,intel,500,4,,0,1,1,0,0,0,10000,8979046,24037776,0,24037776,16693708,0,2274760,8054,56332,1275101
expedia,lightgbm,intel,500,4,,1,1,1,0,0,0,10000,8979046,24037776,0,24037776,16693708,308849644,0,8054,56332,1275101
expedia,lightgbm,intel,500,4,,0,0,0,0,0,1,10000,8633245,22970733,13000749,9969984,14969984,0,2274760,3548,56336,1275101
expedia,lightgbm,intel,500,4,,0,0,0,0,1,0,10000,9546904,22970733,13000749,9969984,14969984,0,2274760,3726,56332,1275101
expedia,lightgbm,intel,500,4,,0,0,0,0,1,1,10000,9546904,22970733,13000749,9969984,14969984,0,2274760,3569,56336,1275101
expedia,lightgbm,intel,500,4,,0,0,0,1,0,0,10000,8633245,22970733,13000749,9969984,14969984,0,2274760,3700,56340,1275101
expedia,lightgbm,intel,500,4,,0,0,0,1,0,1,10000,8633245,22970733,13000749,9969984,14969984,0,2274760,3980,56340,1275101
expedia,lightgbm,intel,500,4,,0,0,0,1,1,0,10000,9546904,22970733,13000749,9969984,14969984,0,2274760,3232,56340,1275101
expedia,lightgbm,intel,500,4,,0,0,0,1,1,1,10000,9546904,22970733,13000749,9969984,14969984,0,2274760,3478,56340,1275101
expedia,xgboost,intel,500,4,,0,0,0,0,0,0,10000,9197054,24757657,13888481,10869176,15869176,0,2274760,3922,56344,1226237
expedia,xgboost,intel,500,4,,1,0,0,0,0,0,10000,9197054,24757657,13888481,10869176,15869176,326614975,0,3922,56344,1226237
expedia,xgboost,intel,500,4,,0,1,0,0,0,0,10000,9561508,25949346,0,25949346,17777600,0,2274760,3922,56344,1226237
expedia,xgboost,intel,500,4,,1,1,0,0,0,0,10000,9561508,25949346,0,25949346,17777600,326614975,0,3922,56344,1226237
expedia,xgboost,intel,500,4,,0,0,1,0,0,0,10000,9197054,24757657,13888481,10869176,15869176,0,2274760,3922,56344,1226237
expedia,xgboost,intel,500,4,,1,0,1,0,0,0,10000,9197054,24757657,13888481,10869176,15869176,326614975,0,3922,56344,1226237
expedia,xgboost,intel,500,4,,0,1,1,0,0,0,10000,9561508,25949346,0,25949346,17777600,0,2274760,3922,56344,1226237
expedia,xgboost,intel,500,4,,1,1,1,0,0,0,10000,9561508,25949346,0,25949346,17777600,326614975,0,3922,56344,1226237
expedia,xgboost,intel,500,4,,0,0,0,0,0,1,10000,9197054,24757657,13888481,10869176,15869176,0,2274760,3826,56348,1226237
expedia,xgboost,intel,500,4,,0,0,0,0,1,0,10000,10109881,24757657,13888481,10869176,15869176,0,2274760,3697,56344,1226237
expedia,xgboost,intel,500,4,,0,0,0,0,1,1,10000,10109881,24757657,13888481,10869176,15869176,0,2274760,3914,56348,1226237
expedia,xgboost,intel,500,4,,0,0,0,1,0,0,10000,9197054,24757657,13888481,10869176,15869176,0,2274760,3973,56356,1226237
expedia,xgboost,intel,500,4,,0,0,0,1,0,1,10000,9197054,24757657,13888481,10869176,15869176,0,2274760,3415,56356,1226237
expedia,xgboost,intel,500,4,,0,0,0,1,1,0,10000,10109881,24757657,13888481,10869176,15869176,0,2274760,3739,56356,1226237
expedia,xgboost,intel,500,4,,0,0,0,1,1,1,10000,10109881,24757657,13888481,10869176,15869176,0,2274760,3336,56356,1226237
expedia,lightgbm,intel,500,8,,0,0,0,0,0,0,10000,31420273,65675873,47463556,18212317,23212317,0,2274760,16428,58828,14312117
expedia,lightgbm,intel,500,8,,1,0,0,0,0,0,10000,31420273,65675873,47463556,18212317,23212317,615266635,0,16428,58828,14312117
expedia,lightgbm,intel,500,8,,0,1,0,0,0,0,10000,34980221,74070115,0,74070115,29029408,0,2274760,16428,58828,14312117
expedia,lightgbm,intel,500,8,,1,1,0,0,0,0,10000,34980221,74070115,0,74070115,29029408,615266635,0,16428,58828,14312117
expedia,lightgbm,intel,500,8,,0,0,1,0,0,0,10000,31420273,65675873,47463556,18212317,23212317,0,2274760,16428,58828,14312117
expedia,lightgbm,intel,500,8,,1,0,1,0,0,0,10000,31420273,65675873,47463556,18212317,23212317,615266635,0,16428,58828,14312117
expedia,lightgbm,intel,500,8,,0,1,1,0,0,0,10000,34980221,74070115,0,74070115,29029408,0,2274760,16428,58828,14312117
expedia,lightgbm,intel,500,8,,1,1,1,0,0,0,10000,34980221,74070115,0,74070115,29029408,615266635,0,16428,58828,14312117
expedia,lightgbm,intel,500,8,,0,0,0,0,0,1,10000,31420273,65675873,47463556,18212317,23212317,0,2274760,15643,58832,14312117
expedia,lightgbm,intel,500,8,,0,0,0,0,1,0,10000,32694791,65675873,47463556,18212317,23212317,0,2274760,15260,58828,14312117
expedia,lightgbm,intel,500,8,,0,0,0,0,1,1,10000,32694791,65675873,47463556,18212317,23212317,0,2274760,15855,58832,14312117
expedia,lightgbm,intel,500,8,,0,0,0,1,0,0,10000,31420273,65675873,47463556,18212317,23212317,0,2274760,14588,58836,14312117
expedia,lightgbm,intel,500,8,,0,0,0,1,0,1,10000,31420273,65675873,47463556,18212317,23212317,0,2274760,13323,58836,14312117
expedia,lightgbm,intel,500,8,,0,0,0,1,1,0,10000,32694791,65675873,47463556,18212317,23212317,0,2274760,13157,58836,14312117
expedia,lightgbm,intel,500,8,,0,0,0,1,1,1,10000,32694791,65675873,47463556,18212317,23212317,0,2274760,13159,58836,14312117
expedia,xgboost,intel,500,8,,0,0,0,0,0,0,10000,33493017,69297806,49215261,20082545,25082545,0,2274760,14690,58864,13100573
expedia,xgboost,intel,500,8,,1,0,0,0,0,0,10000,33493017,69297806,49215261,20082545,25082545,613384923,0,14690,58864,13100573
expedia,xgboost,intel,500,8,,0,1,0,0,0,0,10000,37393759,78198846,0,78198846,31664880,0,2274760,14690,58864,13100573
expedia,xgboost,intel,500,8,,1,1,0,0,0,0,10000,37393759,78198846,0,78198846,31664880,613384923,0,14690,58864,13100573
expedia,xgboost,intel,500,8,,0,0,1,0,0,0,10000,33493017,69297806,49215261,20082545,25082545,0,2274760,14690,58864,13100573
expedia,xgboost,intel,500,8,,1,0,1,0,0,0,10000,33493017,69297806,49215261,20082545,25082545,613384923,0,14690,58864,13100573
expedia,xgboost,intel,500,8,,0,1,1,0,0,0,10000,37393759,78198846,0,78198846,31664880,0,2274760,14690,58864,13100573
expedia,xgboost,intel,500,8,,1,1,1,0,0,0,10000,37393759,78198846,0,78198846,31664880,613384923,0,14690,58864,13100573
expedia,xgboost,intel,500,8,,0,0,0,0,0,1,10000,33493017,69297806,49215261,20082545,25082545,0,2274760,15064,58868,13100573
expedia,xgboost,intel,500,8,,0,0,0,0,1,0,10000,34941885,69297806,49215261,20082545,25082545,0,2274760,14847,58864,13100573
expedia,xgboost,intel,500,8,,0,0,0,0,1,1,10000,34941885,69297806,49215261,20082545,25082545,0,2274760,14718,58868,13100573
expedia,xgboost,intel,500,8,,0,0,0,1,0,0,10000,33493017,69297806,49215261,20082545,25082545,0,2274760,14401,58872,13100573
expedia,xgboost,intel,500,8,,0,0,0,1,0,1,10000,33493017,69297806,49215261,20082545,25082545,0,2274760,13067,58872,13100573
expedia,xgboost,intel,500,8,,0,0,0,1,1,0,10000,34941885,69297806,49215261,20082545,25082545,0,2274760,13101,58872,13100573
expedia,xgboost,intel,500,8,,0,0,0,1,1,1,10000,34941885,69297806,49215261,20082545,25082545,0,2274760,13066,58872,13100573
expedia,lightgbm,intel,50,4,,0,0,0,0,0,0,10000,671513,4607855,2101559,2506296,3006296,0,1819808,3025,56112,128479
expedia,lightgbm,intel,50,4,,1,0,0,0,0,0,10000,671513,4607855,2101559,2506296,3006296,40315121,0,3025,56112,128479
expedia,lightgbm,intel,50,4,,0,1,0,0,0,0,10000,774028,4895176,0,4895176,3547434,0,1819808,3025,56112,128479
expedia,lightgbm,intel,50,4,,1,1,0,0,0,0,10000,774028,4895176,0,4895176,3547434,40315121,0,3025,56112,128479
expedia,lightgbm,intel,50,4,,0,0,1,0,0,0,10000,671513,4607855,2101559,2506296,3006296,0,1819808,3025,56112,128479
expedia,lightgbm,intel,50,4,,1,0,1,0,0,0,10000,671513,4607855,2101559,2506296,3006296,40315121,0,3025,56112,128479
expedia,lightgbm,intel,50,4,,0,1,1,0,0,0,10000,774028,4895176,0,4895176,3547434,0,1819808,3025,56112,128479
expedia,lightgbm,intel,50,4,,1,1,1,0,0,0,10000,774028,4895176,0,4895176,3547434,40315121,0,3025,56112,128479
expedia,lightgbm,intel,50,4,,0,0,0,0,0,1,10000,671513,4607855,2101559,2506296,3006296,0,1819808,2595,56112,128479
expedia,lightgbm,intel,50,4,,0,0,0,0,1,0,10000,671513,4607855,2101559,2506296,3006296,0,1819808,2468,56112,128479
expedia,lightgbm,intel,50,4,,0,0,0,0,1,1,10000,671513,4607855,2101559,2506296,3006296,0,1819808,2435,56112,128479
expedia,lightgbm,intel,50,4,,0,0,0,1,0,0,10000,671513,4607855,2101559,2506296,3006296,0,1819808,2586,56120,128479
expedia,lightgbm,intel,50,4,,0,0,0,1,0,1,10000,671513,4607855,2101559,2506296,3006296,0,1819808,2541,56120,128479
expedia,lightgbm,intel,50,4,,0,0,0,1,1,0,10000,671513,4607855,2101559,2506296,3006296,0,1819808,2300,56120,128479
expedia,lightgbm,intel,50,4,,0,0,0,1,1,1,10000,671513,4607855,2101559,2506296,3006296,0,1819808,2285,56120,128479
expedia,xgboost,intel,50,4,,0,0,0,0,0,0,10000,679448,4833870,2258376,2575494,3075494,0,2047284,2746,56120,124279
expedia,xgboost,intel,50,4,,1,0,0,0,0,0,10000,679448,4833870,2258376,2575494,3075494,41050767,0,2746,56120,124279
expedia,xgboost,intel,50,4,,0,1,0,0,0,0,10000,753682,5048810,0,5048810,3614670,0,2047284,2746,56120,124279
expedia,xgboost,intel,50,4,,1,1,0,0,0,0,10000,753682,5048810,0,5048810,3614670,41050767,0,2746,56120,124279
expedia,xgboost,intel,50,4,,0,0,1,0,0,0,10000,679448,4833870,2258376,2575494,3075494,0,2047284,2746,56120,124279
expedia,xgboost,intel,50,4,,1,0,1,0,0,0,10000,679448,4833870,2258376,2575494,3075494,41050767,0,2746,56120,124279
expedia,xgboost,intel,50,4,,0,1,1,0,0,0,10000,753682,5048810,0,5048810,3614670,0,2047284,2746,56120,124279
expedia,xgboost,intel,50,4,,1,1,1,0,0,0,10000,753682,5048810,0,5048810,3614670,41050767,0,2746,56120,124279
expedia,xgboost,intel,50,4,,0,0,0,0,0,1,10000,679448,4833870,2258376,2575494,3075494,0,2047284,2428,56120,124279
expedia,xgboost,intel,50,4,,0,0,0,0,1,0,10000,679448,4833870,2258376,2575494,3075494,0,2047284,2512,56120,124279
expedia,xgboost,intel,50,4,,0,0,0,0,1,1,10000,679448,4833870,2258376,2575494,3075494,0,2047284,2324,56120,124279
expedia,xgboost,intel,50,4,,0,0,0,1,0,0,10000,679448,4833870,2258376,2575494,3075494,0,2047284,2317,56120,124279
expedia,xgboost,intel,50,4,,0,0,0,1,0,1,10000,679448,4833870,2258376,2575494,3075494,0,2047284,2236,56120,124279
expedia,xgboost,intel,50,4,,0,0,0,1,1,0,10000,679448,4833870,2258376,2575494,3075494,0,2047284,2227,56120,124279
expedia,xgboost,intel,50,4,,0,0,0,1,1,1,10000,679448,4833870,2258376,2575494,3075494,0,2047284,2521,56120,124279
flchain,lightgbm,intel,1000,16,32,0,0,0,0,0,0,1304,34539791,12444608,5399333,7045275,8349275,0,166912,120443,45700,126599401
flchain,lightgbm,intel,1000,16,32,1,0,0,0,0,0,1304,34539791,12444608,5399333,7045275,8349275,199541474,0,120443,45700,126599401
flchain,lightgbm,intel,1000,16,32,0,1,0,0,0,0,1304,34949762,12536049,0,12536049,8581470,0,166912,120443,45700,126599401
flchain,lightgbm,intel,1000,16,32,1,1,0,0,0,0,1304,34949762,12536049,0,12536049,8581470,199541474,0,120443,45700,126599401
flchain,lightgbm,intel,1000,16,32,0,0,1,0,0,0,1304,34539791,12444608,5399333,7045275,8349275,0,166912,120443,45700,126599401
flchain,lightgbm,intel,1000,16,32,1,0,1,0,0,0,1304,34539791,12444608,5399333,7045275,8349275,199541474,0,120443,45700,126599401
flchain,lightgbm,intel,1000,16,32,0,1,1,0,0,0,1304,34949762,12536049,0,12536049,8581470,0,166912,120443,45700,126599401
flchain,lightgbm,intel,1000,16,32,1,1,1,0,0,0,1304,34949762,12536049,0,12536049,8581470,199541474,0,120443,45700,126599401
flchain,lightgbm,intel,1000,16,32,0,0,0,0,0,1,1304,34539791,12444608,5399333,7045275,8349275,0,166912,108181,45700,126599401
flchain,lightgbm,intel,1000,16,32,1,0,0,0,0,1,1304,34539791,12444608,5399333,7045275,8349275,199541474,0,108181,45700,126599401
flchain,lightgbm,intel,1000,16,32,0,1,0,0,0,1,1304,34949762,12536049,0,12536049,8581470,0,166912,108181,45700,126599401
flchain,lightgbm,intel,1000,16,32,1,1,0,0,0,1,1304,34949762,12536049,0,12536049,8581470,199541474,0,108181,45700,126599401
flchain,lightgbm,intel,1000,16,32,0,0,1,0,0,1,1304,34539791,12444608,5399333,7045275,8349275,0,166912,108181,45700,126599401
flchain,lightgbm,intel,1000,16,32,1,0,1,0,0,1,1304,34539791,12444608,5399333,7045275,8349275,199541474,0,108181,45700,126599401
flchain,lightgbm,intel,1000,16,32,0,1,1,0,0,1,1304,34949762,12536049,0,12536049,8581470,0,166912,108181,45700,126599401
flchain,lightgbm,intel,1000,16,32,1,1,1,0,0,1,1304,34949762,12536049,0,12536049,8581470,199541474,0,108181,45700,126599401
flchain,lightgbm,intel,1000,16,32,0,0,0,0,1,0,1304,35733866,12444608,5399333,7045275,8349275,0,166912,108709,45696,126599401
flchain,lightgbm,intel,1000,16,32,1,0,0,0,1,0,1304,35733866,12444608,5399333,7045275,8349275,199541474,0,108709,45696,126599401
flchain,lightgbm,intel,1000,16,32,0,1,0,0,1,0,1304,36143837,12536049,0,12536049,8581470,0,166912,108709,45696,126599401
flchain,lightgbm,intel,1000,16,32,1,1,0,0,1,0,1304,36143837,12536049,0,12536049,8581470,199541474,0,108709,45696,126599401
flchain,lightgbm,intel,1000,16,32,0,0,1,0,1,0,1304,35733866,12444608,5399333,7045275,8349275,0,166912,108709,45696,126599401
flchain,lightgbm,intel,1000,16,32,1,0,1,0,1,0,1304,35733866,12444608,5399333,7045275,8349275,199541474,0,108709,45696,126599401
flchain,lightgbm,intel,1000,16,32,0,1,1,0,1,0,1304,36143837,12536049,0,12536049,8581470,0,166912,108709,45696,126599401
flchain,lightgbm,intel,1000,16,32,1,1,1,0,1,0,1304,36143837,12536049,0,12536049,8581470,199541474,0,108709,45696,126599401
flchain,lightgbm,intel,1000,16,32,0,0,0,0,1,1,1304,35733866,12444608,5399333,7045275,8349275,0,166912,109237,45696,126599401
flchain,lightgbm,intel,1000,16,32,1,0,0,0,1,1,1304,35733866,12444608,5399333,7045275,8349275,199541474,0,109237,45696,126599401
flchain,lightgbm,intel,1000,16,32,0,1,0,0,1,1,1304,36143837,12536049,0,12536049,8581470,0,166912,109237,45696,126599401
flchain,lightgbm,intel,1000,16,32,1,1,0,0,1,1,1304,36143837,12536049,0,12536049,8581470,199541474,0,109237,45696,126599401
flchain,lightgbm,intel,1000,16,32,0,0,1,0,1,1,1304,35733866,12444608,5399333,7045275,8349275,0,166912,109237,45696,126599401
flchain,lightgbm,intel,1000,16,32,1,0,1,0,1,1,1304,35733866,12444608,5399333,7045275,8349275,199541474,0,109237,45696,126599401
flchain,lightgbm,intel,1000,16,32,0,1,1,0,1,1,1304,36143837,12536049,0,12536049,8581470,0,166912,109237,45696,126599401
flchain,lightgbm,intel,1000,16,32,1,1,1,0,1,1,1304,36143837,12536049,0,12536049,8581470,199541474,0,109237,45696,126599401
flchain,lightgbm,intel,1000,16,32,0,0,0,1,0,0,1304,34539791,12444608,5399333,7045275,8349275,0,166912,102992,45704,126599401
flchain,lightgbm,intel,1000,16,32,1,0,0,1,0,0,1304,34539791,12444608,5399333,7045275,8349275,199541474,0,102992,45704,126599401
flchain,lightgbm,intel,1000,16,32,0,1,0,1,0,0,1304,34949762,12536049,0,12536049,8581470,0,166912,102992,45704,126599401
flchain,lightgbm,intel,1000,16,32,1,1,0,1,0,0,1304,34949762,12536049,0,12536049,8581470,199541474,0,102992,45704,126599401
flchain,lightgbm,intel,1000,16,32,0,0,1,1,0,0,1304,34539791,12444608,5399333,7045275,8349275,0,166912,102992,45704,126599401
flchain,lightgbm,intel,1000,16,32,1,0,1,1,0,0,1304,34539791,12444608,5399333,7045275,8349275,199541474,0,102992,45704,126599401
flchain,lightgbm,intel,1000,16,32,0,1,1,1,0,0,1304,34949762,12536049,0,12536049,8581470,0,166912,102992,45704,126599401
flchain,lightgbm,intel,1000,16,32,1,1,1,1,0,0,1304,34949762,12536049,0,12536049,8581470,199541474,0,102992,45704,126599401
flchain,lightgbm,intel,1000,16,32,0,0,0,1,0,1,1304,34539791,12444608,5399333,7045275,8349275,0,166912,89354,45704,126599401
flchain,lightgbm,intel,1000,16,32,1,0,0,1,0,1,1304,34539791,12444608,5399333,7045275,8349275,199541474,0,89354,45704,126599401
flchain,lightgbm,intel,1000,16,32,0,1,0,1,0,1,1304,34949762,12536049,0,12536049,8581470,0,166912,89354,45704,126599401
flchain,lightgbm,intel,1000,16,32,1,1,0,1,0,1,1304,34949762,12536049,0,12536049,8581470,199541474,0,89354,45704,126599401
flchain,lightgbm,intel,1000,16,32,0,0,1,1,0,1,1304,34539791,12444608,5399333,7045275,8349275,0,166912,89354,45704,126599401
flchain,lightgbm,intel,1000,16,32,1,0,1,1,0,1,1304,34539791,12444608,5399333,7045275,8349275,199541474,0,89354,45704,126599401
flchain,lightgbm,intel,1000,16,32,0,1,1,1,0,1,1304,34949762,12536049,0,12536049,8581470,0,166912,89354,45704,126599401
flchain,lightgbm,intel,1000,16,32,1,1,1,1,0,1,1304,34949762,12536049,0,12536049,8581470,199541474,0,89354,45704,126599401
flchain,lightgbm,intel,1000,16,32,0,0,0,1,1,0,1304,35733866,12444608,5399333,7045275,8349275,0,166912,90851,45700,126599401
flchain,lightgbm,intel,1000,16,32,1,0,0,1,1,0,1304,35733866,12444608,5399333,7045275,8349275,199541474,0,90851,45700,126599401
flchain,lightgbm,intel,1000,16,32,0,1,0,1,1,0,1304,36143837,12536049,0,12536049,8581470,0,166912,90851,45700,126599401
flchain,lightgbm,intel,1000,16,32,1,1,0,1,1,0,1304,36143837,12536049,0,12536049,8581470,199541474,0,90851,45700,126599401
flchain,lightgbm,intel,1000,16,32,0,0,1,1,1,0,1304,35733866,12444608,5399333,7045275,8349275,0,166912,90851,45700,126599401
flchain,lightgbm,intel,1000,16,32,1,0,1,1,1,0,1304,35733866,12444608,5399333,7045275,8349275,199541474,0,90851,45700,126599401
flchain,lightgbm,intel,1000,16,32,0,1,1,1,1,0,1304,36143837,12536049,0,12536049,8581470,0,166912,90851,45700,126599401
flchain,lightgbm,intel,1000,16,32,1,1,1,1,1,0,1304,36143837,12536049,0,12536049,8581470,199541474,0,90851,45700,126599401
flchain,lightgbm,intel,1000,16,32,0,0,0,1,1,1,1304,35733866,12444608,5399333,7045275,8349275,0,166912,91987,45700,126599401
flchain,lightgbm,intel,1000,16,32,1,0,0,1,1,1,1304,35733866,12444608,5399333,7045275,8349275,199541474,0,91987,45700,126599401
flchain,lightgbm,intel,1000,16,32,0,1,0,1,1,1,1304,36143837,12536049,0,12536049,8581470,0,166912,91987,45700,126599401
flchain,lightgbm,intel,1000,16,32,1,1,0,1,1,1,1304,36143837,12536049,0,12536049,8581470,199541474,0,91987,45700,126599401
flchain,lightgbm,intel,1000,16,32,0,0,1,1,1,1,1304,35733866,12444608,5399333,7045275,8349275,0,166912,91987,45700,126599401
flchain,lightgbm,intel,1000,16,32,1,0,1,1,1,1,1304,35733866,12444608,5399333,7045275,8349275,199541474,0,91987,45700,126599401
flchain,lightgbm,intel,1000,16,32,0,1,1,1,1,1,1304,36143837,12536049,0,12536049,8581470,0,166912,91987,45700,126599401
flchain,lightgbm,intel,1000,16,32,1,1,1,1,1,1,1304,36143837,12536049,0,12536049,8581470,199541474,0,91987,45700,126599401
flchain,xgboost,intel,1000,16,32,0,0,0,0,0,0,1304,22589697,8921392,2868522,6052870,7356870,0,125184,35871,28768,34443325
flchain,xgboost,intel,1000,16,32,1,0,0,0,0,0,1304,22589697,8921392,2868522,6052870,7356870,179847096,0,35871,28768,34443325
flchain,xgboost,intel,1000,16,32,0,1,0,0,0,0,1304,22723104,8958774,0,8958774,7489409,0,125184,35871,28768,34443325
flchain,xgboost,intel,1000,16,32,1,1,0,0,0,0,1304,22723104,8958774,0,8958774,7489409,179847096,0,35871,28768,34443325
flchain,xgboost,intel,1000,16,32,0,0,1,0,0,0,1304,22589697,8921392,2868522,6052870,7356870,0,125184,35871,28768,34443325
flchain,xgboost,intel,1000,16,32,1,0,1,0,0,0,1304,22589697,8921392,2868522,6052870,7356870,179847096,0,35871,28768,34443325
flchain,xgboost,intel,1000,16,32,0,1,1,0,0,0,1304,22723104,8958774,0,8958774,7489409,0,125184,35871,28768,34443325
flchain,xgboost,intel,1000,16,32,1,1,1,0,0,0,1304,22723104,8958774,0,8958774,7489409,179847096,0,35871,28768,34443325
flchain,xgboost,intel,1000,16,32,0,0,0,0,0,1,1304,22589697,8921392,2868522,6052870,7356870,0,125184,32169,28768,34443325
flchain,xgboost,intel,1000,16,32,1,0,0,0,0,1,1304,22589697,8921392,2868522,6052870,7356870,179847096,0,32169,28768,34443325
flchain,xgboost,intel,1000,16,32,0,1,0,0,0,1,1304,22723104,8958774,0,8958774,7489409,0,125184,32169,28768,34443325
flchain,xgboost,intel,1000,16,32,1,1,0,0,0,1,1304,22723104,8958774,0,8958774,7489409,179847096,0,32169,28768,34443325
flchain,xgboost,intel,1000,16,32,0,0,1,0,0,1,1304,22589697,8921392,2868522,6052870,7356870,0,125184,32169,28768,34443325
flchain,xgboost,intel,1000,16,32,1,0,1,0,0,1,1304,22589697,8921392,2868522,6052870,7356870,179847096,0,32169,28768,34443325
flchain,xgboost,intel,1000,16,32,0,1,1,0,0,1,1304,22723104,8958774,0,8958774,7489409,0,125184,32169,28768,34443325
flchain,xgboost,intel,1000,16,32,1,1,1,0,0,1,1304,22723104,8958774,0,8958774,7489409,179847096,0,32169,28768,34443325
flchain,xgboost,intel,1000,16,32,0,0,0,0,1,0,1304,23873864,8921392,2868522,6052870,7356870,0,125184,31988,28768,34443325
flchain,xgboost,intel,1000,16,32,1,0,0,0,1,0,1304,23873864,8921392,2868522,6052870,7356870,179847096,0,31988,28768,34443325
flchain,xgboost,intel,1000,16,32,0,1,0,0,1,0,1304,24007271,8958774,0,8958774,7489409,0,125184,31988,28768,34443325
flchain,xgboost,intel,1000,16,32,1,1,0,0,1,0,1304,24007271,8958774,0,8958774,7489409,179847096,0,31988,28768,34443325
flchain,xgboost,intel,1000,16,32,0,0,1,0,1,0,1304,23873864,8921392,2868522,6052870,7356870,0,125184,31988,28768,34443325
flchain,xgboost,intel,1000,16,32,1,0,1,0,1,0,1304,23873864,8921392,2868522,6052870,7356870,179847096,0,31988,28768,34443325
flchain,xgboost,intel,1000,16,32,0,1,1,0,1,0,1304,24007271,8958774,0,8958774,7489409,0,125184,31988,28768,34443325
flchain,xgboost,intel,1000,16,32,1,1,1,0,1,0,1304,24007271,8958774,0,8958774,7489409,179847096,0,31988,28768,34443325
flchain,xgboost,intel,1000,16,32,0,0,0,0,1,1,1304,23873864,8921392,2868522,6052870,7356870,0,125184,31610,28768,34443325
flchain,xgboost,intel,1000,16,32,1,0,0,0,1,1,1304,23873864,8921392,2868522,6052870,7356870,179847096,0,31610,28768,34443325
flchain,xgboost,intel,1000,16,32,0,1,0,0,1,1,1304,24007271,8958774,0,8958774,7489409,0,125184,31610,28768,34443325
flchain,xgboost,intel,1000,16,32,1,1,0,0,1,1,1304,24007271,8958774,0,8958774,7489409,179847096,0,31610,28768,34443325
flchain,xgboost,intel,1000,16,32,0,0,1,0,1,1,1304,23873864,8921392,2868522,6052870,7356870,0,125184,31610,28768,34443325
flchain,xgboost,intel,1000,16,32,1,0,1,0,1,1,1304,23873864,8921392,2868522,6052870,7356870,179847096,0,31610,28768,34443325
flchain,xgboost,intel,1000,16,32,0,1,1,0,1,1,1304,24007271,8958774,0,8958774,7489409,0,125184,31610,28768,34443325
flchain,xgboost,intel,1000,16,32,1,1,1,0,1,1,1304,24007271,8958774,0,8958774,7489409,179847096,0,31610,28768,34443325
flchain,xgboost,intel,1000,16,32,0,0,0,1,0,0,1304,22589697,8921392,2868522,6052870,7356870,0,125184,30636,28772,34443325
flchain,xgboost,intel,1000,16,32,1,0,0,1,0,0,1304,22589697,8921392,2868522,6052870,7356870,179847096,0,30636,28772,34443325
flchain,xgboost,intel,1000,16,32,0,1,0,1,0,0,1304,22723104,8958774,0,8958774,7489409,0,125184,30636,28772,34443325
flchain,xgboost,intel,1000,16,32,1,1,0,1,0,0,1304,22723104,8958774,0,8958774,7489409,179847096,0,30636,28772,34443325
flchain,xgboost,intel,1000,16,32,0,0,1,1,0,0,1304,22589697,8921392,2868522,6052870,7356870,0,125184,30636,28772,34443325
flchain,xgboost,intel,1000,16,32,1,0,1,1,0,0,1304,22589697,8921392,2868522,6052870,7356870,179847096,0,30636,28772,34443325
flchain,xgboost,intel,1000,16,32,0,1,1,1,0,0,1304,22723104,8958774,0,8958774,7489409,0,125184,30636,28772,34443325
flchain,xgboost,intel,1000,16,32,1,1,1,1,0,0,1304,22723104,8958774,0,8958774,7489409,179847096,0,30636,28772,34443325
flchain,xgboost,intel,1000,16,32,0,0,0,1,0,1,1304,22589697,8921392,2868522,6052870,7356870,0,125184,26612,28772,34443325
flchain,xgboost,intel,1000,16,32,1,0,0,1,0,1,1304,22589697,8921392,2868522,6052870,7356870,179847096,0,26612,28780,34443325
flchain,xgboost,intel,1000,16,32,0,1,0,1,0,1,1304,22723104,8958774,0,8958774,7489409,0,125184,26612,28780,34443325
flchain,xgboost,intel,1000,16,32,1,1,0,1,0,1,1304,22723104,8958774,0,8958774,7489409,179847096,0,26612,28780,34443325
flchain,xgboost,intel,1000,16,32,0,0,1,1,0,1,1304,22589697,8921392,2868522,6052870,7356870,0,125184,26612,28780,34443325
flchain,xgboost,intel,1000,16,32,1,0,1,1,0,1,1304,22589697,8921392,2868522,6052870,7356870,179847096,0,26612,28780,34443325
flchain,xgboost,intel,1000,16,32,0,1,1,1,0,1,1304,22723104,8958774,0,8958774,7489409,0,125184,26612,28780,34443325
flchain,xgboost,intel,1000,16,32,1,1,1,1,0,1,1304,22723104,8958774,0,8958774,7489409,179847096,0,26612,28780,34443325
flchain,xgboost,intel,1000,16,32,0,0,0,1,1,0,1304,23873864,8921392,2868522,6052870,7356870,0,125184,26547,28780,34443325
flchain,xgboost,intel,1000,16,32,1,0,0,1,1,0,1304,23873864,8921392,2868522,6052870,7356870,179847096,0,26547,28780,34443325
flchain,xgboost,intel,1000,16,32,0,1,0,1,1,0,1304,24007271,8958774,0,8958774,7489409,0,125184,26547,28780,34443325
flchain,xgboost,intel,1000,16,32,1,1,0,1,1,0,1304,24007271,8958774,0,8958774,7489409,179847096,0,26547,28780,34443325
flchain,xgboost,intel,1000,16,32,0,0,1,1,1,0,1304,23873864,8921392,2868522,6052870,7356870,0,125184,26547,28780,34443325
flchain,xgboost,intel,1000,16,32,1,0,1,1,1,0,1304,23873864,8921392,2868522,6052870,7356870,179847096,0,26547,28780,34443325
flchain,xgboost,intel,1000,16,32,0,1,1,1,1,0,1304,24007271,8958774,0,8958774,7489409,0,125184,26547,28780,34443325
flchain,xgboost,intel,1000,16,32,1,1,1,1,1,0,1304,24007271,8958774,0,8958774,7489409,179847096,0,26547,28780,34443325
flchain,xgboost,intel,1000,16,32,0,0,0,1,1,1,1304,23873864,8921392,2868522,6052870,7356870,0,125184,26661,28780,34443325
flchain,xgboost,intel,1000,16,32,1,0,0,1,1,1,1304,23873864,8921392,2868522,6052870,7356870,179847096,0,26661,28780,34443325
flchain,xgboost,intel,1000,16,32,0,1,0,1,1,1,1304,24007271,8958774,0,8958774,7489409,0,125184,26661,28780,34443325
flchain,xgboost,intel,1000,16,32,1,1,0,1,1,1,1304,24007271,8958774,0,8958774,7489409,179847096,0,26661,28780,34443325
flchain,xgboost,intel,1000,16,32,0,0,1,1,1,1,1304,23873864,8921392,2868522,6052870,7356870,0,125184,26661,28780,34443325
flchain,xgboost,intel,1000,16,32,1,0,1,1,1,1,1304,23873864,8921392,2868522,6052870,7356870,179847096,0,26661,28780,34443325
flchain,xgboost,intel,1000,16,32,0,1,1,1,1,1,1304,24007271,8958774,0,8958774,7489409,0,125184,26661,28780,34443325
flchain,xgboost,intel,1000,16,32,1,1,1,1,1,1,1304,24007271,8958774,0,8958774,7489409,179847096,0,26661,28780,34443325
flchain,lightgbm,intel,500,4,16,0,0,0,0,0,0,1304,1927869,614783,262715,352068,1004068,0,83456,2691,19372,1158837
flchain,lightgbm,intel,500,4,16,1,0,0,0,0,0,1304,1927869,614783,262715,352068,1004068,8364967,0,2691,19372,1158837
flchain,lightgbm,intel,500,4,16,0,1,0,0,0,0,1304,1928049,614783,0,614783,1004387,0,83456,2691,19372,1158837
flchain,lightgbm,intel,500,4,16,1,1,0,0,0,0,1304,1928049,614783,0,614783,1004387,8364967,0,2691,19372,1158837
flchain,lightgbm,intel,500,4,16,0,0,1,0,0,0,1304,1927869,614783,262715,352068,1004068,0,83456,2691,19372,1158837
flchain,lightgbm,intel,500,4,16,1,0,1,0,0,0,1304,1927869,614783,262715,352068,1004068,8364967,0,2691,19372,1158837
flchain,lightgbm,intel,500,4,16,0,1,1,0,0,0,1304,1928049,614783,0,614783,1004387,0,83456,2691,19372,1158837
flchain,lightgbm,intel,500,4,16,1,1,1,0,0,0,1304,1928049,614783,0,614783,1004387,8364967,0,2691,19372,1158837
flchain,lightgbm,intel,500,4,16,0,0,0,0,0,1,1304,1927869,614783,262715,352068,1004068,0,83456,1837,19376,1158837
flchain,lightgbm,intel,500,4,16,0,0,0,0,1,0,1304,2426459,614783,262715,352068,1004068,0,83456,1715,19372,1158837
flchain,lightgbm,intel,500,4,16,0,0,0,0,1,1,1304,2426459,614783,262715,352068,1004068,0,83456,1613,19376,1158837
flchain,lightgbm,intel,500,4,16,0,0,0,1,0,0,1304,1927869,614783,262715,352068,1004068,0,83456,1468,19384,1158837
flchain,lightgbm,intel,500,4,16,0,0,0,1,0,1,1304,1927869,614783,262715,352068,1004068,0,83456,1336,19384,1158837
flchain,lightgbm,intel,500,4,16,0,0,0,1,1,0,1304,2426459,614783,262715,352068,1004068,0,83456,1316,19384,1158837
flchain,lightgbm,intel,500,4,16,0,0,0,1,1,1,1304,2426459,614783,262715,352068,1004068,0,83456,1250,19384,1158837
flchain,xgboost,intel,500,4,16,0,0,0,0,0,0,1304,1883131,469583,158966,310617,962617,0,62592,1580,19376,1100825
flchain,xgboost,intel,500,4,16,1,0,0,0,0,0,1304,1883131,469583,158966,310617,962617,6712779,0,1580,19376,1100825
flchain,xgboost,intel,500,4,16,0,1,0,0,0,0,1304,1883608,469583,0,469583,963651,0,62592,1580,19376,1100825
flchain,xgboost,intel,500,4,16,1,1,0,0,0,0,1304,1883608,469583,0,469583,963651,6712779,0,1580,19376,1100825
flchain,xgboost,intel,500,4,16,0,0,1,0,0,0,1304,1883131,469583,158966,310617,962617,0,62592,1580,19376,1100825
flchain,xgboost,intel,500,4,16,1,0,1,0,0,0,1304,1883131,469583,158966,310617,962617,6712779,0,1580,19376,1100825
flchain,xgboost,intel,500,4,16,0,1,1,0,0,0,1304,1883608,469583,0,469583,963651,0,62592,1580,19376,1100825
flchain,xgboost,intel,500,4,16,1,1,1,0,0,0,1304,1883608,469583,0,469583,963651,6712779,0,1580,19376,1100825
flchain,xgboost,intel,500,4,16,0,0,0,0,0,1,1304,1883131,469583,158966,310617,962617,0,62592,1759,19380,1100825
flchain,xgboost,intel,500,4,16,0,0,0,0,1,0,1304,2495633,469583,158966,310617,962617,0,62592,1615,19376,1100825
flchain,xgboost,intel,500,4,16,0,0,0,0,1,1,1304,2495633,469583,158966,310617,962617,0,62592,1542,19380,1100825
flchain,xgboost,intel,500,4,16,0,0,0,1,0,0,1304,1883131,469583,158966,310617,962617,0,62592,1457,19388,1100825
flchain,xgboost,intel,500,4,16,0,0,0,1,0,1,1304,1883131,469583,158966,310617,962617,0,62592,1215,19388,1100825
flchain,xgboost,intel,500,4,16,0,0,0,1,1,0,1304,2495633,469583,158966,310617,962617,0,62592,1291,19388,1100825
flchain,xgboost,intel,500,4,16,0,0,0,1,1,1,1304,2495633,469583,158966,310617,962617,0,62592,1237,19388,1100825
flchain,lightgbm,intel,500,8,128,0,0,0,0,0,0,1304,6452693,2685720,756490,1929230,2581230,0,667648,13073,38712,12509485
flchain,lightgbm,intel,500,8,128,1,0,0,0,0,0,1304,6452693,2685720,756490,1929230,2581230,195188807,0,13073,38712,12509485
flchain,lightgbm,intel,500,8,128,0,1,0,0,0,0,1304,6490507,2696492,0,2696492,2617587,0,667648,13073,38712,12509485
flchain,lightgbm,intel,500,8,128,1,1,0,0,0,0,1304,6490507,2696492,0,2696492,2617587,195188807,0,13073,38712,12509485
flchain,lightgbm,intel,500,8,128,0,0,1,0,0,0,1304,6452693,2685720,756490,1929230,2581230,0,667648,13073,38712,12509485
flchain,lightgbm,intel,500,8,128,1,0,1,0,0,0,1304,6452693,2685720,756490,1929230,2581230,195188807,0,13073,38712,12509485
flchain,lightgbm,intel,500,8,128,0,1,1,0,0,0,1304,6490507,2696492,0,2696492,2617587,0,667648,13073,38712,12509485
flchain,lightgbm,intel,500,8,128,1,1,1,0,0,0,1304,6490507,2696492,0,2696492,2617587,195188807,0,13073,38712,12509485
flchain,lightgbm,intel,500,8,128,0,0,0,0,0,1,1304,6452693,2685720,756490,1929230,2581230,0,667648,12420,38716,12509485
flchain,lightgbm,intel,500,8,128,0,0,0,0,1,0,1304,7060547,2685720,756490,1929230,2581230,0,667648,12132,38712,12509485
flchain,lightgbm,intel,500,8,128,0,0,0,0,1,1,1304,7060547,2685720,756490,1929230,2581230,0,667648,12110,38716,12509485
flchain,lightgbm,intel,500,8,128,0,0,0,1,0,0,1304,6452693,2685720,756490,1929230,2581230,0,667648,11323,38720,12509485
flchain,lightgbm,intel,500,8,128,0,0,0,1,0,1,1304,6452693,2685720,756490,1929230,2581230,0,667648,10750,38720,12509485
flchain,lightgbm,intel,500,8,128,0,0,0,1,1,0,1304,7060547,2685720,756490,1929230,2581230,0,667648,10604,38720,12509485
flchain,lightgbm,intel,500,8,128,0,0,0,1,1,1,1304,7060547,2685720,756490,1929230,2581230,0,667648,10425,38720,12509485
flchain,xgboost,intel,500,8,128,0,0,0,0,0,0,1304,6000004,2336257,537345,1798912,2450912,0,500736,8337,37536,5822905
flchain,xgboost,intel,500,8,128,1,0,0,0,0,0,1304,6000004,2336257,537345,1798912,2450912,200623007,0,8337,37536,5822905
flchain,xgboost,intel,500,8,128,0,1,0,0,0,0,1304,6041043,2343441,0,2343441,2491349,0,500736,8337,37536,5822905
flchain,xgboost,intel,500,8,128,1,1,0,0,0,0,1304,6041043,2343441,0,2343441,2491349,200623007,0,8337,37536,5822905
flchain,xgboost,intel,500,8,128,0,0,1,0,0,0,1304,6000004,2336257,537345,1798912,2450912,0,500736,8337,37536,5822905
flchain,xgboost,intel,500,8,128,1,0,1,0,0,0,1304,6000004,2336257,537345,1798912,2450912,200623007,0,8337,37536,5822905
flchain,xgboost,intel,500,8,128,0,1,1,0,0,0,1304,6041043,2343441,0,2343441,2491349,0,500736,8337,37536,5822905
flchain,xgboost,intel,500,8,128,1,1,1,0,0,0,1304,6041043,2343441,0,2343441,2491349,200623007,0,8337,37536,5822905
flchain,xgboost,intel,500,8,128,0,0,0,0,0,1,1304,6000004,2336257,537345,1798912,2450912,0,500736,8265,37540,5822905
flchain,xgboost,intel,500,8,128,0,0,0,0,1,0,1304,6476341,2336257,537345,1798912,2450912,0,500736,7666,37536,5822905
flchain,xgboost,intel,500,8,128,0,0,0,0,1,1,1304,6476341,2336257,537345,1798912,2450912,0,500736,6703,37540,5822905
flchain,xgboost,intel,500,8,128,0,0,0,1,0,0,1304,6000004,2336257,537345,1798912,2450912,0,500736,6911,37544,5822905
flchain,xgboost,intel,500,8,128,0,0,0,1,0,1,1304,6000004,2336257,537345,1798912,2450912,0,500736,6472,37544,5822905
flchain,xgboost,intel,500,8,128,0,0,0,1,1,0,1304,6476341,2336257,537345,1798912,2450912,0,500736,6449,37544,5822905
flchain,xgboost,intel,500,8,128,0,0,0,1,1,1,1304,6476341,2336257,537345,1798912,2450912,0,500736,6502,37544,5822905
flchain,lightgbm,intel,500,8,16,0,0,0,0,0,0,1304,5548376,1710109,841319,868790,1520790,0,83456,8791,20684,8027493
flchain,lightgbm,intel,500,8,16,1,0,0,0,0,0,1304,5548376,1710109,841319,868790,1520790,19961459,0,8791,20684,8027493
flchain,lightgbm,intel,500,8,16,0,1,0,0,0,0,1304,5561397,1711800,0,1711800,1531489,0,83456,8791,20684,8027493
flchain,lightgbm,intel,500,8,16,1,1,0,0,0,0,1304,5561397,1711800,0,1711800,1531489,19961459,0,8791,20684,8027493
flchain,lightgbm,intel,500,8,16,0,0,1,0,0,0,1304,5548376,1710109,841319,868790,1520790,0,83456,8791,20684,8027493
flchain,lightgbm,intel,500,8,16,1,0,1,0,0,0,1304,5548376,1710109,841319,868790,1520790,19961459,0,8791,20684,8027493
flchain,lightgbm,intel,500,8,16,0,1,1,0,0,0,1304,5561397,1711800,0,1711800,1531489,0,83456,8791,20684,8027493
flchain,lightgbm,intel,500,8,16,1,1,1,0,0,0,1304,5561397,1711800,0,1711800,1531489,19961459,0,8791,20684,8027493
flchain,lightgbm,intel,500,8,16,0,0,0,0,0,1,1304,5548376,1710109,841319,868790,1520790,0,83456,7765,20688,8027493
flchain,lightgbm,intel,500,8,16,1,0,0,0,0,1,1304,5548376,1710109,841319,868790,1520790,19961459,0,7765,20688,8027493
flchain,lightgbm,intel,500,8,16,0,1,0,0,0,1,1304,5561397,1711800,0,1711800,1531489,0,83456,7765,20688,8027493
flchain,lightgbm,intel,500,8,16,1,1,0,0,0,1,1304,5561397,1711800,0,1711800,1531489,19961459,0,7765,20688,8027493
flchain,lightgbm,intel,500,8,16,0,0,1,0,0,1,1304,5548376,1710109,841319,868790,1520790,0,83456,7765,20688,8027493
flchain,lightgbm,intel,500,8,16,1,0,1,0,0,1,1304,5548376,1710109,841319,868790,1520790,19961459,0,7765,20688,8027493
flchain,lightgbm,intel,500,8,16,0,1,1,0,0,1,1304,5561397,1711800,0,1711800,1531489,0,83456,7765,20688,8027493
flchain,lightgbm,intel,500,8,16,1,1,1,0,0,1,1304,5561397,1711800,0,1711800,1531489,19961459,0,7765,20688,8027493
flchain,lightgbm,intel,500,8,16,0,0,0,0,1,0,1304,6086678,1710109,841319,868790,1520790,0,83456,7972,20684,8027493
flchain,lightgbm,intel,500,8,16,1,0,0,0,1,0,1304,6086678,1710109,841319,868790,1520790,19961459,0,7972,20684,8027493
flchain,lightgbm,intel,500,8,16,0,1,0,0,1,0,1304,6099699,1711800,0,1711800,1531489,0,83456,7972,20684,8027493
flchain,lightgbm,intel,500,8,16,1,1,0,0,1,0,1304,6099699,1711800,0,1711800,1531489,19961459,0,7972,20684,8027493
flchain,lightgbm,intel,500,8,16,0,0,1,0,1,0,1304,6086678,1710109,841319,868790,1520790,0,83456,7972,20684,8027493
flchain,lightgbm,intel,500,8,16,1,0,1,0,1,0,1304,6086678,1710109,841319,868790,1520790,19961459,0,7972,20684,8027493
flchain,lightgbm,intel,500,8,16,0,1,1,0,1,0,1304,6099699,1711800,0,1711800,1531489,0,83456,7972,20684,8027493
flchain,lightgbm,intel,500,8,16,1,1,1,0,1,0,1304,6099699,1711800,0,1711800,1531489,19961459,0,7972,20684,8027493
flchain,lightgbm,intel,500,8,16,0,0,0,0,1,1,1304,6086678,1710109,841319,868790,1520790,0,83456,7591,20688,8027493
flchain,lightgbm,intel,500,8,16,1,0,0,0,1,1,1304,6086678,1710109,841319,868790,1520790,19961459,0,7591,20688,8027493
flchain,lightgbm,intel,500,8,16,0,1,0,0,1,1,1304,6099699,1711800,0,1711800,1531489,0,83456,7591,20688,8027493
flchain,lightgbm,intel,500,8,16,1,1,0,0,1,1,1304,6099699,1711800,0,1711800,1531489,19961459,0,7591,20688,8027493
flchain,lightgbm,intel,500,8,16,0,0,1,0,1,1,1304,6086678,1710109,841319,868790,1520790,0,83456,7591,20688,8027493
flchain,lightgbm,intel,500,8,16,1,0,1,0,1,1,1304,6086678,1710109,841319,868790,1520790,19961459,0,7591,20688,8027493
flchain,lightgbm,intel,500,8,16,0,1,1,0,1,1,1304,6099699,1711800,0,1711800,1531489,0,83456,7591,20688,8027493
flchain,lightgbm,intel,500,8,16,1,1,1,0,1,1,1304,6099699,1711800,0,1711800,1531489,19961459,0,7591,20688,8027493
flchain,lightgbm,intel,500,8,16,0,0,0,1,0,0,1304,5548376,1710109,841319,868790,1520790,0,83456,7307,20688,8027493
flchain,lightgbm,intel,500,8,16,1,0,0,1,0,0,1304,5548376,1710109,841319,868790,1520790,19961459,0,7307,20688,8027493
flchain,lightgbm,intel,500,8,16,0,1,0,1,0,0,1304,5561397,1711800,0,1711800,1531489,0,83456,7307,20688,8027493
flchain,lightgbm,intel,500,8,16,1,1,0,1,0,0,1304,5561397,1711800,0,1711800,1531489,19961459,0,7307,20688,8027493
flchain,lightgbm,intel,500,8,16,0,0,1,1,0,0,1304,5548376,1710109,841319,868790,1520790,0,83456,7307,20688,8027493
flchain,lightgbm,intel,500,8,16,1,0,1,1,0,0,1304,5548376,1710109,841319,868790,1520790,19961459,0,7307,20688,8027493
flchain,lightgbm,intel,500,8,16,0,1,1,1,0,0,1304,5561397,1711800,0,1711800,1531489,0,83456,7307,20688,8027493
flchain,lightgbm,intel,500,8,16,1,1,1,1,0,0,1304,5561397,1711800,0,1711800,1531489,19961459,0,7307,20688,8027493
flchain,lightgbm,intel,500,8,16,0,0,0,1,0,1,1304,5548376,1710109,841319,868790,1520790,0,83456,6436,20688,8027493
flchain,lightgbm,intel,500,8,16,1,0,0,1,0,1,1304,5548376,1710109,841319,868790,1520790,19961459,0,6436,20688,8027493
flchain,lightgbm,intel,500,8,16,0,1,0,1,0,1,1304,5561397,1711800,0,1711800,1531489,0,83456,6436,20688,8027493
flchain,lightgbm,intel,500,8,16,1,1,0,1,0,1,1304,5561397,1711800,0,1711800,1531489,19961459,0,6436,20688,8027493
flchain,lightgbm,intel,500,8,16,0,0,1,1,0,1,1304,5548376,1710109,841319,868790,1520790,0,83456,6436,20688,8027493
flchain,lightgbm,intel,500,8,16,1,0,1,1,0,1,1304,5548376,1710109,841319,868790,1520790,19961459,0,6436,20688,8027493
flchain,lightgbm,intel,500,8,16,0,1,1,1,0,1,1304,5561397,1711800,0,1711800,1531489,0,83456,6436,20688,8027493
flchain,lightgbm,intel,500,8,16,1,1,1,1,0,1,1304,5561397,1711800,0,1711800,1531489,19961459,0,6436,20688,8027493
flchain,lightgbm,intel,500,8,16,0,0,0,1,1,0,1304,6086678,1710109,841319,868790,1520790,0,83456,6400,20688,8027493
flchain,lightgbm,intel,500,8,16,1,0,0,1,1,0,1304,6086678,1710109,841319,868790,1520790,19961459,0,6400,20688,8027493
flchain,lightgbm,intel,500,8,16,0,1,0,1,1,0,1304,6099699,1711800,0,1711800,1531489,0,83456,6400,20688,8027493
flchain,lightgbm,intel,500,8,16,1,1,0,1,1,0,1304,6099699,1711800,0,1711800,1531489,19961459,0,6400,20688,8027493
flchain,lightgbm,intel,500,8,16,0,0,1,1,1,0,1304,6086678,1710109,841319,868790,1520790,0,83456,6400,20688,8027493
flchain,lightgbm,intel,500,8,16,1,0,1,1,1,0,1304,6086678,1710109,841319,868790,1520790,19961459,0,6400,20688,8027493
flchain,lightgbm,intel,500,8,16,0,1,1,1,1,0,1304,6099699,1711800,0,1711800,1531489,0,83456,6400,20688,8027493
flchain,lightgbm,intel,500,8,16,1,1,1,1,1,0,1304,6099699,1711800,0,1711800,1531489,19961459,0,6400,20688,8027493
flchain,lightgbm,intel,500,8,16,0,0,0,1,1,1,1304,6086678,1710109,841319,868790,1520790,0,83456,6300,20688,8027493
flchain,lightgbm,intel,500,8,16,1,0,0,1,1,1,1304,6086678,1710109,841319,868790,1520790,19961459,0,6300,20688,8027493
flchain,lightgbm,intel,500,8,16,0,1,0,1,1,1,1304,6099699,1711800,0,1711800,1531489,0,83456,6300,20688,8027493
flchain,lightgbm,intel,500,8,16,1,1,0,1,1,1,1304,6099699,1711800,0,1711800,1531489,19961459,0,6300,20688,8027493
flchain,lightgbm,intel,500,8,16,0,0,1,1,1,1,1304,6086678,1710109,841319,868790,1520790,0,83456,6300,20688,8027493
flchain,lightgbm,intel,500,8,16,1,0,1,1,1,1,1304,6086678,1710109,841319,868790,1520790,19961459,0,6300,20688,8027493
flchain,lightgbm,intel,500,8,16,0,1,1,1,1,1,1304,6099699,1711800,0,1711800,1531489,0,83456,6300,20688,8027493
flchain,lightgbm,intel,500,8,16,1,1,1,1,1,1,1304,6099699,1711800,0,1711800,1531489,19961459,0,6300,20688,8027493
flchain,xgboost,intel,500,8,16,0,0,0,0,0,0,1304,5526649,1689787,818971,870816,1522816,0,62592,6514,20360,5803437
flchain,xgboost,intel,500,8,16,1,0,0,0,0,0,1304,5526649,1689787,818971,870816,1522816,19818747,0,6514,20360,5803437
flchain,xgboost,intel,500,8,16,0,1,0,0,0,0,1304,5545934,1694988,0,1694988,1538710,0,62592,6514,20360,5803437
flchain,xgboost,intel,500,8,16,1,1,0,0,0,0,1304,5545934,1694988,0,1694988,1538710,19818747,0,6514,20360,5803437
flchain,xgboost,intel,500,8,16,0,0,1,0,0,0,1304,5526649,1689787,818971,870816,1522816,0,62592,6514,20360,5803437
flchain,xgboost,intel,500,8,16,1,0,1,0,0,0,1304,5526649,1689787,818971,870816,1522816,19818747,0,6514,20360,5803437
flchain,xgboost,intel,500,8,16,0,1,1,0,0,0,1304,5545934,1694988,0,1694988,1538710,0,62592,6514,20360,5803437
flchain,xgboost,intel,500,8,16,1,1,1,0,0,0,1304,5545934,1694988,0,1694988,1538710,19818747,0,6514,20360,5803437
flchain,xgboost,intel,500,8,16,0,0,0,0,0,1,1304,5526649,1689787,818971,870816,1522816,0,62592,6749,20364,5803437
flchain,xgboost,intel,500,8,16,1,0,0,0,0,1,1304,5526649,1689787,818971,870816,1522816,19818747,0,6749,20364,5803437
flchain,xgboost,intel,500,8,16,0,1,0,0,0,1,1304,5545934,1694988,0,1694988,1538710,0,62592,6749,20364,5803437
flchain,xgboost,intel,500,8,16,1,1,0,0,0,1,1304,5545934,1694988,0,1694988,1538710,19818747,0,6749,20364,5803437
flchain,xgboost,intel,500,8,16,0,0,1,0,0,1,1304,5526649,1689787,818971,870816,1522816,0,62592,6749,20364,5803437
flchain,xgboost,intel,500,8,16,1,0,1,0,0,1,1304,5526649,1689787,818971,870816,1522816,19818747,0,6749,20364,5803437
flchain,xgboost,intel,500,8,16,0,1,1,0,0,1,1304,5545934,1694988,0,1694988,1538710,0,62592,6749,20364,5803437
flchain,xgboost,intel,500,8,16,1,1,1,0,0,1,1304,5545934,1694988,0,1694988,1538710,19818747,0,6749,20364,5803437
flchain,xgboost,intel,500,8,16,0,0,0,0,1,0,1304,6015739,1689787,818971,870816,1522816,0,62592,6658,20360,5803437
flchain,xgboost,intel,500,8,16,1,0,0,0,1,0,1304,6015739,1689787,818971,870816,1522816,19818747,0,6658,20360,5803437
flchain,xgboost,intel,500,8,16,0,1,0,0,1,0,1304,6035024,1694988,0,1694988,1538710,0,62592,6658,20360,5803437
flchain,xgboost,intel,500,8,16,1,1,0,0,1,0,1304,6035024,1694988,0,1694988,1538710,19818747,0,6658,20360,5803437
flchain,xgboost,intel,500,8,16,0,0,1,0,1,0,1304,6015739,1689787,818971,870816,1522816,0,62592,6658,20360,5803437
flchain,xgboost,intel,500,8,16,1,0,1,0,1,0,1304,6015739,1689787,818971,870816,1522816,19818747,0,6658,20360,5803437
flchain,xgboost,intel,500,8,16,0,1,1,0,1,0,1304,6035024,1694988,0,1694988,1538710,0,62592,6658,20360,5803437
flchain,xgboost,intel,500,8,16,1,1,1,0,1,0,1304,6035024,1694988,0,1694988,1538710,19818747,0,6658,20360,5803437
flchain,xgboost,intel,500,8,16,0,0,0,0,1,1,1304,6015739,1689787,818971,870816,1522816,0,62592,7016,20364,5803437
flchain,xgboost,intel,500,8,16,1,0,0,0,1,1,1304,6015739,1689787,818971,870816,1522816,19818747,0,7016,20364,5803437
flchain,xgboost,intel,500,8,16,0,1,0,0,1,1,1304,6035024,1694988,0,1694988,1538710,0,62592,7016,20364,5803437
flchain,xgboost,intel,500,8,16,1,1,0,0,1,1,1304,6035024,1694988,0,1694988,1538710,19818747,0,7016,20364,5803437
flchain,xgboost,intel,500,8,16,0,0,1,0,1,1,1304,6015739,1689787,818971,870816,1522816,0,62592,7016,20364,5803437
flchain,xgboost,intel,500,8,16,1,0,1,0,1,1,1304,6015739,1689787,818971,870816,1522816,19818747,0,7016,20364,5803437
flchain,xgboost,intel,500,8,16,0,1,1,0,1,1,1304,6035024,1694988,0,1694988,1538710,0,62592,7016,20364,5803437
flchain,xgboost,intel,500,8,16,1,1,1,0,1,1,1304,6035024,1694988,0,1694988,1538710,19818747,0,7016,20364,5803437
flchain,xgboost,intel,500,8,16,0,0,0,1,0,0,1304,5526649,1689787,818971,870816,1522816,0,62592,6258,20368,5803437
flchain,xgboost,intel,500,8,16,1,0,0,1,0,0,1304,5526649,1689787,818971,870816,1522816,19818747,0,6258,20368,5803437
flchain,xgboost,intel,500,8,16,0,1,0,1,0,0,1304,5545934,1694988,0,1694988,1538710,0,62592,6258,20368,5803437
flchain,xgboost,intel,500,8,16,1,1,0,1,0,0,1304,5545934,1694988,0,1694988,1538710,19818747,0,6258,20368,5803437
flchain,xgboost,intel,500,8,16,0,0,1,1,0,0,1304,5526649,1689787,818971,870816,1522816,0,62592,6258,20368,5803437
flchain,xgboost,intel,500,8,16,1,0,1,1,0,0,1304,5526649,1689787,818971,870816,1522816,19818747,0,6258,20368,5803437
flchain,xgboost,intel,500,8,16,0,1,1,1,0,0,1304,5545934,1694988,0,1694988,1538710,0,62592,6258,20368,5803437
flchain,xgboost,intel,500,8,16,1,1,1,1,0,0,1304,5545934,1694988,0,1694988,1538710,19818747,0,6258,20368,5803437
flchain,xgboost,intel,500,8,16,0,0,0,1,0,1,1304,5526649,1689787,818971,870816,1522816,0,62592,5701,20368,5803437
flchain,xgboost,intel,500,8,16,1,0,0,1,0,1,1304,5526649,1689787,818971,870816,1522816,19818747,0,5701,20368,5803437
flchain,xgboost,intel,500,8,16,0,1,0,1,0,1,1304,5545934,1694988,0,1694988,1538710,0,62592,5701,20368,5803437
flchain,xgboost,intel,500,8,16,1,1,0,1,0,1,1304,5545934,1694988,0,1694988,1538710,19818747,0,5701,20368,5803437
flchain,xgboost,intel,500,8,16,0,0,1,1,0,1,1304,5526649,1689787,818971,870816,1522816,0,62592,5701,20368,5803437
flchain,xgboost,intel,500,8,16,1,0,1,1,0,1,1304,5526649,1689787,818971,870816,1522816,19818747,0,5701,20368,5803437
flchain,xgboost,intel,500,8,16,0,1,1,1,0,1,1304,5545934,1694988,0,1694988,1538710,0,62592,5701,20368,5803437
flchain,xgboost,intel,500,8,16,1,1,1,1,0,1,1304,5545934,1694988,0,1694988,1538710,19818747,0,5701,20368,5803437
flchain,xgboost,intel,500,8,16,0,0,0,1,1,0,1304,6015739,1689787,818971,870816,1522816,0,62592,5694,20368,5803437
flchain,xgboost,intel,500,8,16,1,0,0,1,1,0,1304,6015739,1689787,818971,870816,1522816,19818747,0,5694,20368,5803437
flchain,xgboost,intel,500,8,16,0,1,0,1,1,0,1304,6035024,1694988,0,1694988,1538710,0,62592,5694,20368,5803437
flchain,xgboost,intel,500,8,16,1,1,0,1,1,0,1304,6035024,1694988,0,1694988,1538710,19818747,0,5694,20368,5803437
flchain,xgboost,intel,500,8,16,0,0,1,1,1,0,1304,6015739,1689787,818971,870816,1522816,0,62592,5694,20368,5803437
flchain,xgboost,intel,500,8,16,1,0,1,1,1,0,1304,6015739,1689787,818971,870816,1522816,19818747,0,5694,20368,5803437
flchain,xgboost,intel,500,8,16,0,1,1,1,1,0,1304,6035024,1694988,0,1694988,1538710,0,62592,5694,20368,5803437
flchain,xgboost,intel,500,8,16,1,1,1,1,1,0,1304,6035024,1694988,0,1694988,1538710,19818747,0,5694,20368,5803437
flchain,xgboost,intel,500,8,16,0,0,0,1,1,1,1304,6015739,1689787,818971,870816,1522816,0,62592,5654,20368,5803437
flchain,xgboost,intel,500,8,16,1,0,0,1,1,1,1304,6015739,1689787,818971,870816,1522816,19818747,0,5654,20368,5803437
flchain,xgboost,intel,500,8,16,0,1,0,1,1,1,1304,6035024,1694988,0,1694988,1538710,0,62592,5654,20368,5803437
flchain,xgboost,intel,500,8,16,1,1,0,1,1,1,1304,6035024,1694988,0,1694988,1538710,19818747,0,5654,20368,5803437
flchain,xgboost,intel,500,8,16,0,0,1,1,1,1,1304,6015739,1689787,818971,870816,1522816,0,62592,5654,20368,5803437
flchain,xgboost,intel,500,8,16,1,0,1,1,1,1,1304,6015739,1689787,818971,870816,1522816,19818747,0,5654,20368,5803437
flchain,xgboost,intel,500,8,16,0,1,1,1,1,1,1304,6035024,1694988,0,1694988,1538710,0,62592,5654,20368,5803437
flchain,xgboost,intel,500,8,16,1,1,1,1,1,1,1304,6035024,1694988,0,1694988,1538710,19818747,0,5654,20368,5803437
flchain,lightgbm,intel,500,8,4,0,0,0,0,0,0,1304,5331708,807021,443367,363654,1015654,0,20864,5777,18284,5115693
flchain,lightgbm,intel,500,8,4,1,0,0,0,0,0,1304,5331708,807021,443367,363654,1015654,2611563,0,5777,18284,5115693
flchain,lightgbm,intel,500,8,4,0,1,0,0,0,0,1304,5342308,807954,0,807954,1021450,0,20864,5777,18284,5115693
flchain,lightgbm,intel,500,8,4,1,1,0,0,0,0,1304,5342308,807954,0,807954,1021450,2611563,0,5777,18284,5115693
flchain,lightgbm,intel,500,8,4,0,0,1,0,0,0,1304,5331708,807021,443367,363654,1015654,0,20864,5777,18284,5115693
flchain,lightgbm,intel,500,8,4,1,0,1,0,0,0,1304,5331708,807021,443367,363654,1015654,2611563,0,5777,18284,5115693
flchain,lightgbm,intel,500,8,4,0,1,1,0,0,0,1304,5342308,807954,0,807954,1021450,0,20864,5777,18284,5115693
flchain,lightgbm,intel,500,8,4,1,1,1,0,0,0,1304,5342308,807954,0,807954,1021450,2611563,0,5777,18284,5115693
flchain,lightgbm,intel,500,8,4,0,0,0,0,0,1,1304,5331708,807021,443367,363654,1015654,0,20864,5007,18288,5115693
flchain,lightgbm,intel,500,8,4,0,0,0,0,1,0,1304,5836565,807021,443367,363654,1015654,0,20864,4761,18284,5115693
flchain,lightgbm,intel,500,8,4,0,0,0,0,1,1,1304,5836565,807021,443367,363654,1015654,0,20864,4492,18288,5115693
flchain,lightgbm,intel,500,8,4,0,0,0,1,0,0,1304,5331708,807021,443367,363654,1015654,0,20864,3949,18288,5115693
flchain,lightgbm,intel,500,8,4,0,0,0,1,0,1,1304,5331708,807021,443367,363654,1015654,0,20864,3565,18288,5115693
flchain,lightgbm,intel,500,8,4,0,0,0,1,1,0,1304,5836565,807021,443367,363654,1015654,0,20864,3417,18300,5115693
flchain,lightgbm,intel,500,8,4,0,0,0,1,1,1,1304,5836565,807021,443367,363654,1015654,0,20864,3430,18300,5115693
flchain,xgboost,intel,500,8,4,0,0,0,0,0,0,1304,5076586,979216,603831,375385,1027385,0,15648,5685,18492,5645341
flchain,xgboost,intel,500,8,4,1,0,0,0,0,0,1304,5076586,979216,603831,375385,1027385,3267117,0,5685,18492,5645341
flchain,xgboost,intel,500,8,4,0,1,0,0,0,0,1304,5080793,979459,0,979459,1030861,0,15648,5685,18492,5645341
flchain,xgboost,intel,500,8,4,1,1,0,0,0,0,1304,5080793,979459,0,979459,1030861,3267117,0,5685,18492,5645341
flchain,xgboost,intel,500,8,4,0,0,1,0,0,0,1304,5076586,979216,603831,375385,1027385,0,15648,5685,18492,5645341
flchain,xgboost,intel,500,8,4,1,0,1,0,0,0,1304,5076586,979216,603831,375385,1027385,3267117,0,5685,18492,5645341
flchain,xgboost,intel,500,8,4,0,1,1,0,0,0,1304,5080793,979459,0,979459,1030861,0,15648,5685,18492,5645341
flchain,xgboost,intel,500,8,4,1,1,1,0,0,0,1304,5080793,979459,0,979459,1030861,3267117,0,5685,18492,5645341
flchain,xgboost,intel,500,8,4,0,0,0,0,0,1,1304,5076586,979216,603831,375385,1027385,0,15648,6318,18496,5645341
flchain,xgboost,intel,500,8,4,0,0,0,0,1,0,1304,5463647,979216,603831,375385,1027385,0,15648,6060,18492,5645341
flchain,xgboost,intel,500,8,4,0,0,0,0,1,1,1304,5463647,979216,603831,375385,1027385,0,15648,5796,18496,5645341
flchain,xgboost,intel,500,8,4,0,0,0,1,0,0,1304,5076586,979216,603831,375385,1027385,0,15648,5015,18500,5645341
flchain,xgboost,intel,500,8,4,0,0,0,1,0,1,1304,5076586,979216,603831,375385,1027385,0,15648,4891,18500,5645341
flchain,xgboost,intel,500,8,4,0,0,0,1,1,0,1304,5463647,979216,603831,375385,1027385,0,15648,4698,18500,5645341
flchain,xgboost,intel,500,8,4,0,0,0,1,1,1,1304,5463647,979216,603831,375385,1027385,0,15648,4633,18500,5645341
flchain,lightgbm,intel,500,8,64,0,0,0,0,0,0,1304,6724780,2333588,743950,1589638,2241638,0,333824,9871,28532,10624009
flchain,lightgbm,intel,500,8,64,1,0,0,0,0,0,1304,6724780,2333588,743950,1589638,2241638,95899936,0,9871,28532,10624009
flchain,lightgbm,intel,500,8,64,0,1,0,0,0,0,1304,6748977,2338706,0,2338706,2266366,0,333824,9871,28532,10624009
flchain,lightgbm,intel,500,8,64,1,1,0,0,0,0,1304,6748977,2338706,0,2338706,2266366,95899936,0,9871,28532,10624009
flchain,lightgbm,intel,500,8,64,0,0,1,0,0,0,1304,6724780,2333588,743950,1589638,2241638,0,333824,9871,28532,10624009
flchain,lightgbm,intel,500,8,64,1,0,1,0,0,0,1304,6724780,2333588,743950,1589638,2241638,95899936,0,9871,28532,10624009
flchain,lightgbm,intel,500,8,64,0,1,1,0,0,0,1304,6748977,2338706,0,2338706,2266366,0,333824,9871,28532,10624009
flchain,lightgbm,intel,500,8,64,1,1,1,0,0,0,1304,6748977,2338706,0,2338706,2266366,95899936,0,9871,28532,10624009
flchain,lightgbm,intel,500,8,64,0,0,0,0,0,1,1304,6724780,2333588,743950,1589638,2241638,0,333824,9669,28536,10624009
flchain,lightgbm,intel,500,8,64,0,0,0,0,1,0,1304,7249971,2333588,743950,1589638,2241638,0,333824,9427,28532,10624009
flchain,lightgbm,intel,500,8,64,0,0,0,0,1,1,1304,7249971,2333588,743950,1589638,2241638,0,333824,9016,28536,10624009
flchain,lightgbm,intel,500,8,64,0,0,0,1,0,0,1304,6724780,2333588,743950,1589638,2241638,0,333824,8716,28540,10624009
flchain,lightgbm,intel,500,8,64,0,0,0,1,0,1,1304,6724780,2333588,743950,1589638,2241638,0,333824,7729,28540,10624009
flchain,lightgbm,intel,500,8,64,0,0,0,1,1,0,1304,7249971,2333588,743950,1589638,2241638,0,333824,7569,28540,10624009
flchain,lightgbm,intel,500,8,64,0,0,0,1,1,1,1304,7249971,2333588,743950,1589638,2241638,0,333824,7909,28540,10624009
flchain,xgboost,intel,500,8,64,0,0,0,0,0,0,1304,6213957,2152187,535447,1616740,2268740,0,250368,6904,27760,6021205
flchain,xgboost,intel,500,8,64,1,0,0,0,0,0,1304,6213957,2152187,535447,1616740,2268740,93557304,0,6904,27760,6021205
flchain,xgboost,intel,500,8,64,0,1,0,0,0,0,1304,6232412,2157521,0,2157521,2297292,0,250368,6904,27760,6021205
flchain,xgboost,intel,500,8,64,1,1,0,0,0,0,1304,6232412,2157521,0,2157521,2297292,93557304,0,6904,27760,6021205
flchain,xgboost,intel,500,8,64,0,0,1,0,0,0,1304,6213957,2152187,535447,1616740,2268740,0,250368,6904,27760,6021205
flchain,xgboost,intel,500,8,64,1,0,1,0,0,0,1304,6213957,2152187,535447,1616740,2268740,93557304,0,6904,27760,6021205
flchain,xgboost,intel,500,8,64,0,1,1,0,0,0,1304,6232412,2157521,0,2157521,2297292,0,250368,6904,27760,6021205
flchain,xgboost,intel,500,8,64,1,1,1,0,0,0,1304,6232412,2157521,0,2157521,2297292,93557304,0,6904,27760,6021205
flchain,xgboost,intel,500,8,64,0,0,0,0,0,1,1304,6213957,2152187,535447,1616740,2268740,0,250368,7482,27764,6021205
flchain,xgboost,intel,500,8,64,0,0,0,0,1,0,1304,6706530,2152187,535447,1616740,2268740,0,250368,6569,27760,6021205
flchain,xgboost,intel,500,8,64,0,0,0,0,1,1,1304,6706530,2152187,535447,1616740,2268740,0,250368,6681,27764,6021205
flchain,xgboost,intel,500,8,64,0,0,0,1,0,0,1304,6213957,2152187,535447,1616740,2268740,0,250368,6263,27768,6021205
flchain,xgboost,intel,500,8,64,0,0,0,1,0,1,1304,6213957,2152187,535447,1616740,2268740,0,250368,5709,27768,6021205
flchain,xgboost,intel,500,8,64,0,0,0,1,1,0,1304,6706530,2152187,535447,1616740,2268740,0,250368,5364,27768,6021205
flchain,xgboost,intel,500,8,64,0,0,0,1,1,1,1304,6706530,2152187,535447,1616740,2268740,0,250368,5661,27768,6021205
flchain,lightgbm,intel,50,4,1,0,0,0,0,0,0,1304,199241,0,0,0,65200,0,0,1334,16900,124671
flchain,lightgbm,intel,50,4,1,1,0,0,0,0,0,1304,199241,0,0,0,65200,0,0,1334,16900,124671
flchain,lightgbm,intel,50,4,1,0,1,0,0,0,0,1304,199241,0,0,0,65200,0,0,1334,16900,124671
flchain,lightgbm,intel,50,4,1,1,1,0,0,0,0,1304,199241,0,0,0,65200,0,0,1334,16900,124671
flchain,lightgbm,intel,50,4,1,0,0,1,0,0,0,1304,199241,0,0,0,65200,0,0,1334,16900,124671
flchain,lightgbm,intel,50,4,1,1,0,1,0,0,0,1304,199241,0,0,0,65200,0,0,1334,16900,124671
flchain,lightgbm,intel,50,4,1,0,1,1,0,0,0,1304,199241,0,0,0,65200,0,0,1334,16900,124671
flchain,lightgbm,intel,50,4,1,1,1,1,0,0,0,1304,199241,0,0,0,65200,0,0,1334,16900,124671
flchain,lightgbm,intel,50,4,1,0,0,0,0,0,1,1304,199241,0,0,0,65200,0,0,425,16900,124671
flchain,lightgbm,intel,50,4,1,0,0,0,0,1,0,1304,259545,0,0,0,65200,0,0,348,16900,124671
flchain,lightgbm,intel,50,4,1,0,0,0,0,1,1,1304,259545,0,0,0,65200,0,0,336,16900,124671
flchain,lightgbm,intel,50,4,1,0,0,0,1,0,0,1304,199241,0,0,0,65200,0,0,361,16904,124671
flchain,lightgbm,intel,50,4,1,0,0,0,1,0,1,1304,199241,0,0,0,65200,0,0,342,16904,124671
flchain,lightgbm,intel,50,4,1,0,0,0,1,1,0,1304,259545,0,0,0,65200,0,0,340,16904,124671
flchain,lightgbm,intel,50,4,1,0,0,0,1,1,1,1304,259545,0,0,0,65200,0,0,298,16904,124671
flchain,xgboost,intel,50,4,1,0,0,0,0,0,0,1304,203047,0,0,0,65200,0,0,373,16904,123779
flchain,xgboost,intel,50,4,1,1,0,0,0,0,0,1304,203047,0,0,0,65200,0,0,373,16904,123779
flchain,xgboost,intel,50,4,1,0,1,0,0,0,0,1304,203047,0,0,0,65200,0,0,373,16904,123779
flchain,xgboost,intel,50,4,1,1,1,0,0,0,0,1304,203047,0,0,0,65200,0,0,373,16904,123779
flchain,xgboost,intel,50,4,1,0,0,1,0,0,0,1304,203047,0,0,0,65200,0,0,373,16904,123779
flchain,xgboost,intel,50,4,1,1,0,1,0,0,0,1304,203047,0,0,0,65200,0,0,373,16904,123779
flchain,xgboost,intel,50,4,1,0,1,1,0,0,0,1304,203047,0,0,0,65200,0,0,373,16904,123779
flchain,xgboost,intel,50,4,1,1,1,1,0,0,0,1304,203047,0,0,0,65200,0,0,373,16904,123779
flchain,xgboost,intel,50,4,1,0,0,0,0,0,1,1304,203047,0,0,0,65200,0,0,396,16904,123779
flchain,xgboost,intel,50,4,1,0,0,0,0,1,0,1304,260115,0,0,0,65200,0,0,344,16904,123779
flchain,xgboost,intel,50,4,1,0,0,0,0,1,1,1304,260115,0,0,0,65200,0,0,342,16904,123779
flchain,xgboost,intel,50,4,1,0,0,0,1,0,0,1304,203047,0,0,0,65200,0,0,330,16908,123779
flchain,xgboost,intel,50,4,1,0,0,0,1,0,1,1304,203047,0,0,0,65200,0,0,328,16908,123779
flchain,xgboost,intel,50,4,1,0,0,0,1,1,0,1304,260115,0,0,0,65200,0,0,311,16908,123779
flchain,xgboost,intel,50,4,1,0,0,0,1,1,1,1304,260115,0,0,0,65200,0,0,312,16908,123779
support,lightgbm,intel,1000,16,32,0,0,0,0,0,0,1774,60219867,21077451,8828649,12248802,14022802,0,227072,193303,67120,215777313
support,lightgbm,intel,1000,16,32,1,0,0,0,0,0,1774,60219867,21077451,8828649,12248802,14022802,330019725,0,193303,67120,215777313
support,lightgbm,intel,1000,16,32,0,1,0,0,0,0,1774,61062230,21336509,0,21336509,14502680,0,227072,193303,67120,215777313
support,lightgbm,intel,1000,16,32,1,1,0,0,0,0,1774,61062230,21336509,0,21336509,14502680,330019725,0,193303,67120,215777313
support,lightgbm,intel,1000,16,32,0,0,1,0,0,0,1774,60219867,21077451,8828649,12248802,14022802,0,227072,193303,67120,215777313
support,lightgbm,intel,1000,16,32,1,0,1,0,0,0,1774,60219867,21077451,8828649,12248802,14022802,330019725,0,193303,67120,215777313
support,lightgbm,intel,1000,16,32,0,1,1,0,0,0,1774,61062230,21336509,0,21336509,14502680,0,227072,193303,67120,215777313
support,lightgbm,intel,1000,16,32,1,1,1,0,0,0,1774,61062230,21336509,0,21336509,14502680,330019725,0,193303,67120,215777313
support,lightgbm,intel,1000,16,32,0,0,0,0,0,1,1774,60219867,21077451,8828649,12248802,14022802,0,227072,178088,67120,215777313
support,lightgbm,intel,1000,16,32,1,0,0,0,0,1,1774,60219867,21077451,8828649,12248802,14022802,330019725,0,178088,67120,215777313
support,lightgbm,intel,1000,16,32,0,1,0,0,0,1,1774,61062230,21336509,0,21336509,14502680,0,227072,178088,67120,215777313
support,lightgbm,intel,1000,16,32,1,1,0,0,0,1,1774,61062230,21336509,0,21336509,14502680,330019725,0,178088,67120,215777313
support,lightgbm,intel,1000,16,32,0,0,1,0,0,1,1774,60219867,21077451,8828649,12248802,14022802,0,227072,178088,67120,215777313
support,lightgbm,intel,1000,16,32,1,0,1,0,0,1,1774,60219867,21077451,8828649,12248802,14022802,330019725,0,178088,67120,215777313
support,lightgbm,intel,1000,16,32,0,1,1,0,0,1,1774,61062230,21336509,0,21336509,14502680,0,227072,178088,67120,215777313
support,lightgbm,intel,1000,16,32,1,1,1,0,0,1,1774,61062230,21336509,0,21336509,14502680,330019725,0,178088,67120,215777313
support,lightgbm,intel,1000,16,32,0,0,0,0,1,0,1774,61194761,21077451,8828649,12248802,14022802,0,227072,173395,67120,215777313
support,lightgbm,intel,1000,16,32,1,0,0,0,1,0,1774,61194761,21077451,8828649,12248802,14022802,330019725,0,173395,67120,215777313
support,lightgbm,intel,1000,16,32,0,1,0,0,1,0,1774,62037124,21336509,0,21336509,14502680,0,227072,173395,67120,215777313
support,lightgbm,intel,1000,16,32,1,1,0,0,1,0,1774,62037124,21336509,0,21336509,14502680,330019725,0,173395,67120,215777313
support,lightgbm,intel,1000,16,32,0,0,1,0,1,0,1774,61194761,21077451,8828649,12248802,14022802,0,227072,173395,67120,215777313
support,lightgbm,intel,1000,16,32,1,0,1,0,1,0,1774,61194761,21077451,8828649,12248802,14022802,330019725,0,173395,67120,215777313
support,lightgbm,intel,1000,16,32,0,1,1,0,1,0,1774,62037124,21336509,0,21336509,14502680,0,227072,173395,67120,215777313
support,lightgbm,intel,1000,16,32,1,1,1,0,1,0,1774,62037124,21336509,0,21336509,14502680,330019725,0,173395,67120,215777313
support,lightgbm,intel,1000,16,32,0,0,0,0,1,1,1774,61194761,21077451,8828649,12248802,14022802,0,227072,176185,67120,215777313
support,lightgbm,intel,1000,16,32,1,0,0,0,1,1,1774,61194761,21077451,8828649,12248802,14022802,330019725,0,176185,67120,215777313
support,lightgbm,intel,1000,16,32,0,1,0,0,1,1,1774,62037124,21336509,0,21336509,14502680,0,227072,176185,67120,215777313
support,lightgbm,intel,1000,16,32,1,1,0,0,1,1,1774,62037124,21336509,0,21336509,14502680,330019725,0,176185,67120,215777313
support,lightgbm,intel,1000,16,32,0,0,1,0,1,1,1774,61194761,21077451,8828649,12248802,14022802,0,227072,176185,67120,215777313
support,lightgbm,intel,1000,16,32,1,0,1,0,1,1,1774,61194761,21077451,8828649,12248802,14022802,330019725,0,176185,67120,215777313
support,lightgbm,intel,1000,16,32,0,1,1,0,1,1,1774,62037124,21336509,0,21336509,14502680,0,227072,176185,67120,215777313
support,lightgbm,intel,1000,16,32,1,1,1,0,1,1,1774,62037124,21336509,0,21336509,14502680,330019725,0,176185,67120,215777313
support,lightgbm,intel,1000,16,32,0,0,0,1,0,0,1774,60219867,21077451,8828649,12248802,14022802,0,227072,168626,67120,215777313
support,lightgbm,intel,1000,16,32,1,0,0,1,0,0,1774,60219867,21077451,8828649,12248802,14022802,330019725,0,168626,67120,215777313
support,lightgbm,intel,1000,16,32,0,1,0,1,0,0,1774,61062230,21336509,0,21336509,14502680,0,227072,168626,67120,215777313
support,lightgbm,intel,1000,16,32,1,1,0,1,0,0,1774,61062230,21336509,0,21336509,14502680,330019725,0,168626,67120,215777313
support,lightgbm,intel,1000,16,32,0,0,1,1,0,0,1774,60219867,21077451,8828649,12248802,14022802,0,227072,168626,67120,215777313
support,lightgbm,intel,1000,16,32,1,0,1,1,0,0,1774,60219867,21077451,8828649,12248802,14022802,330019725,0,168626,67120,215777313
support,lightgbm,intel,1000,16,32,0,1,1,1,0,0,1774,61062230,21336509,0,21336509,14502680,0,227072,168626,67120,215777313
support,lightgbm,intel,1000,16,32,1,1,1,1,0,0,1774,61062230,21336509,0,21336509,14502680,330019725,0,168626,67120,215777313
support,lightgbm,intel,1000,16,32,0,0,0,1,0,1,1774,60219867,21077451,8828649,12248802,14022802,0,227072,166210,67120,215777313
support,lightgbm,intel,1000,16,32,1,0,0,1,0,1,1774,60219867,21077451,8828649,12248802,14022802,330019725,0,166210,67120,215777313
support,lightgbm,intel,1000,16,32,0,1,0,1,0,1,1774,61062230,21336509,0,21336509,14502680,0,227072,166210,67120,215777313
support,lightgbm,intel,1000,16,32,1,1,0,1,0,1,1774,61062230,21336509,0,21336509,14502680,330019725,0,166210,67120,215777313
support,lightgbm,intel,1000,16,32,0,0,1,1,0,1,1774,60219867,21077451,8828649,12248802,14022802,0,227072,166210,67120,215777313
support,lightgbm,intel,1000,16,32,1,0,1,1,0,1,1774,60219867,21077451,8828649,12248802,14022802,330019725,0,166210,67120,215777313
support,lightgbm,intel,1000,16,32,0,1,1,1,0,1,1774,61062230,21336509,0,21336509,14502680,0,227072,166210,67120,215777313
support,lightgbm,intel,1000,16,32,1,1,1,1,0,1,1774,61062230,21336509,0,21336509,14502680,330019725,0,166210,67120,215777313
support,lightgbm,intel,1000,16,32,0,0,0,1,1,0,1774,61194761,21077451,8828649,12248802,14022802,0,227072,160797,67120,215777313
support,lightgbm,intel,1000,16,32,1,0,0,1,1,0,1774,61194761,21077451,8828649,12248802,14022802,330019725,0,160797,67120,215777313
support,lightgbm,intel,1000,16,32,0,1,0,1,1,0,1774,62037124,21336509,0,21336509,14502680,0,227072,160797,67120,215777313
support,lightgbm,intel,1000,16,32,1,1,0,1,1,0,1774,62037124,21336509,0,21336509,14502680,330019725,0,160797,67120,215777313
support,lightgbm,intel,1000,16,32,0,0,1,1,1,0,1774,61194761,21077451,8828649,12248802,14022802,0,227072,160797,67120,215777313
support,lightgbm,intel,1000,16,32,1,0,1,1,1,0,1774,61194761,21077451,8828649,12248802,14022802,330019725,0,160797,67120,215777313
support,lightgbm,intel,1000,16,32,0,1,1,1,1,0,1774,62037124,21336509,0,21336509,14502680,0,227072,160797,67120,215777313
support,lightgbm,intel,1000,16,32,1,1,1,1,1,0,1774,62037124,21336509,0,21336509,14502680,330019725,0,160797,67120,215777313
support,lightgbm,intel,1000,16,32,0,0,0,1,1,1,1774,61194761,21077451,8828649,12248802,14022802,0,227072,160908,67120,215777313
support,lightgbm,intel,1000,16,32,1,0,0,1,1,1,1774,61194761,21077451,8828649,12248802,14022802,330019725,0,160908,67120,215777313
support,lightgbm,intel,1000,16,32,0,1,0,1,1,1,1774,62037124,21336509,0,21336509,14502680,0,227072,160908,67120,215777313
support,lightgbm,intel,1000,16,32,1,1,0,1,1,1,1774,62037124,21336509,0,21336509,14502680,330019725,0,160908,67120,215777313
support,lightgbm,intel,1000,16,32,0,0,1,1,1,1,1774,61194761,21077451,8828649,12248802,14022802,0,227072,160908,67120,215777313
support,lightgbm,intel,1000,16,32,1,0,1,1,1,1,1774,61194761,21077451,8828649,12248802,14022802,330019725,0,160908,67120,215777313
support,lightgbm,intel,1000,16,32,0,1,1,1,1,1,1774,62037124,21336509,0,21336509,14502680,0,227072,160908,67120,215777313
support,lightgbm,intel,1000,16,32,1,1,1,1,1,1,1774,62037124,21336509,0,21336509,14502680,330019725,0,160908,67120,215777313
support,xgboost,intel,1000,16,32,0,0,0,0,0,0,1774,45927649,15741824,5817733,9924091,11698091,0,170304,72797,40640,69604845
support,xgboost,intel,1000,16,32,1,0,0,0,0,0,1774,45927649,15741824,5817733,9924091,11698091,296950489,0,72797,40640,69604845
support,xgboost,intel,1000,16,32,0,1,0,0,0,0,1774,46464528,15885496,0,15885496,12033881,0,170304,72797,40640,69604845
support,xgboost,intel,1000,16,32,1,1,0,0,0,0,1774,46464528,15885496,0,15885496,12033881,296950489,0,72797,40640,69604845
support,xgboost,intel,1000,16,32,0,0,1,0,0,0,1774,45927649,15741824,5817733,9924091,11698091,0,170304,72797,40640,69604845
support,xgboost,intel,1000,16,32,1,0,1,0,0,0,1774,45927649,15741824,5817733,9924091,11698091,296950489,0,72797,40640,69604845
support,xgboost,intel,1000,16,32,0,1,1,0,0,0,1774,46464528,15885496,0,15885496,12033881,0,170304,72797,40640,69604845
support,xgboost,intel,1000,16,32,1,1,1,0,0,0,1774,46464528,15885496,0,15885496,12033881,296950489,0,72797,40640,69604845
support,xgboost,intel,1000,16,32,0,0,0,0,0,1,1774,45927649,15741824,5817733,9924091,11698091,0,170304,63424,40640,69604845
support,xgboost,intel,1000,16,32,1,0,0,0,0,1,1774,45927649,15741824,5817733,9924091,11698091,296950489,0,63424,40640,69604845
support,xgboost,intel,1000,16,32,0,1,0,0,0,1,1774,46464528,15885496,0,15885496,12033881,0,170304,63424,40640,69604845
support,xgboost,intel,1000,16,32,1,1,0,0,0,1,1774,46464528,15885496,0,15885496,12033881,296950489,0,63424,40640,69604845
support,xgboost,intel,1000,16,32,0,0,1,0,0,1,1774,45927649,15741824,5817733,9924091,11698091,0,170304,63424,40640,69604845
support,xgboost,intel,1000,16,32,1,0,1,0,0,1,1774,45927649,15741824,5817733,9924091,11698091,296950489,0,63424,40640,69604845
support,xgboost,intel,1000,16,32,0,1,1,0,0,1,1774,46464528,15885496,0,15885496,12033881,0,170304,63424,40640,69604845
support,xgboost,intel,1000,16,32,1,1,1,0,0,1,1774,46464528,15885496,0,15885496,12033881,296950489,0,63424,40640,69604845
support,xgboost,intel,1000,16,32,0,0,0,0,1,0,1774,46297882,15741824,5817733,9924091,11698091,0,170304,64046,40640,69604845
support,xgboost,intel,1000,16,32,1,0,0,0,1,0,1774,46297882,15741824,5817733,9924091,11698091,296950489,0,64046,40640,69604845
support,xgboost,intel,1000,16,32,0,1,0,0,1,0,1774,46834761,15885496,0,15885496,12033881,0,170304,64046,40640,69604845
support,xgboost,intel,1000,16,32,1,1,0,0,1,0,1774,46834761,15885496,0,15885496,12033881,296950489,0,64046,40640,69604845
support,xgboost,intel,1000,16,32,0,0,1,0,1,0,1774,46297882,15741824,5817733,9924091,11698091,0,170304,64046,40640,69604845
support,xgboost,intel,1000,16,32,1,0,1,0,1,0,1774,46297882,15741824,5817733,9924091,11698091,296950489,0,64046,40640,69604845
support,xgboost,intel,1000,16,32,0,1,1,0,1,0,1774,46834761,15885496,0,15885496,12033881,0,170304,64046,40640,69604845
support,xgboost,intel,1000,16,32,1,1,1,0,1,0,1774,46834761,15885496,0,15885496,12033881,296950489,0,64046,40640,69604845
support,xgboost,intel,1000,16,32,0,0,0,0,1,1,1774,46297882,15741824,5817733,9924091,11698091,0,170304,64444,40640,69604845
support,xgboost,intel,1000,16,32,1,0,0,0,1,1,1774,46297882,15741824,5817733,9924091,11698091,296950489,0,64444,40640,69604845
support,xgboost,intel,1000,16,32,0,1,0,0,1,1,1774,46834761,15885496,0,15885496,12033881,0,170304,64444,40640,69604845
support,xgboost,intel,1000,16,32,1,1,0,0,1,1,1774,46834761,15885496,0,15885496,12033881,296950489,0,64444,40640,69604845
support,xgboost,intel,1000,16,32,0,0,1,0,1,1,1774,46297882,15741824,5817733,9924091,11698091,0,170304,64444,40640,69604845
support,xgboost,intel,1000,16,32,1,0,1,0,1,1,1774,46297882,15741824,5817733,9924091,11698091,296950489,0,64444,40640,69604845
support,xgboost,intel,1000,16,32,0,1,1,0,1,1,1774,46834761,15885496,0,15885496,12033881,0,170304,64444,40640,69604845
support,xgboost,intel,1000,16,32,1,1,1,0,1,1,1774,46834761,15885496,0,15885496,12033881,296950489,0,64444,40640,69604845
support,xgboost,intel,1000,16,32,0,0,0,1,0,0,1774,45927649,15741824,5817733,9924091,11698091,0,170304,61958,40644,69604845
support,xgboost,intel,1000,16,32,1,0,0,1,0,0,1774,45927649,15741824,5817733,9924091,11698091,296950489,0,61958,40644,69604845
support,xgboost,intel,1000,16,32,0,1,0,1,0,0,1774,46464528,15885496,0,15885496,12033881,0,170304,61958,40644,69604845
support,xgboost,intel,1000,16,32,1,1,0,1,0,0,1774,46464528,15885496,0,15885496,12033881,296950489,0,61958,40644,69604845
support,xgboost,intel,1000,16,32,0,0,1,1,0,0,1774,45927649,15741824,5817733,9924091,11698091,0,170304,61958,40644,69604845
support,xgboost,intel,1000,16,32,1,0,1,1,0,0,1774,45927649,15741824,5817733,9924091,11698091,296950489,0,61958,40644,69604845
support,xgboost,intel,1000,16,32,0,1,1,1,0,0,1774,46464528,15885496,0,15885496,12033881,0,170304,61958,40644,69604845
support,xgboost,intel,1000,16,32,1,1,1,1,0,0,1774,46464528,15885496,0,15885496,12033881,296950489,0,61958,40644,69604845
support,xgboost,intel,1000,16,32,0,0,0,1,0,1,1774,45927649,15741824,5817733,9924091,11698091,0,170304,52525,40644,69604845
support,xgboost,intel,1000,16,32,1,0,0,1,0,1,1774,45927649,15741824,5817733,9924091,11698091,296950489,0,52525,40644,69604845
support,xgboost,intel,1000,16,32,0,1,0,1,0,1,1774,46464528,15885496,0,15885496,12033881,0,170304,52525,40644,69604845
support,xgboost,intel,1000,16,32,1,1,0,1,0,1,1774,46464528,15885496,0,15885496,12033881,296950489,0,52525,40644,69604845
support,xgboost,intel,1000,16,32,0,0,1,1,0,1,1774,45927649,15741824,5817733,9924091,11698091,0,170304,52525,40644,69604845
support,xgboost,intel,1000,16,32,1,0,1,1,0,1,1774,45927649,15741824,5817733,9924091,11698091,296950489,0,52525,40644,69604845
support,xgboost,intel,1000,16,32,0,1,1,1,0,1,1774,46464528,15885496,0,15885496,12033881,0,170304,52525,40644,69604845
support,xgboost,intel,1000,16,32,1,1,1,1,0,1,1774,46464528,15885496,0,15885496,12033881,296950489,0,52525,40644,69604845
support,xgboost,intel,1000,16,32,0,0,0,1,1,0,1774,46297882,15741824,5817733,9924091,11698091,0,170304,54471,40644,69604845
support,xgboost,intel,1000,16,32,1,0,0,1,1,0,1774,46297882,15741824,5817733,9924091,11698091,296950489,0,54471,40644,69604845
support,xgboost,intel,1000,16,32,0,1,0,1,1,0,1774,46834761,15885496,0,15885496,12033881,0,170304,54471,40644,69604845
support,xgboost,intel,1000,16,32,1,1,0,1,1,0,1774,46834761,15885496,0,15885496,12033881,296950489,0,54471,40644,69604845
support,xgboost,intel,1000,16,32,0,0,1,1,1,0,1774,46297882,15741824,5817733,9924091,11698091,0,170304,54471,40644,69604845
support,xgboost,intel,1000,16,32,1,0,1,1,1,0,1774,46297882,15741824,5817733,9924091,11698091,296950489,0,54471,40644,69604845
support,xgboost,intel,1000,16,32,0,1,1,1,1,0,1774,46834761,15885496,0,15885496,12033881,0,170304,54471,40644,69604845
support,xgboost,intel,1000,16,32,1,1,1,1,1,0,1774,46834761,15885496,0,15885496,12033881,296950489,0,54471,40644,69604845
support,xgboost,intel,1000,16,32,0,0,0,1,1,1,1774,46297882,15741824,5817733,9924091,11698091,0,170304,54679,40644,69604845
support,xgboost,intel,1000,16,32,1,0,0,1,1,1,1774,46297882,15741824,5817733,9924091,11698091,296950489,0,54679,40644,69604845
support,xgboost,intel,1000,16,32,0,1,0,1,1,1,1774,46834761,15885496,0,15885496,12033881,0,170304,54679,40644,69604845
support,xgboost,intel,1000,16,32,1,1,0,1,1,1,1774,46834761,15885496,0,15885496,12033881,296950489,0,54679,40644,69604845
support,xgboost,intel,1000,16,32,0,0,1,1,1,1,1774,46297882,15741824,5817733,9924091,11698091,0,170304,54679,40644,69604845
support,xgboost,intel,1000,16,32,1,0,1,1,1,1,1774,46297882,15741824,5817733,9924091,11698091,296950489,0,54679,40644,69604845
support,xgboost,intel,1000,16,32,0,1,1,1,1,1,1774,46834761,15885496,0,15885496,12033881,0,170304,54679,40644,69604845
support,xgboost,intel,1000,16,32,1,1,1,1,1,1,1774,46834761,15885496,0,15885496,12033881,296950489,0,54679,40644,69604845
support,lightgbm,intel,500,4,16,0,0,0,0,0,0,1774,2993787,638475,134413,504062,1391062,0,113536,3697,21600,1177061
support,lightgbm,intel,500,4,16,1,0,0,0,0,0,1774,2993787,638475,134413,504062,1391062,8900261,0,3697,21600,1177061
support,lightgbm,intel,500,4,16,0,1,0,0,0,0,1774,2995289,638617,0,638617,1394625,0,113536,3697,21600,1177061
support,lightgbm,intel,500,4,16,1,1,0,0,0,0,1774,2995289,638617,0,638617,1394625,8900261,0,3697,21600,1177061
support,lightgbm,intel,500,4,16,0,0,1,0,0,0,1774,2993787,638475,134413,504062,1391062,0,113536,3697,21600,1177061
support,lightgbm,intel,500,4,16,1,0,1,0,0,0,1774,2993787,638475,134413,504062,1391062,8900261,0,3697,21600,1177061
support,lightgbm,intel,500,4,16,0,1,1,0,0,0,1774,2995289,638617,0,638617,1394625,0,113536,3697,21600,1177061
support,lightgbm,intel,500,4,16,1,1,1,0,0,0,1774,2995289,638617,0,638617,1394625,8900261,0,3697,21600,1177061
support,lightgbm,intel,500,4,16,0,0,0,0,0,1,1774,2993787,638475,134413,504062,1391062,0,113536,2024,21604,1177061
support,lightgbm,intel,500,4,16,0,0,0,0,1,0,1774,3644354,638475,134413,504062,1391062,0,113536,1882,21600,1177061
support,lightgbm,intel,500,4,16,0,0,0,0,1,1,1774,3644354,638475,134413,504062,1391062,0,113536,1513,21604,1177061
support,lightgbm,intel,500,4,16,0,0,0,1,0,0,1774,2993787,638475,134413,504062,1391062,0,113536,1323,21612,1177061
support,lightgbm,intel,500,4,16,0,0,0,1,0,1,1774,2993787,638475,134413,504062,1391062,0,113536,1249,21612,1177061
support,lightgbm,intel,500,4,16,0,0,0,1,1,0,1774,3644354,638475,134413,504062,1391062,0,113536,1215,21612,1177061
support,lightgbm,intel,500,4,16,0,0,0,1,1,1,1774,3644354,638475,134413,504062,1391062,0,113536,1068,21612,1177061
support,xgboost,intel,500,4,16,0,0,0,0,0,0,1774,3011229,651307,138082,513225,1400225,0,85152,1566,21604,1097773
support,xgboost,intel,500,4,16,1,0,0,0,0,0,1774,3011229,651307,138082,513225,1400225,8971954,0,1566,21604,1097773
support,xgboost,intel,500,4,16,0,1,0,0,0,0,1774,3013044,651788,0,651788,1403629,0,85152,1566,21604,1097773
support,xgboost,intel,500,4,16,1,1,0,0,0,0,1774,3013044,651788,0,651788,1403629,8971954,0,1566,21604,1097773
support,xgboost,intel,500,4,16,0,0,1,0,0,0,1774,3011229,651307,138082,513225,1400225,0,85152,1566,21604,1097773
support,xgboost,intel,500,4,16,1,0,1,0,0,0,1774,3011229,651307,138082,513225,1400225,8971954,0,1566,21604,1097773
support,xgboost,intel,500,4,16,0,1,1,0,0,0,1774,3013044,651788,0,651788,1403629,0,85152,1566,21604,1097773
support,xgboost,intel,500,4,16,1,1,1,0,0,0,1774,3013044,651788,0,651788,1403629,8971954,0,1566,21604,1097773
support,xgboost,intel,500,4,16,0,0,0,0,0,1,1774,3011229,651307,138082,513225,1400225,0,85152,1774,21608,1097773
support,xgboost,intel,500,4,16,0,0,0,0,1,0,1774,3715595,651307,138082,513225,1400225,0,85152,1594,21604,1097773
support,xgboost,intel,500,4,16,0,0,0,0,1,1,1774,3715595,651307,138082,513225,1400225,0,85152,1540,21608,1097773
support,xgboost,intel,500,4,16,0,0,0,1,0,0,1774,3011229,651307,138082,513225,1400225,0,85152,1434,21616,1097773
support,xgboost,intel,500,4,16,0,0,0,1,0,1,1774,3011229,651307,138082,513225,1400225,0,85152,1295,21616,1097773
support,xgboost,intel,500,4,16,0,0,0,1,1,0,1774,3715595,651307,138082,513225,1400225,0,85152,1196,21616,1097773
support,xgboost,intel,500,4,16,0,0,0,1,1,1,1774,3715595,651307,138082,513225,1400225,0,85152,1204,21616,1097773
support,lightgbm,intel,500,8,128,0,0,0,0,0,0,1774,9943842,2244751,533189,1711562,2598562,0,737984,11839,49124,10904677
support,lightgbm,intel,500,8,128,1,0,0,0,0,0,1774,9943842,2244751,533189,1711562,2598562,154529953,0,11839,49124,10904677
support,lightgbm,intel,500,8,128,0,1,0,0,0,0,1774,9963793,2248343,0,2248343,2615720,0,737984,11839,49124,10904677
support,lightgbm,intel,500,8,128,1,1,0,0,0,0,1774,9963793,2248343,0,2248343,2615720,154529953,0,11839,49124,10904677
support,lightgbm,intel,500,8,128,0,0,1,0,0,0,1774,9943842,2244751,533189,1711562,2598562,0,737984,11839,49124,10904677
support,lightgbm,intel,500,8,128,1,0,1,0,0,0,1774,9943842,2244751,533189,1711562,2598562,154529953,0,11839,49124,10904677
support,lightgbm,intel,500,8,128,0,1,1,0,0,0,1774,9963793,2248343,0,2248343,2615720,0,737984,11839,49124,10904677
support,lightgbm,intel,500,8,128,1,1,1,0,0,0,1774,9963793,2248343,0,2248343,2615720,154529953,0,11839,49124,10904677
support,lightgbm,intel,500,8,128,0,0,0,0,0,1,1774,9943842,2244751,533189,1711562,2598562,0,737984,10978,49128,10904677
support,lightgbm,intel,500,8,128,0,0,0,0,1,0,1774,10441145,2244751,533189,1711562,2598562,0,737984,10633,49124,10904677
support,lightgbm,intel,500,8,128,0,0,0,0,1,1,1774,10441145,2244751,533189,1711562,2598562,0,737984,10786,49128,10904677
support,lightgbm,intel,500,8,128,0,0,0,1,0,0,1774,9943842,2244751,533189,1711562,2598562,0,737984,9854,49132,10904677
support,lightgbm,intel,500,8,128,0,0,0,1,0,1,1774,9943842,2244751,533189,1711562,2598562,0,737984,10241,49132,10904677
support,lightgbm,intel,500,8,128,0,0,0,1,1,0,1774,10441145,2244751,533189,1711562,2598562,0,737984,10728,49132,10904677
support,lightgbm,intel,500,8,128,0,0,0,1,1,1,1774,10441145,2244751,533189,1711562,2598562,0,737984,10264,49132,10904677
support,xgboost,intel,500,8,128,0,0,0,0,0,0,1774,9568511,2323840,544371,1779469,2666469,0,553488,10186,48728,8047981
support,xgboost,intel,500,8,128,1,0,0,0,0,0,1774,9568511,2323840,544371,1779469,2666469,157022483,0,10186,48728,8047981
support,xgboost,intel,500,8,128,0,1,0,0,0,0,1774,9595977,2327878,0,2327878,2690718,0,553488,10186,48728,8047981
support,xgboost,intel,500,8,128,1,1,0,0,0,0,1774,9595977,2327878,0,2327878,2690718,157022483,0,10186,48728,8047981
support,xgboost,intel,500,8,128,0,0,1,0,0,0,1774,9568511,2323840,544371,1779469,2666469,0,553488,10186,48728,8047981
support,xgboost,intel,500,8,128,1,0,1,0,0,0,1774,9568511,2323840,544371,1779469,2666469,157022483,0,10186,48728,8047981
support,xgboost,intel,500,8,128,0,1,1,0,0,0,1774,9595977,2327878,0,2327878,2690718,0,553488,10186,48728,8047981
support,xgboost,intel,500,8,128,1,1,1,0,0,0,1774,9595977,2327878,0,2327878,2690718,157022483,0,10186,48728,8047981
support,xgboost,intel,500,8,128,0,0,0,0,0,1,1774,9568511,2323840,544371,1779469,2666469,0,553488,10124,48732,8047981
support,xgboost,intel,500,8,128,0,0,0,0,1,0,1774,10328431,2323840,544371,1779469,2666469,0,553488,9715,48728,8047981
support,xgboost,intel,500,8,128,0,0,0,0,1,1,1774,10328431,2323840,544371,1779469,2666469,0,553488,9629,48732,8047981
support,xgboost,intel,500,8,128,0,0,0,1,0,0,1774,9568511,2323840,544371,1779469,2666469,0,553488,9264,48736,8047981
support,xgboost,intel,500,8,128,0,0,0,1,0,1,1774,9568511,2323840,544371,1779469,2666469,0,553488,8191,48736,8047981
support,xgboost,intel,500,8,128,0,0,0,1,1,0,1774,10328431,2323840,544371,1779469,2666469,0,553488,8070,48736,8047981
support,xgboost,intel,500,8,128,0,0,0,1,1,1,1774,10328431,2323840,544371,1779469,2666469,0,553488,8110,48736,8047981
support,lightgbm,intel,500,8,16,0,0,0,0,0,0,1774,9343484,2037856,871530,1166326,2053326,0,113536,10225,23044,8741273
support,lightgbm,intel,500,8,16,1,0,0,0,0,0,1774,9343484,2037856,871530,1166326,2053326,23519774,0,10225,23044,8741273
support,lightgbm,intel,500,8,16,0,1,0,0,0,0,1774,9373412,2042674,0,2042674,2071168,0,113536,10225,23044,8741273
support,lightgbm,intel,500,8,16,1,1,0,0,0,0,1774,9373412,2042674,0,2042674,2071168,23519774,0,10225,23044,8741273
support,lightgbm,intel,500,8,16,0,0,1,0,0,0,1774,9343484,2037856,871530,1166326,2053326,0,113536,10225,23044,8741273
support,lightgbm,intel,500,8,16,1,0,1,0,0,0,1774,9343484,2037856,871530,1166326,2053326,23519774,0,10225,23044,8741273
support,lightgbm,intel,500,8,16,0,1,1,0,0,0,1774,9373412,2042674,0,2042674,2071168,0,113536,10225,23044,8741273
support,lightgbm,intel,500,8,16,1,1,1,0,0,0,1774,9373412,2042674,0,2042674,2071168,23519774,0,10225,23044,8741273
support,lightgbm,intel,500,8,16,0,0,0,0,0,1,1774,9343484,2037856,871530,1166326,2053326,0,113536,8310,23048,8741273
support,lightgbm,intel,500,8,16,1,0,0,0,0,1,1774,9343484,2037856,871530,1166326,2053326,23519774,0,8310,23048,8741273
support,lightgbm,intel,500,8,16,0,1,0,0,0,1,1774,9373412,2042674,0,2042674,2071168,0,113536,8310,23048,8741273
support,lightgbm,intel,500,8,16,1,1,0,0,0,1,1774,9373412,2042674,0,2042674,2071168,23519774,0,8310,23048,8741273
support,lightgbm,intel,500,8,16,0,0,1,0,0,1,1774,9343484,2037856,871530,1166326,2053326,0,113536,8310,23048,8741273
support,lightgbm,intel,500,8,16,1,0,1,0,0,1,1774,9343484,2037856,871530,1166326,2053326,23519774,0,8310,23048,8741273
support,lightgbm,intel,500,8,16,0,1,1,0,0,1,1774,9373412,2042674,0,2042674,2071168,0,113536,8310,23048,8741273
support,lightgbm,intel,500,8,16,1,1,1,0,0,1,1774,9373412,2042674,0,2042674,2071168,23519774,0,8310,23048,8741273
support,lightgbm,intel,500,8,16,0,0,0,0,1,0,1774,9872874,2037856,871530,1166326,2053326,0,113536,8301,23044,8741273
support,lightgbm,intel,500,8,16,1,0,0,0,1,0,1774,9872874,2037856,871530,1166326,2053326,23519774,0,8301,23044,8741273
support,lightgbm,intel,500,8,16,0,1,0,0,1,0,1774,9902802,2042674,0,2042674,2071168,0,113536,8301,23044,8741273
support,lightgbm,intel,500,8,16,1,1,0,0,1,0,1774,9902802,2042674,0,2042674,2071168,23519774,0,8301,23044,8741273
support,lightgbm,intel,500,8,16,0,0,1,0,1,0,1774,9872874,2037856,871530,1166326,2053326,0,113536,8301,23044,8741273
support,lightgbm,intel,500,8,16,1,0,1,0,1,0,1774,9872874,2037856,871530,1166326,2053326,23519774,0,8301,23044,8741273
support,lightgbm,intel,500,8,16,0,1,1,0,1,0,1774,9902802,2042674,0,2042674,2071168,0,113536,8301,23044,8741273
support,lightgbm,intel,500,8,16,1,1,1,0,1,0,1774,9902802,2042674,0,2042674,2071168,23519774,0,8301,23044,8741273
support,lightgbm,intel,500,8,16,0,0,0,0,1,1,1774,9872874,2037856,871530,1166326,2053326,0,113536,8101,23048,8741273
support,lightgbm,intel,500,8,16,1,0,0,0,1,1,1774,9872874,2037856,871530,1166326,2053326,23519774,0,8101,23048,8741273
support,lightgbm,intel,500,8,16,0,1,0,0,1,1,1774,9902802,2042674,0,2042674,2071168,0,113536,8101,23048,8741273
support,lightgbm,intel,500,8,16,1,1,0,0,1,1,1774,9902802,2042674,0,2042674,2071168,23519774,0,8101,23048,8741273
support,lightgbm,intel,500,8,16,0,0,1,0,1,1,1774,9872874,2037856,871530,1166326,2053326,0,113536,8101,23048,8741273
support,lightgbm,intel,500,8,16,1,0,1,0,1,1,1774,9872874,2037856,871530,1166326,2053326,23519774,0,8101,23048,8741273
support,lightgbm,intel,500,8,16,0,1,1,0,1,1,1774,9902802,2042674,0,2042674,2071168,0,113536,8101,23048,8741273
support,lightgbm,intel,500,8,16,1,1,1,0,1,1,1774,9902802,2042674,0,2042674,2071168,23519774,0,8101,23048,8741273
support,lightgbm,intel,500,8,16,0,0,0,1,0,0,1774,9343484,2037856,871530,1166326,2053326,0,113536,7826,23052,8741273
support,lightgbm,intel,500,8,16,1,0,0,1,0,0,1774,9343484,2037856,871530,1166326,2053326,23519774,0,7826,23052,8741273
support,lightgbm,intel,500,8,16,0,1,0,1,0,0,1774,9373412,2042674,0,2042674,2071168,0,113536,7826,23052,8741273
support,lightgbm,intel,500,8,16,1,1,0,1,0,0,1774,9373412,2042674,0,2042674,2071168,23519774,0,7826,23052,8741273
support,lightgbm,intel,500,8,16,0,0,1,1,0,0,1774,9343484,2037856,871530,1166326,2053326,0,113536,7826,23052,8741273
support,lightgbm,intel,500,8,16,1,0,1,1,0,0,1774,9343484,2037856,871530,1166326,2053326,23519774,0,7826,23052,8741273
support,lightgbm,intel,500,8,16,0,1,1,1,0,0,1774,9373412,2042674,0,2042674,2071168,0,113536,7826,23052,8741273
support,lightgbm,intel,500,8,16,1,1,1,1,0,0,1774,9373412,2042674,0,2042674,2071168,23519774,0,7826,23052,8741273
support,lightgbm,intel,500,8,16,0,0,0,1,0,1,1774,9343484,2037856,871530,1166326,2053326,0,113536,6805,23052,8741273
support,lightgbm,intel,500,8,16,1,0,0,1,0,1,1774,9343484,2037856,871530,1166326,2053326,23519774,0,6805,23052,8741273
support,lightgbm,intel,500,8,16,0,1,0,1,0,1,1774,9373412,2042674,0,2042674,2071168,0,113536,6805,23052,8741273
support,lightgbm,intel,500,8,16,1,1,0,1,0,1,1774,9373412,2042674,0,2042674,2071168,23519774,0,6805,23052,8741273
support,lightgbm,intel,500,8,16,0,0,1,1,0,1,1774,9343484,2037856,871530,1166326,2053326,0,113536,6805,23052,8741273
support,lightgbm,intel,500,8,16,1,0,1,1,0,1,1774,9343484,2037856,871530,1166326,2053326,23519774,0,6805,23052,8741273
support,lightgbm,intel,500,8,16,0,1,1,1,0,1,1774,9373412,2042674,0,2042674,2071168,0,113536,6805,23052,8741273
support,lightgbm,intel,500,8,16,1,1,1,1,0,1,1774,9373412,2042674,0,2042674,2071168,23519774,0,6805,23052,8741273
support,lightgbm,intel,500,8,16,0,0,0,1,1,0,1774,9872874,2037856,871530,1166326,2053326,0,113536,6252,23052,8741273
support,lightgbm,intel,500,8,16,1,0,0,1,1,0,1774,9872874,2037856,871530,1166326,2053326,23519774,0,6252,23052,8741273
support,lightgbm,intel,500,8,16,0,1,0,1,1,0,1774,9902802,2042674,0,2042674,2071168,0,113536,6252,23052,8741273
support,lightgbm,intel,500,8,16,1,1,0,1,1,0,1774,9902802,2042674,0,2042674,2071168,23519774,0,6252,23052,8741273
support,lightgbm,intel,500,8,16,0,0,1,1,1,0,1774,9872874,2037856,871530,1166326,2053326,0,113536,6252,23052,8741273
support,lightgbm,intel,500,8,16,1,0,1,1,1,0,1774,9872874,2037856,871530,1166326,2053326,23519774,0,6252,23052,8741273
support,lightgbm,intel,500,8,16,0,1,1,1,1,0,1774,9902802,2042674,0,2042674,2071168,0,113536,6252,23052,8741273
support,lightgbm,intel,500,8,16,1,1,1,1,1,0,1774,9902802,2042674,0,2042674,2071168,23519774,0,6252,23052,8741273
support,lightgbm,intel,500,8,16,0,0,0,1,1,1,1774,9872874,2037856,871530,1166326,2053326,0,113536,6777,23052,8741273
support,lightgbm,intel,500,8,16,1,0,0,1,1,1,1774,9872874,2037856,871530,1166326,2053326,23519774,0,6777,23052,8741273
support,lightgbm,intel,500,8,16,0,1,0,1,1,1,1774,9902802,2042674,0,2042674,2071168,0,113536,6777,23052,8741273
support,lightgbm,intel,500,8,16,1,1,0,1,1,1,1774,9902802,2042674,0,2042674,2071168,23519774,0,6777,23052,8741273
support,lightgbm,intel,500,8,16,0,0,1,1,1,1,1774,9872874,2037856,871530,1166326,2053326,0,113536,6777,23052,8741273
support,lightgbm,intel,500,8,16,1,0,1,1,1,1,1774,9872874,2037856,871530,1166326,2053326,23519774,0,6777,23052,8741273
support,lightgbm,intel,500,8,16,0,1,1,1,1,1,1774,9902802,2042674,0,2042674,2071168,0,113536,6777,23052,8741273
support,lightgbm,intel,500,8,16,1,1,1,1,1,1,1774,9902802,2042674,0,2042674,2071168,23519774,0,6777,23052,8741273
support,xgboost,intel,500,8,16,0,0,0,0,0,0,1774,9054250,1922863,797996,1124867,2011867,0,85152,7900,23016,7814689
support,xgboost,intel,500,8,16,1,0,0,0,0,0,1774,9054250,1922863,797996,1124867,2011867,21998940,0,7900,23016,7814689
support,xgboost,intel,500,8,16,0,1,0,0,0,0,1774,9090407,1929615,0,1929615,2030548,0,85152,7900,23016,7814689
support,xgboost,intel,500,8,16,1,1,0,0,0,0,1774,9090407,1929615,0,1929615,2030548,21998940,0,7900,23016,7814689
support,xgboost,intel,500,8,16,0,0,1,0,0,0,1774,9054250,1922863,797996,1124867,2011867,0,85152,7900,23016,7814689
support,xgboost,intel,500,8,16,1,0,1,0,0,0,1774,9054250,1922863,797996,1124867,2011867,21998940,0,7900,23016,7814689
support,xgboost,intel,500,8,16,0,1,1,0,0,0,1774,9090407,1929615,0,1929615,2030548,0,85152,7900,23016,7814689
support,xgboost,intel,500,8,16,1,1,1,0,0,0,1774,9090407,1929615,0,1929615,2030548,21998940,0,7900,23016,7814689
support,xgboost,intel,500,8,16,0,0,0,0,0,1,1774,9054250,1922863,797996,1124867,2011867,0,85152,8088,23020,7814689
support,xgboost,intel,500,8,16,1,0,0,0,0,1,1774,9054250,1922863,797996,1124867,2011867,21998940,0,8088,23020,7814689
support,xgboost,intel,500,8,16,0,1,0,0,0,1,1774,9090407,1929615,0,1929615,2030548,0,85152,8088,23020,7814689
support,xgboost,intel,500,8,16,1,1,0,0,0,1,1774,9090407,1929615,0,1929615,2030548,21998940,0,8088,23020,7814689
support,xgboost,intel,500,8,16,0,0,1,0,0,1,1774,9054250,1922863,797996,1124867,2011867,0,85152,8088,23020,7814689
support,xgboost,intel,500,8,16,1,0,1,0,0,1,1774,9054250,1922863,797996,1124867,2011867,21998940,0,8088,23020,7814689
support,xgboost,intel,500,8,16,0,1,1,0,0,1,1774,9090407,1929615,0,1929615,2030548,0,85152,8088,23020,7814689
support,xgboost,intel,500,8,16,1,1,1,0,0,1,1774,9090407,1929615,0,1929615,2030548,21998940,0,8088,23020,7814689
support,xgboost,intel,500,8,16,0,0,0,0,1,0,1774,9697781,1922863,797996,1124867,2011867,0,85152,7941,23016,7814689
support,xgboost,intel,500,8,16,1,0,0,0,1,0,1774,9697781,1922863,797996,1124867,2011867,21998940,0,7941,23016,7814689
support,xgboost,intel,500,8,16,0,1,0,0,1,0,1774,9733938,1929615,0,1929615,2030548,0,85152,7941,23016,7814689
support,xgboost,intel,500,8,16,1,1,0,0,1,0,1774,9733938,1929615,0,1929615,2030548,21998940,0,7941,23016,7814689
support,xgboost,intel,500,8,16,0,0,1,0,1,0,1774,9697781,1922863,797996,1124867,2011867,0,85152,7941,23016,7814689
support,xgboost,intel,500,8,16,1,0,1,0,1,0,1774,9697781,1922863,797996,1124867,2011867,21998940,0,7941,23016,7814689
support,xgboost,intel,500,8,16,0,1,1,0,1,0,1774,9733938,1929615,0,1929615,2030548,0,85152,7941,23016,7814689
support,xgboost,intel,500,8,16,1,1,1,0,1,0,1774,9733938,1929615,0,1929615,2030548,21998940,0,7941,23016,7814689
support,xgboost,intel,500,8,16,0,0,0,0,1,1,1774,9697781,1922863,797996,1124867,2011867,0,85152,8014,23020,7814689
support,xgboost,intel,500,8,16,1,0,0,0,1,1,1774,9697781,1922863,797996,1124867,2011867,21998940,0,8014,23020,7814689
support,xgboost,intel,500,8,16,0,1,0,0,1,1,1774,9733938,1929615,0,1929615,2030548,0,85152,8014,23020,7814689
support,xgboost,intel,500,8,16,1,1,0,0,1,1,1774,9733938,1929615,0,1929615,2030548,21998940,0,8014,23020,7814689
support,xgboost,intel,500,8,16,0,0,1,0,1,1,1774,9697781,1922863,797996,1124867,2011867,0,85152,8014,23020,7814689
support,xgboost,intel,500,8,16,1,0,1,0,1,1,1774,9697781,1922863,797996,1124867,2011867,21998940,0,8014,23020,7814689
support,xgboost,intel,500,8,16,0,1,1,0,1,1,1774,9733938,1929615,0,1929615,2030548,0,85152,8014,23020,7814689
support,xgboost,intel,500,8,16,1,1,1,0,1,1,1774,9733938,1929615,0,1929615,2030548,21998940,0,8014,23020,7814689
support,xgboost,intel,500,8,16,0,0,0,1,0,0,1774,9054250,1922863,797996,1124867,2011867,0,85152,7583,23020,7814689
support,xgboost,intel,500,8,16,1,0,0,1,0,0,1774,9054250,1922863,797996,1124867,2011867,21998940,0,7583,23020,7814689
support,xgboost,intel,500,8,16,0,1,0,1,0,0,1774,9090407,1929615,0,1929615,2030548,0,85152,7583,23020,7814689
support,xgboost,intel,500,8,16,1,1,0,1,0,0,1774,9090407,1929615,0,1929615,2030548,21998940,0,7583,23020,7814689
support,xgboost,intel,500,8,16,0,0,1,1,0,0,1774,9054250,1922863,797996,1124867,2011867,0,85152,7583,23020,7814689
support,xgboost,intel,500,8,16,1,0,1,1,0,0,1774,9054250,1922863,797996,1124867,2011867,21998940,0,7583,23020,7814689
support,xgboost,intel,500,8,16,0,1,1,1,0,0,1774,9090407,1929615,0,1929615,2030548,0,85152,7583,23020,7814689
support,xgboost,intel,500,8,16,1,1,1,1,0,0,1774,9090407,1929615,0,1929615,2030548,21998940,0,7583,23020,7814689
support,xgboost,intel,500,8,16,0,0,0,1,0,1,1774,9054250,1922863,797996,1124867,2011867,0,85152,6410,23020,7814689
support,xgboost,intel,500,8,16,1,0,0,1,0,1,1774,9054250,1922863,797996,1124867,2011867,21998940,0,6410,23020,7814689
support,xgboost,intel,500,8,16,0,1,0,1,0,1,1774,9090407,1929615,0,1929615,2030548,0,85152,6410,23020,7814689
support,xgboost,intel,500,8,16,1,1,0,1,0,1,1774,9090407,1929615,0,1929615,2030548,21998940,0,6410,23020,7814689
support,xgboost,intel,500,8,16,0,0,1,1,0,1,1774,9054250,1922863,797996,1124867,2011867,0,85152,6410,23020,7814689
support,xgboost,intel,500,8,16,1,0,1,1,0,1,1774,9054250,1922863,797996,1124867,2011867,21998940,0,6410,23020,7814689
support,xgboost,intel,500,8,16,0,1,1,1,0,1,1774,9090407,1929615,0,1929615,2030548,0,85152,6410,23020,7814689
support,xgboost,intel,500,8,16,1,1,1,1,0,1,1774,9090407,1929615,0,1929615,2030548,21998940,0,6410,23020,7814689
support,xgboost,intel,500,8,16,0,0,0,1,1,0,1774,9697781,1922863,797996,1124867,2011867,0,85152,6555,23020,7814689
support,xgboost,intel,500,8,16,1,0,0,1,1,0,1774,9697781,1922863,797996,1124867,2011867,21998940,0,6555,23020,7814689
support,xgboost,intel,500,8,16,0,1,0,1,1,0,1774,9733938,1929615,0,1929615,2030548,0,85152,6555,23020,7814689
support,xgboost,intel,500,8,16,1,1,0,1,1,0,1774,9733938,1929615,0,1929615,2030548,21998940,0,6555,23020,7814689
support,xgboost,intel,500,8,16,0,0,1,1,1,0,1774,9697781,1922863,797996,1124867,2011867,0,85152,6555,23020,7814689
support,xgboost,intel,500,8,16,1,0,1,1,1,0,1774,9697781,1922863,797996,1124867,2011867,21998940,0,6555,23020,7814689
support,xgboost,intel,500,8,16,0,1,1,1,1,0,1774,9733938,1929615,0,1929615,2030548,0,85152,6555,23020,7814689
support,xgboost,intel,500,8,16,1,1,1,1,1,0,1774,9733938,1929615,0,1929615,2030548,21998940,0,6555,23020,7814689
support,xgboost,intel,500,8,16,0,0,0,1,1,1,1774,9697781,1922863,797996,1124867,2011867,0,85152,6717,23020,7814689
support,xgboost,intel,500,8,16,1,0,0,1,1,1,1774,9697781,1922863,797996,1124867,2011867,21998940,0,6717,23020,7814689
support,xgboost,intel,500,8,16,0,1,0,1,1,1,1774,9733938,1929615,0,1929615,2030548,0,85152,6717,23020,7814689
support,xgboost,intel,500,8,16,1,1,0,1,1,1,1774,9733938,1929615,0,1929615,2030548,21998940,0,6717,23020,7814689
support,xgboost,intel,500,8,16,0,0,1,1,1,1,1774,9697781,1922863,797996,1124867,2011867,0,85152,6717,23020,7814689
support,xgboost,intel,500,8,16,1,0,1,1,1,1,1774,9697781,1922863,797996,1124867,2011867,21998940,0,6717,23020,7814689
support,xgboost,intel,500,8,16,0,1,1,1,1,1,1774,9733938,1929615,0,1929615,2030548,0,85152,6717,23020,7814689
support,xgboost,intel,500,8,16,1,1,1,1,1,1,1774,9733938,1929615,0,1929615,2030548,21998940,0,6717,23020,7814689
support,lightgbm,intel,500,8,4,0,0,0,0,0,0,1774,9193498,1613775,866662,747113,1634113,0,28384,6392,19048,6121009
support,lightgbm,intel,500,8,4,1,0,0,0,0,0,1774,9193498,1613775,866662,747113,1634113,4774240,0,6392,19048,6121009
support,lightgbm,intel,500,8,4,0,1,0,0,0,0,1774,9241416,1617386,0,1617386,1654018,0,28384,6392,19048,6121009
support,lightgbm,intel,500,8,4,1,1,0,0,0,0,1774,9241416,1617386,0,1617386,1654018,4774240,0,6392,19048,6121009
support,lightgbm,intel,500,8,4,0,0,1,0,0,0,1774,9193498,1613775,866662,747113,1634113,0,28384,6392,19048,6121009
support,lightgbm,intel,500,8,4,1,0,1,0,0,0,1774,9193498,1613775,866662,747113,1634113,4774240,0,6392,19048,6121009
support,lightgbm,intel,500,8,4,0,1,1,0,0,0,1774,9241416,1617386,0,1617386,1654018,0,28384,6392,19048,6121009
support,lightgbm,intel,500,8,4,1,1,1,0,0,0,1774,9241416,1617386,0,1617386,1654018,4774240,0,6392,19048,6121009
support,lightgbm,intel,500,8,4,0,0,0,0,0,1,1774,9193498,1613775,866662,747113,1634113,0,28384,6198,19052,6121009
support,lightgbm,intel,500,8,4,0,0,0,0,1,0,1774,9553635,1613775,866662,747113,1634113,0,28384,5856,19048,6121009
support,lightgbm,intel,500,8,4,0,0,0,0,1,1,1774,9553635,1613775,866662,747113,1634113,0,28384,5676,19052,6121009
support,lightgbm,intel,500,8,4,0,0,0,1,0,0,1774,9193498,1613775,866662,747113,1634113,0,28384,5343,19060,6121009
support,lightgbm,intel,500,8,4,0,0,0,1,0,1,1774,9193498,1613775,866662,747113,1634113,0,28384,4912,19060,6121009
support,lightgbm,intel,500,8,4,0,0,0,1,1,0,1774,9553635,1613775,866662,747113,1634113,0,28384,4727,19060,6121009
support,lightgbm,intel,500,8,4,0,0,0,1,1,1,1774,9553635,1613775,866662,747113,1634113,0,28384,4664,19060,6121009
support,xgboost,intel,500,8,4,0,0,0,0,0,0,1774,8857609,1414693,712189,702504,1589504,0,21288,6877,19440,7415341
support,xgboost,intel,500,8,4,1,0,0,0,0,0,1774,8857609,1414693,712189,702504,1589504,4362634,0,6877,19440,7415341
support,xgboost,intel,500,8,4,0,1,0,0,0,0,1774,8899166,1417189,0,1417189,1606905,0,21288,6877,19440,7415341
support,xgboost,intel,500,8,4,1,1,0,0,0,0,1774,8899166,1417189,0,1417189,1606905,4362634,0,6877,19440,7415341
support,xgboost,intel,500,8,4,0,0,1,0,0,0,1774,8857609,1414693,712189,702504,1589504,0,21288,6877,19440,7415341
support,xgboost,intel,500,8,4,1,0,1,0,0,0,1774,8857609,1414693,712189,702504,1589504,4362634,0,6877,19440,7415341
support,xgboost,intel,500,8,4,0,1,1,0,0,0,1774,8899166,1417189,0,1417189,1606905,0,21288,6877,19440,7415341
support,xgboost,intel,500,8,4,1,1,1,0,0,0,1774,8899166,1417189,0,1417189,1606905,4362634,0,6877,19440,7415341
support,xgboost,intel,500,8,4,0,0,0,0,0,1,1774,8857609,1414693,712189,702504,1589504,0,21288,7381,19444,7415341
support,xgboost,intel,500,8,4,0,0,0,0,1,0,1774,9390228,1414693,712189,702504,1589504,0,21288,7006,19440,7415341
support,xgboost,intel,500,8,4,0,0,0,0,1,1,1774,9390228,1414693,712189,702504,1589504,0,21288,6814,19444,7415341
support,xgboost,intel,500,8,4,0,0,0,1,0,0,1774,8857609,1414693,712189,702504,1589504,0,21288,6387,19444,7415341
support,xgboost,intel,500,8,4,0,0,0,1,0,1,1774,8857609,1414693,712189,702504,1589504,0,21288,5265,19444,7415341
support,xgboost,intel,500,8,4,0,0,0,1,1,0,1774,9390228,1414693,712189,702504,1589504,0,21288,5205,19444,7415341
support,xgboost,intel,500,8,4,0,0,0,1,1,1,1774,9390228,1414693,712189,702504,1589504,0,21288,5607,19444,7415341
support,lightgbm,intel,500,8,64,0,0,0,0,0,0,1774,9432782,2126847,628848,1497999,2384999,0,411568,10070,35592,10403133
support,lightgbm,intel,500,8,64,1,0,0,0,0,0,1774,9432782,2126847,628848,1497999,2384999,85428681,0,10070,35592,10403133
support,lightgbm,intel,500,8,64,0,1,0,0,0,0,1774,9475199,2132858,0,2132858,2404585,0,411568,10070,35592,10403133
support,lightgbm,intel,500,8,64,1,1,0,0,0,0,1774,9475199,2132858,0,2132858,2404585,85428681,0,10070,35592,10403133
support,lightgbm,intel,500,8,64,0,0,1,0,0,0,1774,9432782,2126847,628848,1497999,2384999,0,411568,10070,35592,10403133
support,lightgbm,intel,500,8,64,1,0,1,0,0,0,1774,9432782,2126847,628848,1497999,2384999,85428681,0,10070,35592,10403133
support,lightgbm,intel,500,8,64,0,1,1,0,0,0,1774,9475199,2132858,0,2132858,2404585,0,411568,10070,35592,10403133
support,lightgbm,intel,500,8,64,1,1,1,0,0,0,1774,9475199,2132858,0,2132858,2404585,85428681,0,10070,35592,10403133
support,lightgbm,intel,500,8,64,0,0,0,0,0,1,1774,9432782,2126847,628848,1497999,2384999,0,411568,10246,35596,10403133
support,lightgbm,intel,500,8,64,0,0,0,0,1,0,1774,9930435,2126847,628848,1497999,2384999,0,411568,9377,35592,10403133
support,lightgbm,intel,500,8,64,0,0,0,0,1,1,1774,9930435,2126847,628848,1497999,2384999,0,411568,9355,35596,10403133
support,lightgbm,intel,500,8,64,0,0,0,1,0,0,1774,9432782,2126847,628848,1497999,2384999,0,411568,8847,35600,10403133
support,lightgbm,intel,500,8,64,0,0,0,1,0,1,1774,9432782,2126847,628848,1497999,2384999,0,411568,7932,35600,10403133
support,lightgbm,intel,500,8,64,0,0,0,1,1,0,1774,9930435,2126847,628848,1497999,2384999,0,411568,7604,35600,10403133
support,lightgbm,intel,500,8,64,0,0,0,1,1,1,1774,9930435,2126847,628848,1497999,2384999,0,411568,7979,35600,10403133
support,xgboost,intel,500,8,64,0,0,0,0,0,0,1774,9753519,2504184,774753,1729431,2616431,0,308676,8429,35232,7698649
support,xgboost,intel,500,8,64,1,0,0,0,0,0,1774,9753519,2504184,774753,1729431,2616431,98987565,0,8429,35232,7698649
support,xgboost,intel,500,8,64,0,1,0,0,0,0,1774,9813921,2513359,0,2513359,2644998,0,308676,8429,35232,7698649
support,xgboost,intel,500,8,64,1,1,0,0,0,0,1774,9813921,2513359,0,2513359,2644998,98987565,0,8429,35232,7698649
support,xgboost,intel,500,8,64,0,0,1,0,0,0,1774,9753519,2504184,774753,1729431,2616431,0,308676,8429,35232,7698649
support,xgboost,intel,500,8,64,1,0,1,0,0,0,1774,9753519,2504184,774753,1729431,2616431,98987565,0,8429,35232,7698649
support,xgboost,intel,500,8,64,0,1,1,0,0,0,1774,9813921,2513359,0,2513359,2644998,0,308676,8429,35232,7698649
support,xgboost,intel,500,8,64,1,1,1,0,0,0,1774,9813921,2513359,0,2513359,2644998,98987565,0,8429,35232,7698649
support,xgboost,intel,500,8,64,0,0,0,0,0,1,1774,9753519,2504184,774753,1729431,2616431,0,308676,8892,35236,7698649
support,xgboost,intel,500,8,64,0,0,0,0,1,0,1774,10449540,2504184,774753,1729431,2616431,0,308676,8441,35232,7698649
support,xgboost,intel,500,8,64,0,0,0,0,1,1,1774,10449540,2504184,774753,1729431,2616431,0,308676,8546,35264,7698649
support,xgboost,intel,500,8,64,0,0,0,1,0,0,1774,9753519,2504184,774753,1729431,2616431,0,308676,7760,35264,7698649
support,xgboost,intel,500,8,64,0,0,0,1,0,1,1774,9753519,2504184,774753,1729431,2616431,0,308676,6936,35264,7698649
support,xgboost,intel,500,8,64,0,0,0,1,1,0,1774,10449540,2504184,774753,1729431,2616431,0,308676,6647,35264,7698649
support,xgboost,intel,500,8,64,0,0,0,1,1,1,1774,10449540,2504184,774753,1729431,2616431,0,308676,6102,35264,7698649
support,lightgbm,intel,50,4,1,0,0,0,0,0,0,1774,234959,0,0,0,88700,0,0,1846,17076,122963
support,lightgbm,intel,50,4,1,1,0,0,0,0,0,1774,234959,0,0,0,88700,0,0,1846,17076,122963
support,lightgbm,intel,50,4,1,0,1,0,0,0,0,1774,234959,0,0,0,88700,0,0,1846,17076,122963
support,lightgbm,intel,50,4,1,1,1,0,0,0,0,1774,234959,0,0,0,88700,0,0,1846,17076,122963
support,lightgbm,intel,50,4,1,0,0,1,0,0,0,1774,234959,0,0,0,88700,0,0,1846,17076,122963
support,lightgbm,intel,50,4,1,1,0,1,0,0,0,1774,234959,0,0,0,88700,0,0,1846,17076,122963
support,lightgbm,intel,50,4,1,0,1,1,0,0,0,1774,234959,0,0,0,88700,0,0,1846,17076,122963
support,lightgbm,intel,50,4,1,1,1,1,0,0,0,1774,234959,0,0,0,88700,0,0,1846,17076,122963
support,lightgbm,intel,50,4,1,0,0,0,0,0,1,1774,234959,0,0,0,88700,0,0,453,17076,122963
support,lightgbm,intel,50,4,1,0,0,0,0,1,0,1774,350101,0,0,0,88700,0,0,368,17076,122963
support,lightgbm,intel,50,4,1,0,0,0,0,1,1,1774,350101,0,0,0,88700,0,0,348,17076,122963
support,lightgbm,intel,50,4,1,0,0,0,1,0,0,1774,234959,0,0,0,88700,0,0,359,17076,122963
support,lightgbm,intel,50,4,1,0,0,0,1,0,1,1774,234959,0,0,0,88700,0,0,342,17076,122963
support,lightgbm,intel,50,4,1,0,0,0,1,1,0,1774,350101,0,0,0,88700,0,0,330,17076,122963
support,lightgbm,intel,50,4,1,0,0,0,1,1,1,1774,350101,0,0,0,88700,0,0,321,17076,122963
support,xgboost,intel,50,4,1,0,0,0,0,0,0,1774,240227,0,0,0,88700,0,0,399,17076,123951
support,xgboost,intel,50,4,1,1,0,0,0,0,0,1774,240227,0,0,0,88700,0,0,399,17076,123951
support,xgboost,intel,50,4,1,0,1,0,0,0,0,1774,240227,0,0,0,88700,0,0,399,17076,123951
support,xgboost,intel,50,4,1,1,1,0,0,0,0,1774,240227,0,0,0,88700,0,0,399,17076,123951
support,xgboost,intel,50,4,1,0,0,1,0,0,0,1774,240227,0,0,0,88700,0,0,399,17076,123951
support,xgboost,intel,50,4,1,1,0,1,0,0,0,1774,240227,0,0,0,88700,0,0,399,17076,123951
support,xgboost,intel,50,4,1,0,1,1,0,0,0,1774,240227,0,0,0,88700,0,0,399,17076,123951
support,xgboost,intel,50,4,1,1,1,1,0,0,0,1774,240227,0,0,0,88700,0,0,399,17076,123951
support,xgboost,intel,50,4,1,0,0,0,0,0,1,1774,240227,0,0,0,88700,0,0,383,17076,123951
support,xgboost,intel,50,4,1,0,0,0,0,1,0,1774,354737,0,0,0,88700,0,0,351,17076,123951
support,xgboost,intel,50,4,1,0,0,0,0,1,1,1774,354737,0,0,0,88700,0,0,340,17076,123951
support,xgboost,intel,50,4,1,0,0,0,1,0,0,1774,240227,0,0,0,88700,0,0,330,17080,123951
support,xgboost,intel,50,4,1,0,0,0,1,0,1,1774,240227,0,0,0,88700,0,0,334,17080,123951
support,xgboost,intel,50,4,1,0,0,0,1,1,0,1774,354737,0,0,0,88700,0,0,283,17080,123951
support,xgboost,intel,50,4,1,0,0,0,1,1,1,1774,354737,0,0,0,88700,0,0,280,17080,123951
